otu_id	^clo:ClementsTaxonName2019	^clo:speciescode2019	^ot:originalLabel	^ot:ottId	^ot:ottTaxonName
otu430922	Acanthisitta chloris	riflem1	Acanthisitta_chloris	1085740	Acanthisitta chloris
otu431420	Pitta brachyura	indpit1	Pitta_brachyura	269794	Pitta brachyura
otu431421	Pitta sordida	hoopit2	Pitta_sordida	44876	Pitta sordida
otu431422	Hydrornis nipalensis	blnpit1	Pitta_nipalensis	660685	Hydrornis nipalensis
otu430923	Psarisomus dalhousiae	lotbro1	Psarisomus_dalhousiae	895684	Psarisomus dalhousiae
otu431419	Serilophus lunatus	sibbro1	Serilophus_lunatus	768994	Serilophus lunatus
otu431047	Sitta frontalis	vefnut1	Sitta_frontalis	82249	Sitta frontalis
otu431048	Sitta formosa	beanut1	Sitta_formosa	3599052	Sitta formosa
otu431046	Sitta himalayensis	whtnut1	Sitta_himalayensis	82248	Sitta himalayensis
otu431045	Sitta cashmirensis	kasnut1	Sitta_cashmirensis	3599051	Sitta cashmirensis
otu431044	Sitta cinnamoventris	chbnut3	Sitta_cinnamoventris	3599049	Sitta cinnamoventris
otu431043	Sitta leucopsis	whcnut1	Sitta_leucopsis	3599048	Sitta leucopsis
otu431049	Tichodroma muraria	wallcr1	Tichodroma_muraria	452744	Tichodroma muraria
otu431050	Troglodytes troglodytes	winwre4	Troglodytes_troglodytes	259813	Troglodytes troglodytes
otu431052	Certhia discolor	bnttre1	Certhia_discolor	856514	Certhia discolor
otu431051	Certhia himalayana	battre1	Certhia_himalayana	856520	Certhia himalayana
otu431053	Certhia nipalensis	ruftre4	Certhia_nipalensis	737469	Certhia nipalensis
otu431054	Certhia familiaris	eurtre1	Certhia_familiaris	1007196	Certhia familiaris
otu430948	Sturnia malabarica	chtsta2	Sturnia_malabarica	844094	Sturnus malabaricus
otu430949	Sturnia pagodarum	brasta1	Temenuchus_pagodarum	844099	Sturnus pagodarum
otu430952	Acridotheres grandis	whvmyn1	Acridotheres_grandis	405024	Acridotheres grandis
otu430951	Acridotheres fuscus	junmyn1	Acridotheres_fuscus	595025	Acridotheres fuscus
otu430950	Acridotheres tristis	commyn	Acridotheres_tristis	80701	Sturnus tristis
otu430954	Gracupica contra	aspsta2	Gracupica_contra	3598622	Gracupica contra
otu430953	Acridotheres ginginianus	banmyn1	Acridotheres_ginginianus	405017	Acridotheres ginginianus
otu430955	Sturnus vulgaris	eursta	Sturnus_vulgaris	565813	Sturnus vulgaris
otu430956	no_match	no_match	Saroglossa_spiloptera	841164	Saroglossa spiloptera
otu430957	Gracula religiosa	hilmyn	Gracula_religiosa	80418	Gracula religiosa
otu431024	Copsychus saularis	magrob	Copsychus_saularis	465983	Copsychus saularis
otu431023	no_match	no_match	Saxicoloides_fulicatus	59716	Saxicoloides fulicatus
otu431022	Copsychus malabaricus	whrsha	Copsychus_malabaricus	466330	Copsychus malabaricus
otu431019	Muscicapa ferruginea	ferfly1	Muscicapa_ferruginea	540009	Muscicapa ferruginea
otu431020	Muscicapa sibirica	dasfly	Muscicapa_sibirica	678914	Muscicapa sibirica
otu431021	no_match	no_match	Muscicapa_dauurica	271791	Muscicapa dauurica
otu431018	Eumyias thalassinus	verfly4	Eumyias_thalassinus	3598172	Eumyias thalassinus
otu431009	Anthipes monileger	whgfly1	Ficedula_monileger	1043433	Ficedula monileger
otu431011	Cyornis rubeculoides	butfly1	Cyornis_rubeculoides	928797	Cyornis rubeculoides
otu431014	Cyornis tickelliae	tibfly3	Cyornis_tickelliae	3598179	Cyornis tickelliae
otu431013	Cyornis magnirostris	larblf1	Cyornis_magnirostris	3598194	Cyornis magnirostris
otu431012	Cyornis poliogenys	pacblf1	Cyornis_poliogenys	727915	Cyornis poliogenys
otu431010	Cyornis unicolor	pabfly2	Cyornis_unicolor	727917	Cyornis unicolor
otu431015	Niltava macgrigoriae	smanil1	Niltava_macgrigoriae	676558	Niltava macgrigoriae
otu431016	Niltava sundara	rubnil1	Niltava_sundara	678887	Niltava sundara
otu431017	Niltava grandis	larnil1	Niltava_grandis	676556	Niltava grandis
otu431003	Luscinia svecica	blueth	Luscinia_svecica	274225	Luscinia svecica
otu431004	no_match	no_match	Hodgsonius_phaenicuroides	451069	Hodgsonius phoenicuroides
otu431002	Calliope pectoralis	himrub1	Luscinia_pectoralis	408566	Luscinia pectoralis
otu430989	Monticola rufiventris	cbrthr1	Monticola_rufiventris	957841	Monticola rufiventris
otu430990	Monticola cinclorhyncha	bcrthr1	Monticola_cinclorhynchus	916113	Monticola cinclorhynchus
otu430991	Monticola solitarius	burthr	Monticola_solitarius	653933	Monticola solitarius
otu430998	Saxicola torquatus	afrsto1	Saxicola_torquatus	825641	Saxicola torquata
otu430999	Saxicola leucurus	whtsto2	Saxicola_leucurus	696973	Saxicola leucurus
otu430997	Saxicola caprata	piebus1	Saxicola_caprata	811035	Saxicola caprata
otu431001	Saxicola ferreus	grybus1	Saxicola_ferreus	760327	Saxicola ferreus
otu431000	Saxicola jerdoni	jerbus1	Saxicola_jerdoni	173998	Saxicola jerdoni
otu430993	Oenanthe picata	varwhe1	Oenanthe_picata	936539	Oenanthe picata
otu430992	Oenanthe fusca	indcha1	Cercomela_fusca	434289	Cercomela fusca
otu430994	Oenanthe albonigra	humwhe2	Oenanthe_albonigra	410709	Oenanthe albonigra
otu430996	Oenanthe deserti	deswhe1	Oenanthe_deserti	619182	Oenanthe deserti
otu430995	Oenanthe pleschanka	piewhe1	Oenanthe_pleschanka	936541	Oenanthe pleschanka
otu430983	Phoenicurus fuliginosus	plured1	Rhyacornis_fuliginosa	1566	Rhyacornis fuliginosa
otu430982	Phoenicurus leucocephalus	whcred1	Chaimarrornis_leucocephalus	33126	Chaimarrornis leucocephalus
otu430985	Phoenicurus erythrogastrus	whwred2	Phoenicurus_erythrogastrus	788699	Phoenicurus erythrogastrus
otu430984	Phoenicurus ochruros	blared1	Phoenicurus_ochruros	33133	Phoenicurus ochruros
otu430988	Phoenicurus coeruleocephala	bucred1	Phoenicurus_coeruleocephala	3598155	Phoenicurus coeruleocephala
otu430987	Phoenicurus schisticeps	whtred1	Phoenicurus_schisticeps	33131	Phoenicurus schisticeps
otu430986	Phoenicurus frontalis	blfred1	Phoenicurus_frontalis	462164	Phoenicurus frontalis
otu430976	Ficedula tricolor	slbfly2	Ficedula_tricolor	1058850	Ficedula tricolor
otu430975	Ficedula hyperythra	snbfly1	Ficedula_hyperythra	859509	Ficedula hyperythra
otu430979	Ficedula sapphira	sapfly1	Ficedula_sapphira	909203	Ficedula sapphira
otu430980	Ficedula westermanni	lipfly1	Ficedula_westermanni	284707	Ficedula westermanni
otu430981	Ficedula superciliaris	ultfly1	Ficedula_superciliaris	909205	Ficedula superciliaris
otu430978	Ficedula strophiata	rugfly1	Ficedula_strophiata	859518	Ficedula strophiata
otu430977	no_match	no_match	Muscicapella_hodgsoni	909199	Muscicapella hodgsoni
otu430974	no_match	no_match	Muscicapa_ruficauda	3598245	Muscicapa ruficauda
otu430973	Ficedula subrubra	kasfly1	Ficedula_subrubra	859520	Ficedula subrubra
otu430968	Myiomela leucura	whtrob2	Myiomela_leucura	35350	Myiomela leucura
otu430972	Tarsiger chrysaeus	gobrob1	Tarsiger_chrysaeus	554160	Luscinia chrysaea
otu430971	Tarsiger indicus	wbbrob1	Tarsiger_indicus	102476	Luscinia indica
otu430969	Tarsiger rufilatus	himblu1	Tarsiger_rufilatus	3598801	Tarsiger rufilatus
otu430970	Tarsiger hyperythrus	rbbrob1	Tarsiger_hyperythrus	676573	Luscinia hyperythra
otu430960	Enicurus maculatus	spofor1	Enicurus_maculatus	1022616	Enicurus maculatus
otu430961	Enicurus leschenaulti	whcfor1	Enicurus_leschenaulti	254683	Enicurus leschenaulti
otu430962	Enicurus immaculatus	blbfor1	Enicurus_immaculatus	897952	Enicurus immaculatus
otu430963	Enicurus schistaceus	slbfor1	Enicurus_schistaceus	1000550	Enicurus schistaceus
otu430964	Enicurus scouleri	litfor1	Enicurus_scouleri	626440	Enicurus scouleri
otu430965	Brachypteryx stellata	gousho1	Heteroxenicus_stellatus	3599856	Heteroxenicus stellatus
otu430967	Myophonus caeruleus	blwthr1	Myophonus_caeruleus	102470	Myophonus caeruleus
otu430966	Cinclidium frontale	blfrob1	Cinclidium_frontale	878312	Cinclidium frontale
otu431005	Brachypteryx leucophris	lessho1	Brachypteryx_leucophrys	20498	Brachypteryx leucophrys
otu431006	Brachypteryx montana	whbsho12	Brachypteryx_montana	878305	Brachypteryx montana
otu431007	Brachypteryx hyperythra	rubsho1	Brachypteryx_hyperythra	3598826	Brachypteryx hyperythra
otu431008	Larvivora brunnea	inbrob1	Luscinia_brunnea	153332	Luscinia brunnea
otu431026	Myadestes obscurus	omao	Myadestes_obscurus	786482	Myadestes obscurus
otu431027	Myadestes unicolor	slcsol1	Myadestes_unicolor	468121	Myadestes unicolor
otu431025	Grandala coelicolor	granda1	Grandala_coelicolor	3599696	Grandala coelicolor
otu431042	Cochoa purpurea	purcoc1	Cochoa_purpurea	3598148	Cochoa purpurea
otu431041	Cochoa viridis	grecoc1	Cochoa_viridis	401023	Cochoa viridis
otu431036	Zoothera dixoni	lotthr1	Zoothera_dixoni	482257	Zoothera dixoni
otu431040	Zoothera mollissima	alpthr1	Zoothera_mollissima	4947567	Zoothera mollissima
otu431039	Zoothera marginata	dasthr1	Zoothera_marginata	482263	Zoothera marginata
otu431038	Zoothera monticola	lobthr1	Zoothera_monticola	937860	Zoothera monticola
otu431037	Zoothera dauma	scathr8	Zoothera_dauma	653917	Zoothera dauma
otu431028	Geokichla wardii	piethr1	Zoothera_wardii	492722	Zoothera wardii
otu431029	Geokichla citrina	orhthr1	Zoothera_citrina	1046626	Zoothera citrina
otu431035	Turdus viscivorus	misthr1	Turdus_viscivorus	1002259	Turdus viscivorus
otu431034	Turdus boulboul	gywbla1	Turdus_boulboul	754978	Turdus boulboul
otu431033	Turdus unicolor	ticthr1	Turdus_unicolor	906447	Turdus unicolor
otu431032	Turdus maximus	tibbla1	Turdus_maximus	168082	Turdus maximus
otu431031	Turdus albocinctus	whcbla1	Turdus_albocinctus	906446	Turdus albocinctus
otu431030	Turdus rubrocanus	chethr1	Turdus_rubrocanus	754975	Turdus rubrocanus
otu430959	Cinclus pallasii	brodip1	Cinclus_pallasii	968660	Cinclus pallasii
otu430958	Cinclus cinclus	whtdip1	Cinclus_cinclus	496009	Cinclus cinclus
otu430947	Elachura formosa	spwbab1	Spelaeornis_formosus	3598440	Spelaeornis formosus
otu431350	Arachnothera magna	strspi1	Arachnothera_magna	842501	Arachnothera magna
otu431351	Arachnothera longirostra	litspi1	Arachnothera_longirostra	865549	Arachnothera longirostra
otu431358	Chalcoparia singalensis	rucsun2	Chalcoparia_singalensis	501795	Chalcoparia singalensis
otu431352	Cinnyris asiaticus	pursun4	Cinnyris_asiaticus	4131399	Cinnyris asiaticus
otu431353	Aethopyga ignicauda	fitsun1	Aethopyga_ignicauda	874057	Aethopyga ignicauda
otu431354	Aethopyga siparaja	eacsun1	Aethopyga_siparaja	797571	Aethopyga siparaja
otu431355	Aethopyga saturata	bltsun1	Aethopyga_saturata	874066	Aethopyga saturata
otu431356	Aethopyga nipalensis	grtsun1	Aethopyga_nipalensis	874068	Aethopyga nipalensis
otu431357	Aethopyga gouldiae	gousun1	Aethopyga_gouldiae	3597591	Aethopyga gouldiae
otu431346	Dicaeum cruentatum	scbflo1	Dicaeum_cruentatum	223164	Dicaeum cruentatum
otu431347	Dicaeum ignipectus	fibflo2	Dicaeum_ignipectus	746745	Dicaeum ignipectus
otu431349	Dicaeum minullum	plaflo2	Dicaeum_minullum	3597775	Dicaeum minullum
otu431348	Dicaeum erythrorhynchos	pabflo1	Dicaeum_erythrorhynchos	3597766	Dicaeum erythrorhynchos
otu431344	Dicaeum chrysorrheum	yevflo1	Dicaeum_chrysorrheum	223162	Dicaeum chrysorrheum
otu431345	Dicaeum melanozanthum	yebflo1	Dicaeum_melanoxanthum	263358	Dicaeum melanoxanthum
otu431343	Dicaeum agile	thbflo1	Dicaeum_agile	797576	Dicaeum agile
otu431331	Prunella fulvescens	broacc1	Prunella_fulvescens	795160	Prunella fulvescens
otu431332	Prunella strophiata	rubacc1	Prunella_strophiata	3597474	Prunella strophiata
otu431333	Prunella rubeculoides	robacc1	Prunella_rubeculoides	3597473	Prunella rubeculoides
otu431330	Prunella immaculata	mabacc1	Prunella_immaculata	3597475	Prunella immaculata
otu431329	Prunella collaris	alpacc1	Prunella_collaris	699625	Prunella collaris
otu431334	Amandava amandava	redava	Amandava_amandava	393085	Amandava amandava
otu431337	Lonchura striata	whrmun	Lonchura_striata	306760	Lonchura striata
otu431336	Lonchura atricapilla	chemun	Lonchura_atricapilla	4085	Lonchura atricapilla
otu431338	Lonchura punctulata	nutman	Lonchura_punctulata	865474	Lonchura punctulata
otu431335	Euodice malabarica	indsil	Euodice_malabarica	596766	Lonchura malabarica
otu431340	Ploceus philippinus	baywea1	Ploceus_philippinus	865477	Ploceus philippinus
otu431341	Ploceus manyar	strwea2	Ploceus_manyar	865478	Ploceus manyar
otu431342	Ploceus benghalensis	benwea1	Ploceus_benghalensis	272259	Ploceus benghalensis
otu431339	Ploceus megarhynchus	yelwea1	Ploceus_megarhynchus	3597743	Ploceus megarhynchus
otu431323	Anthus roseatus	rospip1	Anthus_roseatus	3597120	Anthus roseatus
otu431325	Anthus hodgsoni	olbpip	Anthus_hodgsoni	28330	Anthus hodgsoni
otu431324	Anthus trivialis	trepip	Anthus_trivialis	695340	Anthus trivialis
otu431328	Anthus sylvanus	uplpip1	Anthus_sylvanus	3597122	Anthus sylvanus
otu431327	Anthus similis	lobpip1	Anthus_similis	1092187	Anthus similis
otu431326	Anthus rufulus	oripip1	Anthus_rufulus	3597135	Anthus rufulus
otu431319	Motacilla alba	whiwag	Motacilla_alba	695336	Motacilla alba
otu431320	Motacilla cinerea	grywag	Motacilla_cinerea	489154	Motacilla cinerea
otu431321	Motacilla maderaspatensis	whbwag1	Motacilla_maderaspatensis	3597111	Motacilla maderaspatensis
otu431322	Motacilla citreola	citwag	Motacilla_citreola	842438	Motacilla citreola
otu431261	no_match	no_match	Passer_rutilans	407769	Passer rutilans
otu431262	Passer domesticus	houspa	Passer_domesticus	745175	Passer domesticus
otu431263	Passer montanus	eutspa	Passer_montanus	44870	Passer montanus
otu431264	Gymnoris xanthocollis	chspet1	Petronia_xanthocollis	4131546	Gymnoris xanthocollis
otu431265	Montifringilla adamsi	blwsno1	Montifringilla_adamsi	96149	Montifringilla adamsi
otu431266	Montifringilla blanfordi	blasno1	Montifringilla_blanfordi	871308	Pyrgilauda blanfordi
otu431267	Montifringilla taczanowskii	whrsno1	Montifringilla_taczanowskii	96150	Montifringilla taczanowskii
otu431268	Sturnella magna	easmea	Sturnella_magna	489144	Sturnella magna
otu431269	Sturnella neglecta	wesmea	Sturnella_neglecta	283666	Sturnella neglecta
otu431271	Leiothlypis ruficapilla	naswar	Oreothlypis_ruficapilla	392341	Oreothlypis ruficapilla
otu431270	Leiothlypis celata	orcwar	Oreothlypis_celata	88835	Oreothlypis celata
otu430925	Emberiza fucata	chebun2	Emberiza_fucata	802893	Emberiza fucata
otu431275	Emberiza godlewskii	godbun1	Emberiza_godlewskii	972940	Emberiza godlewskii
otu431276	Emberiza cia	rocbun1	Emberiza_cia	846944	Emberiza cia
otu431273	Emberiza stewarti	chbbun1	Emberiza_stewarti	972937	Emberiza stewarti
otu431274	Emberiza buchanani	gyhbun1	Emberiza_buchanani	846937	Emberiza buchanani
otu431272	Emberiza lathami	crebun1	Melophus_lathami	922666	Melophus lathami
otu431280	no_match	no_match	Chlorospingus_ophthalmicus	5618	Chlorospingus ophthalmicus
otu431279	Chlorospingus pileatus	scbtan1	Chlorospingus_pileatus	819309	Chlorospingus pileatus
otu431278	Zonotrichia albicollis	whtspa	Zonotrichia_albicollis	265547	Zonotrichia albicollis
otu431277	Zonotrichia atricapilla	gocspa	Zonotrichia_atricapilla	265554	Zonotrichia atricapilla
otu431283	Passerina cyanea	indbun	Passerina_cyanea	939942	Passerina cyanea
otu431284	Cyanocompsa parellina	blubun	Cyanocompsa_parellina	772205	Cyanocompsa parellina
otu431282	Tangara dowii	spctan1	Tangara_dowii	582134	Tangara dowii
otu431281	Tangara nigroviridis	bestan1	Tangara_nigroviridis	430017	Tangara nigroviridis
otu431296	Carpodacus erythrinus	comros	Carpodacus_erythrinus	815418	Carpodacus erythrinus
otu431297	Carpodacus sipahi	scafin1	Haematospiza_sipahi	341467	Haematospiza sipahi
otu431308	Carpodacus rubicilloides	strros1	Carpodacus_rubicilloides	815422	Carpodacus rubicilloides
otu431309	no_match	no_match	Carpodacus_severtzovi	3597380	Carpodacus severtzovi
otu431307	Carpodacus edwardsii	darros1	Carpodacus_edwardsii	473006	Carpodacus edwardsii
otu431306	Carpodacus rodochroa	pibros2	Carpodacus_rodochroa	747629	Carpodacus rodochroa
otu431305	Carpodacus vinaceus	vinros2	Carpodacus_vinaceus	277037	Carpodacus vinaceus
otu431304	Carpodacus rodopeplus	spwros2	Carpodacus_rodopeplus	277039	Carpodacus rodopeplus
otu431302	Carpodacus rhodochlamys	remros1	Carpodacus_rhodochlamys	405217	Carpodacus rhodochlamys
otu431303	Carpodacus grandis	blyros1	Carpodacus_grandis	3597377	Carpodacus grandis
otu431301	Carpodacus pulcherrimus	bearos1	Carpodacus_pulcherrimus	563259	Carpodacus pulcherrimus
otu431300	Carpodacus subhimachalus	crbfin3	Pinicola_subhimachala	1031951	Pinicola subhimachala
otu431299	Carpodacus puniceus	refros1	Pyrrhospiza_punicea	473007	Carpodacus puniceus
otu431298	Carpodacus thura	whbros1	Carpodacus_thura	157599	Carpodacus thura
otu431293	Procarduelis nipalensis	dabros1	Carpodacus_nipalensis	815420	Carpodacus nipalensis
otu431294	Leucosticte brandti	bhmfin1	Leucosticte_brandti	995755	Leucosticte brandti
otu431295	Leucosticte nemoricola	plmfin1	Leucosticte_nemoricola	235457	Leucosticte nemoricola
otu431292	Callacanthis burtoni	spefin1	Callacanthis_burtoni	405220	Callacanthis burtoni
otu431291	Pyrrhoplectes epauletta	gonfin1	Pyrrhoplectes_epauletta	550156	Pyrrhoplectes epauletta
otu431290	Agraphospiza rubescens	blaros1	Carpodacus_rubescens	242207	Carpodacus rubescens
otu431289	Bucanetes mongolicus	monfin2	Bucanetes_mongolicus	235463	Eremopsaltria mongolica
otu431288	Pyrrhula nipalensis	brobul1	Pyrrhula_nipalensis	815423	Pyrrhula nipalensis
otu431285	Pyrrhula aurantiaca	orabul1	Pyrrhula_aurantiaca	977520	Pyrrhula aurantiaca
otu431286	Pyrrhula erythrocephala	rehbul1	Pyrrhula_erythrocephala	901358	Pyrrhula erythrocephala
otu431287	Pyrrhula erythaca	gyhbul2	Pyrrhula_erythaca	836535	Pyrrhula erythaca
otu431310	Chloris spinoides	yebgre4	Carduelis_spinoides	559262	Carduelis spinoides
otu431311	Carduelis carduelis	eurgol	Carduelis_carduelis	1083719	Carduelis carduelis
otu431312	Loxia curvirostra	redcro	Loxia_curvirostra	298778	Loxia curvirostra
otu431313	Linaria flavirostris	twite1	Carduelis_flavirostris	6379	Carduelis flavirostris
otu431314	Serinus pusillus	fifser1	Serinus_pusillus	328909	Serinus pusillus
otu431318	Mycerobas melanozanthos	spwgro1	Mycerobas_melanozanthos	3597382	Mycerobas melanozanthos
otu431317	Mycerobas carnipes	whwgro1	Mycerobas_carnipes	341476	Mycerobas carnipes
otu431316	Mycerobas affinis	colgro1	Mycerobas_affinis	947027	Mycerobas affinis
otu431315	Mycerobas icterioides	baygro1	Mycerobas_icterioides	3597383	Mycerobas icterioides
otu430924	Fringilla montifringilla	brambl	Fringilla_montifringilla	28332	Fringilla montifringilla
otu431260	Chloropsis aurifrons	goflea1	Chloropsis_aurifrons	7490	Chloropsis aurifrons
otu431259	Chloropsis hardwickii	orblea1	Chloropsis_hardwickii	797578	Chloropsis hardwickii
otu431258	Irena puella	asfblu1	Irena_puella	647178	Irena puella
otu431243	Cephalopyrus flammiceps	fictit1	Cephalopyrus_flammiceps	124085	Cephalopyrus flammiceps
otu431255	Sylviparus modestus	yebtit3	Sylviparus_modestus	71359	Sylviparus modestus
otu431254	Melanochlora sultanea	sultit1	Melanochlora_sultanea	814750	Melanochlora sultanea
otu431251	Pseudopodoces humilis	grotit1	Pseudopodoces_humilis	875992	Pseudopodoces humilis
otu431250	Parus major	gretit1	Parus_major	515143	Parus major
otu431249	Parus monticolus	grbtit1	Parus_monticolus	694663	Parus monticolus
otu431253	Machlolophus spilonotus	yectit1	Parus_spilonotus	573495	Machlolophus spilonotus
otu431252	Machlolophus xanthogenys	blltit1	Parus_xanthogenys	573529	Machlolophus xanthogenys
otu431245	Periparus rubidiventris	ruvtit2	Parus_rubidiventris	258796	Periparus rubidiventris
otu431244	Periparus rufonuchalis	bkbtit2	Parus_rufonuchalis	573493	Parus rufonuchalis
otu431247	Periparus ater	coatit2	Parus_ater	746130	Periparus ater
otu431246	no_match	no_match	Parus_melanolophus	3598704	Parus melanolophus
otu431248	Lophophanes dichrous	gyctit1	Parus_dichrous	222481	Lophophanes dichrous
otu431256	Culicicapa ceylonensis	gyhcaf1	Culicicapa_ceylonensis	72478	Culicicapa ceylonensis
otu431257	Chelidorhynx hypoxanthus	yebfan1	Chelidorhynx_hypoxantha	678888	Rhipidura hypoxantha
otu431240	Eremopterix griseus	ascspl1	Eremopterix_griseus	3597555	Eremopterix griseus
otu431239	Eremopterix nigriceps	bcslar1	Eremopterix_nigriceps	139502	Eremopterix nigriceps
otu431242	Ammomanes phoenicura	rutlar2	Ammomanes_phoenicurus	207743	Ammomanes phoenicurus
otu431241	Ammomanes deserti	deslar1	Ammomanes_deserti	59182	Ammomanes deserti
otu431231	Galerida cristata	crelar2	Galerida_cristata	207745	Galerida cristata
otu431232	Alauda gulgula	orisky1	Alauda_gulgula	521612	Alauda gulgula
otu431235	Alaudala raytal	sanlar1	Calandrella_raytal	3597511	Calandrella raytal
otu431236	Melanocorypha maxima	tiblar1	Melanocorypha_maxima	3597557	Melanocorypha maxima
otu431233	Eremophila alpestris	horlar	Eremophila_alpestris	998122	Eremophila alpestris
otu431234	Calandrella acutirostris	humlar1	Calandrella_acutirostris	947046	Calandrella acutirostris
otu431238	Mirafra erythroptera	indbus2	Mirafra_erythroptera	3597526	Mirafra erythroptera
otu431237	Mirafra assamica	benbus1	Mirafra_assamica	63797	Mirafra assamica
otu431183	Spelaeornis troglodytoides	bwwbab1	Spelaeornis_troglodytoides	446189	Spelaeornis troglodytoides
otu431184	Spelaeornis caudatus	rtwbab1	Spelaeornis_caudatus	3598445	Spelaeornis caudatus
otu431185	Pomatorhinus ferruginosus	cbsbab2	Pomatorhinus_ferruginosus	25621	Pomatorhinus ferruginosus
otu431188	Pomatorhinus superciliaris	sbsbab1	Xiphirhynchus_superciliaris	31182	Xiphirhynchus superciliaris
otu431186	Pomatorhinus ruficollis	sbsbab3	Pomatorhinus_ruficollis	154418	Pomatorhinus ruficollis
otu431187	Pomatorhinus schisticeps	wbsbab1	Pomatorhinus_schisticeps	502097	Pomatorhinus schisticeps
otu431189	Stachyris nigriceps	gytbab1	Stachyris_nigriceps	697085	Stachyris nigriceps
otu431190	no_match	no_match	Sphenocichla_humei	641427	Sphenocichla humei
otu431191	Megapomatorhinus erythrogenys	rcsbab1	Pomatorhinus_erythrogenys	773110	Pomatorhinus erythrogenys
otu431192	Megapomatorhinus erythrogenys	rcsbab1	Pomatorhinus_erythrocnemis	25618	Pomatorhinus erythrocnemis
otu431193	Megapomatorhinus hypoleucos	lasbab1	Pomatorhinus_hypoleucos	154438	Pomatorhinus hypoleucos
otu431180	Mixornis gularis	sttbab1	Macronous_gularis	19368	Macronous gularis
otu431182	Timalia pileata	chcbab1	Timalia_pileata	31186	Timalia pileata
otu431181	Dumetia hyperythra	tabbab1	Dumetia_hyperythra	353127	Dumetia hyperythra
otu431179	Cyanoderma chrysaeum	golbab1	Stachyridopsis_chrysaea	4947677	Stachyridopsis chrysaea
otu431177	Cyanoderma pyrrhops	blcbab2	Stachyridopsis_pyrrhops	4947678	Stachyridopsis pyrrhops
otu431178	Cyanoderma ruficeps	rucbab1	Stachyridopsis_ruficeps	697082	Stachyris ruficeps
otu431176	Cyanoderma rufifrons	rufbab2	Stachyridopsis_rufifrons	4947681	Stachyridopsis rufifrons
otu431125	Grammatoptila striata	strlau2	Grammatoptila_striata	227764	Garrulax striatus
otu431126	Cutia nipalensis	cutia1	Cutia_nipalensis	977743	Cutia nipalensis
otu431129	Turdoides earlei	strbab1	Turdoides_earlei	3598521	Turdoides earlei
otu431130	Turdoides caudata	combab3	Turdoides_caudata	3598543	Turdoides caudata
otu431131	Turdoides malcolmi	lagbab2	Turdoides_malcolmi	3598530	Turdoides malcolmi
otu431127	Turdoides striata	junbab2	Turdoides_striata	3598525	Turdoides striata
otu431128	Turdoides longirostris	slbbab1	Turdoides_longirostris	3598529	Turdoides longirostris
otu431132	no_match	no_match	Turdoides_nipalensis	3598546	Turdoides nipalensis
otu431140	Garrulax leucolophus	whclau2	Garrulax_leucolophus	294062	Garrulax leucolophus
otu431141	Garrulax monileger	lenlau1	Garrulax_monileger	178817	Garrulax monileger
otu431135	no_match	no_match	Garrulax_pectoralis	479292	Garrulax pectoralis
otu431137	Ianthocincla albogularis	whtlau1	Garrulax_albogularis	575470	Garrulax albogularis
otu431136	Ianthocincla caerulata	gyslau	Dryonastes_caerulatus	286594	Garrulax caerulatus
otu431138	Ianthocincla ruficollis	runlau1	Garrulax_ruficollis	3598477	Garrulax ruficollis
otu431139	Ianthocincla gularis	ruvlau1	Garrulax_gularis	3598474	Garrulax gularis
otu431134	Ianthocincla rufogularis	ruclau1	Garrulax_rufogularis	3598483	Garrulax rufogularis
otu431133	Ianthocincla ocellata	spolau1	Garrulax_ocellatus	401603	Garrulax ocellatus
otu431156	Trochalopteron subunicolor	scalau1	Trochalopteron_subunicolor	3599822	Trochalopteron subunicolor
otu431158	Trochalopteron lineatum	strlau1	Trochalopteron_lineatum	3599517	Trochalopteron lineatum
otu431157	Trochalopteron imbricatum	bhulau1	Trochalopteron_imbricatum	3599800	Trochalopteron imbricatum
otu431159	Trochalopteron squamatum	blwlau1	Trochalopteron_squamatum	3599799	Trochalopteron squamatum
otu431162	Trochalopteron erythrocephalum	chclau2	Trochalopteron_erythrocephalum	3599797	Trochalopteron erythrocephalum
otu431161	Trochalopteron affine	blflau1	Trochalopteron_affine	3599379	Trochalopteron affine
otu431160	Trochalopteron variegatum	varlau1	Trochalopteron_variegatum	401611	Garrulax variegatus
otu431155	Heterophasia picaoides	lotsib1	Heterophasia_picaoides	25708	Heterophasia picaoides
otu431153	Heterophasia pulchella	beasib1	Heterophasia_pulchella	25704	Heterophasia pulchella
otu431154	Heterophasia capistrata	rufsib1	Heterophasia_capistrata	1028012	Heterophasia capistrata
otu431151	Liocichla phoenicea	reflio2	Liocichla_phoenicea	451636	Liocichla phoenicea
otu431152	Liocichla bugunorum	buglio1	Liocichla_bugunorum	3598503	Liocichla bugunorum
otu431142	Leiothrix argentauris	siemes1	Leiothrix_argentauris	451623	Leiothrix argentauris
otu431143	Leiothrix lutea	reblei	Leiothrix_lutea	965458	Leiothrix lutea
otu431145	Actinodura waldeni	sttbar1	Actinodura_waldeni	695502	Actinodura waldeni
otu431144	no_match	no_match	Actinodura_nipalensis	1084799	Actinodura nipalensis
otu431148	no_match	no_match	Minla_strigula	1078786	Minla strigula
otu431147	no_match	no_match	Minla_cyanouroptera	1078798	Minla cyanouroptera
otu431146	Actinodura egertoni	rufbar1	Actinodura_egertoni	695506	Actinodura egertoni
otu431149	Minla ignotincta	retmin1	Minla_ignotincta	1078784	Minla ignotincta
otu431150	Minla annectens	rubsib1	Heterophasia_annectans	155396	Heterophasia annectans
otu431175	Gampsorhynchus rufulus	whhbab2	Gampsorhynchus_rufulus	977736	Gampsorhynchus rufulus
otu431173	Schoeniparus cinereus	yetful1	Schoeniparus_cinerea	845576	Alcippe cinerea
otu431174	Schoeniparus castaneceps	ruwful1	Schoeniparus_castaneceps	1084789	Alcippe castaneceps
otu431172	Schoeniparus rufogularis	rutful1	Schoeniparus_rufogularis	824069	Alcippe rufogularis
otu431171	Schoeniparus dubius	rucful1	Schoeniparus_dubia	321215	Alcippe dubia
otu431165	Napothera epilepidota	eywbab1	Napothera_epilepidota	502099	Napothera epilepidota
otu431166	no_match	no_match	Rimator_malacoptilus	979996	Rimator malacoptilus
otu431167	Laticilla burnesii	ruvpri1	Prinia_burnesii	3598854	Laticilla burnesii
otu431164	Turdinus abbotti	abbbab1	Malacocincla_abbotti	1078789	Malacocincla abbotti
otu431170	Pellorneum tickelli	bubbab1	Pellorneum_tickelli	31193	Pellorneum tickelli
otu431169	Pellorneum albiventre	sptbab1	Pellorneum_albiventre	496775	Pellorneum albiventre
otu431168	Pellorneum ruficeps	putbab1	Pellorneum_ruficeps	243729	Pellorneum ruficeps
otu431163	Alcippe nipalensis	nepful1	Alcippe_nipalensis	546869	Alcippe nipalensis
otu431198	Yuhina nigrimenta	blcyuh1	Yuhina_nigrimenta	697088	Yuhina nigrimenta
otu431196	Yuhina occipitalis	ruvyuh1	Yuhina_occipitalis	19370	Yuhina occipitalis
otu431197	Yuhina gularis	sttyuh1	Yuhina_gularis	767083	Yuhina gularis
otu431195	Yuhina flavicollis	whiyuh1	Yuhina_flavicollis	697089	Yuhina flavicollis
otu431194	Yuhina bakeri	whnyuh1	Yuhina_bakeri	1050510	Yuhina bakeri
otu431199	Yuhina castaniceps	stryuh1	Yuhina_castaniceps	684691	Yuhina castaniceps
otu431200	Zosterops palpebrosus	indwhe1	Zosterops_palpebrosus	446693	Zosterops palpebrosus
otu431214	Sylvia curruca althaea	humwhi1	Sylvia_althaea	1053786	Sylvia althaea
otu431216	Sylvia ruppeli	ruewar1	Sylvia_rueppelli	671213	Sylvia rueppelli
otu431215	Sylvia melanothorax	cypwar1	Sylvia_melanothorax	486304	Sylvia melanothorax
otu431202	Chrysomma sinense	yeebab1	Chrysomma_sinense	370024	Chrysomma sinense
otu431203	Fulvetta vinipectus	whbful1	Fulvetta_vinipectus	360236	Alcippe vinipectus
otu431204	Fulvetta ludlowi	ludful1	Fulvetta_ludlowi	3599363	Fulvetta ludlowi
otu431212	Paradoxornis flavirostris	blbpar2	Paradoxornis_flavirostris	3598200	Paradoxornis flavirostris
otu431211	Psittiparus gularis	gyhpar3	Paradoxornis_gularis	552313	Paradoxornis gularis
otu431210	Psittiparus ruficeps	ruhpar3	Paradoxornis_ruficeps	1052184	Paradoxornis ruficeps
otu431208	Conostoma aemodium	grepar1	Conostoma_oemodium	689062	Conostoma aemodium
otu431209	Cholornis unicolor	bropar1	Paradoxornis_unicolor	512752	Paradoxornis unicolor
otu431207	Suthora nipalensis	bltpar1	Paradoxornis_nipalensis	552302	Paradoxornis nipalensis
otu431206	Suthora fulvifrons	fulpar1	Paradoxornis_fulvifrons	1052197	Paradoxornis fulvifrons
otu431205	Chleuasicus atrosuperciliaris	blbpar3	Paradoxornis_atrosuperciliaris	1086254	Paradoxornis atrosuperciliaris
otu431213	Lioparus chrysotis	gobful1	Lioparus_chrysotis	1084794	Alcippe chrysotis
otu431201	Myzornis pyrrhoura	fitmyz1	Myzornis_pyrrhoura	482566	Myzornis pyrrhoura
otu431093	Horornis brunnescens	yebbuw2	Cettia_brunnescens	1031171	Cettia brunnescens
otu431094	no_match	no_match	Cettia_fortipes	903277	Cettia fortipes
otu431095	Horornis flavolivaceus	abbwar1	Cettia_flavolivacea	355464	Cettia flavolivacea
otu431096	Tickellia hodgsoni	brbwar1	Tickellia_hodgsoni	382666	Tickellia hodgsoni
otu431097	Phyllergates cucullatus	moutai2	Phyllergates_cucullatus	333264	Orthotomus cucullatus
otu431090	Abroscopus albogularis	rufwar1	Abroscopus_albogularis	330051	Abroscopus albogularis
otu431091	Abroscopus schisticeps	blfwar1	Abroscopus_schisticeps	54175	Abroscopus schisticeps
otu431092	Abroscopus superciliaris	yebwar1	Abroscopus_superciliaris	958857	Abroscopus superciliaris
otu431100	Cettia major	ccbwar1	Cettia_major	305435	Cettia major
otu431099	Cettia brunnifrons	gysbuw1	Cettia_brunnifrons	865554	Cettia brunnifrons
otu431098	Cettia castaneocoronata	chhtes1	Tesia_castaneocoronata	5805	Oligura castaneocoronata
otu431102	Tesia cyaniventer	gybtes1	Tesia_cyaniventer	346542	Tesia cyaniventer
otu431101	Tesia olivea	slbtes1	Tesia_olivea	106883	Tesia olivea
otu431103	Urosphena pallidipes	pfbwar1	Cettia_pallidipes	829624	Cettia pallidipes
otu431121	no_match	no_match	Seicercus_whistleri	175278	Seicercus whistleri
otu431124	no_match	no_match	Seicercus_poliogenys	908741	Seicercus poliogenys
otu431122	no_match	no_match	Seicercus_affinis	226130	Seicercus affinis
otu431123	no_match	no_match	Seicercus_burkii	565702	Seicercus burkii
otu431119	Phylloscopus trochiloides	grewar3	Phylloscopus_trochiloides	726314	Phylloscopus trochiloides
otu431120	Phylloscopus magnirostris	lblwar1	Phylloscopus_magnirostris	930283	Phylloscopus magnirostris
otu431117	Phylloscopus xanthoschistos	gyhwar2	Phylloscopus_xanthoschistos	908735	Seicercus xanthoschistos
otu431116	Phylloscopus reguloides	blylew1	Phylloscopus_reguloides	930296	Phylloscopus reguloides
otu431115	Phylloscopus occipitalis	weclew1	Phylloscopus_occipitalis	309740	Phylloscopus occipitalis
otu431114	Phylloscopus cantator	yevwar1	Phylloscopus_cantator	226122	Phylloscopus cantator
otu431118	no_match	no_match	Seicercus_castaniceps	749568	Seicercus castaniceps
otu431110	Phylloscopus affinis	tilwar1	Phylloscopus_affinis	930303	Phylloscopus affinis
otu431111	Phylloscopus griseolus	subwar2	Phylloscopus_griseolus	853511	Phylloscopus griseolus
otu431109	Phylloscopus tytleri	tylwar1	Phylloscopus_tytleri	720188	Phylloscopus tytleri
otu431112	Phylloscopus sindianus	mouchi2	Phylloscopus_sindianus	204588	Phylloscopus sindianus
otu431113	Phylloscopus fuligiventer	smowar1	Phylloscopus_fuligiventer	626797	Phylloscopus fuligiventer
otu431106	Phylloscopus humei	humwar1	Phylloscopus_humei	726306	Phylloscopus humei
otu431107	Phylloscopus subviridis	brlwar1	Phylloscopus_subviridis	3598095	Phylloscopus subviridis
otu431108	Phylloscopus chloronotus	parwar1	Phylloscopus_chloronotus	118843	Phylloscopus chloronotus
otu431105	Phylloscopus pulcher	bubwar1	Phylloscopus_pulcher	930299	Phylloscopus pulcher
otu431104	Phylloscopus maculipennis	astwar2	Phylloscopus_maculipennis	930302	Phylloscopus maculipennis
otu431089	Aegithalos leucogenys	whctit1	Aegithalos_leucogenys	538164	Aegithalos leucogenys
otu431088	Aegithalos concinnus	blttit2	Aegithalos_concinnus	819858	Aegithalos concinnus
otu431087	Aegithalos iouschistos	bkbtit3	Aegithalos_iouschistos	538184	Aegithalos iouschistos
otu431086	Aegithalos niveogularis	whttit1	Aegithalos_niveogularis	1014281	Aegithalos niveogularis
otu431085	Leptopoecile sophiae	wbtwar1	Leptopoecile_sophiae	1044590	Leptopoecile sophiae
otu431218	Acrocephalus stentoreus	clrwar1	Acrocephalus_stentoreus	564108	Acrocephalus stentoreus
otu431217	Acrocephalus concinens	blwwar1	Acrocephalus_concinens	496017	Acrocephalus concinens
otu431220	Pnoepyga pusilla	pywbab1	Pnoepyga_pusilla	252763	Pnoepyga pusilla
otu431221	Pnoepyga immaculata	immwrb1	Pnoepyga_immaculata	286599	Pnoepyga immaculata
otu431219	Pnoepyga albiventer	sbwbab1	Pnoepyga_albiventer	975545	Pnoepyga albiventer
otu431080	Locustella luteoventris	brbwar2	Bradypterus_luteoventris	337760	Bradypterus luteoventris
otu431081	Locustella major	lbbwar1	Bradypterus_major	337758	Bradypterus major
otu431083	Locustella thoracica	spobuw3	Bradypterus_thoracicus	1094726	Bradypterus thoracicus
otu431082	Locustella mandelli	rubwar1	Bradypterus_mandelli	987317	Bradypterus mandelli
otu431084	Megalurus palustris	strgra1	Megalurus_palustris	290856	Megalurus palustris
otu431079	Chaetornis striata	brigra2	Chaetornis_striata	3599476	Chaetornis striata
otu431071	Prinia hodgsonii	gybpri1	Prinia_hodgsonii	3598855	Prinia hodgsonii
otu431072	Prinia cinereocapilla	gycpri1	Prinia_cinereocapilla	3598868	Prinia cinereocapilla
otu431073	Prinia rufescens	rufpri1	Prinia_rufescens	3598870	Prinia rufescens
otu431069	Prinia socialis	ashpri1	Prinia_socialis	3598861	Prinia socialis
otu431070	Prinia flaviventris	yebpri1	Prinia_flaviventris	185640	Prinia flaviventris
otu431068	Prinia gracilis	grapri1	Prinia_gracilis	409125	Prinia gracilis
otu431075	Prinia inornata	plapri1	Prinia_inornata	3598859	Prinia inornata
otu431074	Prinia buchanani	rufpri2	Prinia_buchanani	3598851	Prinia buchanani
otu431077	Prinia sylvatica	junpri1	Prinia_sylvatica	3598869	Prinia sylvatica
otu431078	Prinia crinigera	strpri2	Prinia_crinigera	899111	Prinia crinigera
otu431076	Prinia atrogularis	hilpri1	Prinia_atrogularis	1021038	Prinia atrogularis
otu431067	Orthotomus sutorius	comtai1	Orthotomus_sutorius	353515	Orthotomus sutorius
otu431066	Cisticola juncidis	zitcis1	Cisticola_juncidis	24056	Cisticola juncidis
otu431065	Cisticola exilis	gohcis1	Cisticola_exilis	3598926	Cisticola exilis
otu431230	Pycnonotus leucogenys	whcbul2	Pycnonotus_leucogenys	597118	Pycnonotus leucogenys
otu431229	Pycnonotus cafer	revbul	Pycnonotus_cafer	181049	Pycnonotus cafer
otu431228	Pycnonotus jocosus	rewbul	Pycnonotus_jocosus	778857	Pycnonotus jocosus
otu431227	Rubigula flaviventris	blcbul2	Pycnonotus_flaviventris	3598335	Pycnonotus flaviventris
otu431226	Alophoixus flaveolus	whtbul1	Alophoixus_flaveolus	204772	Criniger flaveolus
otu431222	Pycnonotus striatus	strbul2	Pycnonotus_striatus	3598330	Pycnonotus striatus
otu431223	Hemixos flavala	ashbul1	Hemixos_flavala	434233	Hemixos flavala
otu431224	Hypsipetes leucocephalus	blabul1	Hypsipetes_leucocephalus	274984	Hypsipetes leucocephalus
otu431225	Ixos mcclellandii	moubul2	Ixos_mcclellandii	274986	Hypsipetes mcclellandii
otu431064	Riparia chinensis	gytmar1	Riparia_chinensis	3597806	Riparia chinensis
otu431056	Ptyonoprogne rupestris	eurcrm1	Ptyonoprogne_rupestris	641120	Ptyonoprogne rupestris
otu431055	Ptyonoprogne concolor	duscrm1	Ptyonoprogne_concolor	641123	Ptyonoprogne concolor
otu431057	Hirundo rustica	barswa	Hirundo_rustica	1040135	Hirundo rustica
otu431058	Hirundo smithii	witswa1	Hirundo_smithii	487358	Hirundo smithii
otu431059	Petrochelidon fluvicola	sttswa2	Hirundo_fluvicola	3597797	Hirundo fluvicola
otu431060	Cecropis daurica	rerswa1	Hirundo_daurica	641125	Cecropis daurica
otu431061	Delichon urbicum	cohmar1	Delichon_urbicum	36109	Delichon urbicum
otu431062	Delichon nipalense	nephom1	Delichon_nipalense	67920	Delichon nipalensis
otu431063	Delichon dasypus	ashmar1	Delichon_dasypus	119536	Delichon dasypus
otu431359	Regulus regulus	goldcr1	Regulus_regulus	3599889	Regulus regulus
otu431402	Dendrocitta formosae	grytre1	Dendrocitta_formosae	320096	Dendrocitta formosae
otu431401	Dendrocitta frontalis	coltre1	Dendrocitta_frontalis	197508	Dendrocitta frontalis
otu431403	Dendrocitta vagabunda	ruftre2	Dendrocitta_vagabunda	197505	Dendrocitta vagabunda
otu431410	no_match	no_match	Corvus_macrorhynchos_japonensis	659660	Corvus macrorhynchos japonensis
otu431411	Corvus macrorhynchos culminatus	labcro3	Corvus_culminatus	669405	Corvus culminatus
otu431412	Corvus splendens	houcro1	Corvus_splendens	38262	Corvus splendens
otu430927	Corvus corone	carcro1	Corvus_corone	711844	Corvus corone
otu431413	Corvus corax	comrav	Corvus_corax	140425	Corvus corax
otu431409	Corvus monedula	eurjac	Coloeus_monedula	711848	Corvus monedula
otu431408	Nucifraga caryocatactes	eurnut1	Nucifraga_caryocatactes	140439	Nucifraga caryocatactes
otu431407	Nucifraga multipunctata	sponut1	Nucifraga_multipunctata	197502	Nucifraga multipunctata
otu431414	Pica pica	eurmag1	Pica_pica	776471	Pica pica
otu431415	Garrulus lanceolatus	blhjay1	Garrulus_lanceolatus	75990	Garrulus lanceolatus
otu431416	Garrulus glandarius	eurjay1	Garrulus_glandarius	140432	Garrulus glandarius
otu430926	Cyanocorax yncas	grnjay	Cyanocorax_yncas	937732	Cyanocorax yncas
otu431405	Urocissa flavirostris	gobmag1	Urocissa_flavirostris	75978	Urocissa flavirostris
otu431406	no_match	no_match	Urocissa_erythrorhyncha	662800	Urocissa erythrorhyncha
otu431404	Cissa chinensis	gremag1	Cissa_chinensis	662796	Cissa chinensis
otu431417	Pyrrhocorax graculus	yebcho1	Pyrrhocorax_graculus	140440	Pyrrhocorax graculus
otu431418	Pyrrhocorax pyrrhocorax	rebcho1	Pyrrhocorax_pyrrhocorax	662798	Pyrrhocorax pyrrhocorax
otu431397	Lanius schach	lotshr1	Lanius_schach	304535	Lanius schach
otu431398	Lanius tephronotus	gybshr1	Lanius_tephronotus	143573	Lanius tephronotus
otu431399	Lanius vittatus	babshr1	Lanius_vittatus	75988	Lanius vittatus
otu431400	Lanius meridionalis	ibgshr1	Lanius_meridionalis	830415	Lanius meridionalis
otu431393	Hypothymis azurea	blnmon1	Hypothymis_azurea	593814	Hypothymis azurea
otu431394	Terpsiphone paradisi	aspfly1	Terpsiphone_paradisi	72480	Terpsiphone paradisi
otu431396	Pomarea dimidiata	rarmon1	Pomarea_dimidiata	608635	Pomarea dimidiata
otu431395	Pomarea iphis	iphmon2	Pomarea_iphis	1093908	Pomarea iphis
otu431388	Dicrurus leucophaeus	ashdro1	Dicrurus_leucophaeus	597536	Dicrurus leucophaeus
otu431389	Dicrurus macrocercus	bladro1	Dicrurus_macrocercus	943593	Dicrurus macrocercus
otu431387	Dicrurus hottentottus	hacdro1	Dicrurus_hottentottus	965227	Dicrurus hottentottus
otu431385	Dicrurus paradiseus	grtdro1	Dicrurus_paradiseus	72475	Dicrurus paradiseus
otu431386	Dicrurus annectens	crbdro1	Dicrurus_annectans	550494	Dicrurus annectans
otu431384	Dicrurus remifer	lrtdro1	Dicrurus_remifer	554101	Dicrurus remifer
otu431390	Dicrurus aeneus	brodro1	Dicrurus_aeneus	554123	Dicrurus aeneus
otu431383	Dicrurus caerulescens	whbdro1	Dicrurus_caerulescens	554149	Dicrurus caerulescens
otu431392	Rhipidura aureola	whbfan2	Rhipidura_aureola	871302	Rhipidura aureola
otu431391	Rhipidura albicollis	whtfan1	Rhipidura_albicollis	20989	Rhipidura albicollis
otu431362	Pteruthius flaviscapis	wbsbab2	Pteruthius_flaviscapis	245037	Pteruthius flaviscapis
otu431361	Pteruthius rufiventer	bhsbab1	Pteruthius_rufiventer	31188	Pteruthius rufiventer
otu431363	Pteruthius melanotis	besbab1	Pteruthius_melanotis	41271	Pteruthius melanotis
otu431364	Pteruthius xanthochlorus	grsbab1	Pteruthius_xanthochlorus	31190	Pteruthius xanthochlorus
otu431360	Erpornis zantholeuca	whbyuh1	Erpornis_zantholeuca	602539	Erpornis zantholeuca
otu431367	Oriolus xanthornus	blhori1	Oriolus_xanthornus	583087	Oriolus xanthornus
otu431368	Oriolus traillii	marori2	Oriolus_traillii	667447	Oriolus traillii
otu431365	Oriolus kundoo	ingori1	Oriolus_kundoo	114674	Oriolus kundoo
otu431366	Oriolus tenuirostris	slbori1	Oriolus_tenuirostris	197499	Oriolus tenuirostris
otu431375	Pericrocotus roseus	rosmin1	Pericrocotus_roseus	781946	Pericrocotus roseus
otu431376	Pericrocotus speciosus	scamin1	Pericrocotus_speciosus	75981	Pericrocotus speciosus
otu431377	Pericrocotus brevirostris	shbmin2	Pericrocotus_brevirostris	207810	Pericrocotus brevirostris
otu431378	Pericrocotus ethologus	lotmin1	Pericrocotus_ethologus	269014	Pericrocotus ethologus
otu431374	Pericrocotus solaris	gycmin1	Pericrocotus_solaris	207811	Pericrocotus solaris
otu431379	Pericrocotus cinnamomeus	smamin1	Pericrocotus_cinnamomeus	207807	Pericrocotus cinnamomeus
otu431380	no_match	no_match	Coracina_melanoptera	524119	Coracina melanoptera
otu431381	no_match	no_match	Coracina_melaschistos	174107	Coracina melaschistos
otu431382	Coracina macei	larcus1	Coracina_macei	833375	Coracina macei
otu431373	Artamus fuscus	ashwoo2	Artamus_fuscus	669403	Artamus fuscus
otu431369	Aegithina tiphia	comior1	Aegithina_tiphia	1054561	Aegithina tiphia
otu431370	no_match	no_match	Tephrodornis_gularis	656025	Tephrodornis gularis
otu431371	Tephrodornis pondicerianus	comwoo1	Tephrodornis_pondicerianus	961529	Tephrodornis pondicerianus
otu431372	Hemipus picatus	bwfshr1	Hemipus_picatus	967492	Hemipus picatus
