otu_id	^clo:ClementsTaxonName2019	^clo:speciescode2019	^ot:originalLabel	^ot:ottId	^ot:ottTaxonName
otu8	Struthio camelus	ostric2	Struthio_camelus_STRUTHIONIFORMES_Struthionidae	647692	Struthio camelus
otu21	no_match	no_match	Anomalopteryx_didiformis_DINORNITHIFORMES_Emeidae	816665	Anomalopteryx didiformis
otu22	no_match	no_match	Emeus_crassus_DINORNITHIFORMES_Emeidae	576651	Emeus crassus
otu23	no_match	no_match	Pachyornis_australis_DINORNITHIFORMES_Emeidae	459222	Pachyornis australis
otu25	no_match	no_match	Megalapteryx_didinus_DINORNITHIFORMES_Megalapterygidae	816660	Megalapteryx didinus
otu24	no_match	no_match	Dinornis_giganteus_DINORNITHIFORMES_Dinornithidae	576657	Dinornis giganteus
otu26	Crypturellus soui	littin1	Crypturellus_soui_TINAMIFORMES_Tinamidae	960236	Crypturellus soui
otu27	Crypturellus tataupa	tattin1	Crypturellus_tataupa_TINAMIFORMES_Tinamidae	758347	Crypturellus tataupa
otu28	Tinamus guttatus	whttin1	Tinamus_guttatus_TINAMIFORMES_Tinamidae	306216	Tinamus guttatus
otu29	Tinamus major	gretin1	Tinamus_major_TINAMIFORMES_Tinamidae	402466	Tinamus major
otu31	Nothoprocta perdicaria	chitin1	Nothoprocta_perdicaria_TINAMIFORMES_Tinamidae	402446	Nothoprocta perdicaria
otu30	Eudromia elegans	elctin1	Eudromia_elegans_TINAMIFORMES_Tinamidae	292461	Eudromia elegans
otu15	no_match	no_match	Aepyornis_maximus_AEPYORNITHIFORMES_Aepyornithidae	463543	Aepyornis maximus
otu14	no_match	no_match	Mullerornis_sp_AEPYORNITHIFORMES_Aepyornithidae	747910	Mullerornis
otu13	Apteryx owenii	liskiw1	Apteryx_owenii_APTERYGIFORMES_Apterygidae	241844	Apteryx owenii
otu12	Apteryx haastii	grskiw1	Apteryx_haastii_APTERYGIFORMES_Apterygidae	241836	Apteryx haastii
otu9	Apteryx australis	sobkiw1	Apteryx_australis_APTERYGIFORMES_Apterygidae	241834	Apteryx australis
otu10	Apteryx mantelli	nibkiw1	Apteryx_mantelli_APTERYGIFORMES_Apterygidae	748998	Apteryx australis mantelli
otu11	Apteryx rowi	okbkiw1	Apteryx_rowi_APTERYGIFORMES_Apterygidae	165688	Apteryx rowi
otu18	Dromaius novaehollandiae	emu1	Dromaius_novaehollandiae_CASUARIIFORMES_Casuariidae	829513	Dromaius novaehollandiae
otu17	Casuarius casuarius	soucas1	Casuarius_casuarius_CASUARIIFORMES_Casuariidae	589152	Casuarius casuarius
otu16	Casuarius bennetti	dwacas1	Casuarius_bennetti_CASUARIIFORMES_Casuariidae	402459	Casuarius bennetti
otu19	Rhea americana	grerhe1	Rhea_americana_RHEIFORMES_Rheidae	857864	Rhea americana
otu20	Rhea pennata	lesrhe2	Rhea_pennata_RHEIFORMES_Rheidae	857860	Pterocnemia pennata
otu54	Dendrocygna viduata	wfwduc1	Dendrocygna_viduata_ANSERIFORMES_Anatidae	662622	Dendrocygna viduata
otu53	Oxyura jamaicensis	rudduc	Oxyura_jamaicensis_ANSERIFORMES_Anatidae	88378	Oxyura jamaicensis
otu52	Malacorhynchus membranaceus	pieduc1	Malacorhynchus_membranaceus_ANSERIFORMES_Anatidae	1082830	Malacorhynchus membranaceus
otu34	Aythya americana	redhea	Aythya_americana_ANSERIFORMES_Anatidae	693332	Aythya americana
otu33	Anas superciliosa	pabduc1	Anas_superciliosa_ANSERIFORMES_Anatidae	962757	Anas superciliosa
otu32	Anas platyrhynchos	mallar3	Anas_platyrhynchos_ANSERIFORMES_Anatidae	765167	Anas platyrhynchos
otu35	Biziura lobata	musduc1	Biziura_lobata_ANSERIFORMES_Anatidae	432041	Biziura lobata
otu36	Anser canagicus	empgoo	Anser_canagicus_ANSERIFORMES_Anatidae	166688	Anser canagica
otu37	Anser caerulescens	snogoo	Anser_caerulescens_ANSERIFORMES_Anatidae	190878	Anser caerulescens
otu38	Anser rossii	rosgoo	Anser_rossii_ANSERIFORMES_Anatidae	767830	Anser rossii
otu39	Anser erythropus	lwfgoo	Anser_erythropus_ANSERIFORMES_Anatidae	691333	Anser erythropus
otu40	Anser albifrons	gwfgoo	Anser_albifrons_ANSERIFORMES_Anatidae	430239	Anser albifrons
otu42	Anser fabalis	taibeg1	Anser_fabalis_ANSERIFORMES_Anatidae	325140	Anser fabalis
otu41	Anser brachyrhynchus	pifgoo	Anser_brachyrhynchus_ANSERIFORMES_Anatidae	970372	Anser brachyrhynchus
otu43	Anser cygnoides	swagoo1	Anser_cygnoides_ANSERIFORMES_Anatidae	190892	Anser cygnoides
otu44	Anser anser	gragoo	Anser_anser_ANSERIFORMES_Anatidae	190887	Anser anser
otu45	Anser indicus	bahgoo	Anser_indicus_ANSERIFORMES_Anatidae	190897	Anser indicus
otu46	Branta bernicla	brant	Branta_bernicla_ANSERIFORMES_Anatidae	135287	Branta bernicla
otu47	Branta canadensis	cangoo	Branta_canadensis_ANSERIFORMES_Anatidae	714461	Branta canadensis
otu48	Branta hutchinsii	cacgoo1	Branta_hutchinsii_ANSERIFORMES_Anatidae	972531	Branta hutchinsii
otu49	Branta leucopsis	bargoo	Branta_leucopsis_ANSERIFORMES_Anatidae	799124	Branta leucopsis
otu50	Branta sandvicensis	hawgoo	Branta_sandvicensis_ANSERIFORMES_Anatidae	767835	Branta sandvicensis
otu51	Branta ruficollis	rebgoo1	Branta_ruficollis_ANSERIFORMES_Anatidae	799106	Branta ruficollis
otu55	Anseranas semipalmata	maggoo1	Anseranas_semipalmata_ANSERIFORMES_Anseranatidae	714464	Anseranas semipalmata
otu56	Chauna torquata	souscr1	Chauna_torquata_ANSERIFORMES_Anhimidae	860132	Chauna torquata
otu167	Arborophila torqueola	hilpar1	Arborophila_torqueola_GALLIFORMES_Phasianidae	991317	Arborophila torqueola
otu168	Arborophila rufogularis	rutpar1	Arborophila_rufogularis_GALLIFORMES_Phasianidae	74933	Arborophila rufogularis
otu169	Caloperdix oculeus	ferpar2	Caloperdix_oculeus_GALLIFORMES_Phasianidae	136466	Caloperdix oculeus
otu170	Rollulus rouloul	crepar1	Rollulus_rouloul_GALLIFORMES_Phasianidae	352755	Rollulus rouloul
otu114	Tetraogallus altaicus	altsno1	Tetraogallus_altaicus_GALLIFORMES_Phasianidae	1033589	Tetraogallus altaicus
otu115	Tetraogallus himalayensis	himsno	Tetraogallus_himalayensis_GALLIFORMES_Phasianidae	849558	Tetraogallus himalayensis
otu110	Coturnix pectoralis	stuqua1	Coturnix_pectoralis_GALLIFORMES_Phasianidae	602029	Coturnix pectoralis
otu109	Coturnix japonica	japqua	Coturnix_japonica_GALLIFORMES_Phasianidae	803622	Coturnix japonica
otu108	Coturnix coturnix	comqua1	Coturnix_coturnix_GALLIFORMES_Phasianidae	1098760	Coturnix coturnix
otu111	Margaroperdix madagarensis	madpar2	Margaroperdix_madagarensis_GALLIFORMES_Phasianidae	681154	Margaroperdix madagarensis
otu112	Synoicus ypsilophorus	broqua1	Coturnix_ypsilophora_GALLIFORMES_Phasianidae	520554	Synoicus ypsilophorus
otu113	Synoicus chinensis	blbqua1	Excalfactoria_chinensis_GALLIFORMES_Phasianidae	144486	Coturnix chinensis
otu107	Ammoperdix heyi	sanpar1	Ammoperdix_heyi_GALLIFORMES_Phasianidae	124997	Ammoperdix heyi
otu106	Pternistis ahantensis	ahafra2	Pternistis_ahantensis_GALLIFORMES_Phasianidae	3596042	Pternistis ahantensis
otu102	Pternistis afer	renfra1	Pternistis_afer_GALLIFORMES_Phasianidae	676791	Francolinus afer
otu103	Pternistis leucoscepus	yenspu1	Pternistis_leucoscepus_GALLIFORMES_Phasianidae	914709	Francolinus leucoscepus
otu104	Pternistis swainsonii	swafra2	Pternistis_swainsonii_GALLIFORMES_Phasianidae	55577	Francolinus swainsonii
otu105	Pternistis bicalcaratus	dosfra2	Pternistis_bicalcaratus_GALLIFORMES_Phasianidae	681145	Francolinus bicalcaratus
otu100	Alectoris chukar	chukar	Alectoris_chukar_GALLIFORMES_Phasianidae	51358	Alectoris chukar
otu101	Alectoris rufa	relpar1	Alectoris_rufa_GALLIFORMES_Phasianidae	51360	Alectoris rufa
otu122	Scleroptila afra	gywfra1	Scleroptila_afra_GALLIFORMES_Phasianidae	681156	Scleroptila afra
otu121	Francolinus francolinus	blkfra	Francolinus_francolinus_GALLIFORMES_Phasianidae	676796	Francolinus francolinus
otu120	Gallus varius	grejun1	Gallus_varius_GALLIFORMES_Phasianidae	153572	Gallus varius
otu119	Gallus sonneratii	grejun2	Gallus_sonneratii_GALLIFORMES_Phasianidae	153560	Gallus sonneratii
otu118	Gallus lafayettii	ceyjun1	Gallus_lafayettii_GALLIFORMES_Phasianidae	153554	Gallus lafayetii
otu117	Gallus gallus	redjun	Gallus_gallus_GALLIFORMES_Phasianidae	153563	Gallus gallus
otu116	Bambusicola thoracicus	chbpar3	Bambusicola_thoracicus_GALLIFORMES_Phasianidae	521334	Bambusicola thoracicus
otu98	Arborophila charltonii	chnpar1	Arborophila_charltonii_GALLIFORMES_Phasianidae	3596050	Tropicoperdix charltonii
otu99	Arborophila chloropus	scbpar1	Arborophila_chloropus_GALLIFORMES_Phasianidae	3596057	Tropicoperdix chloropus
otu90	Haematortyx sanguiniceps	crhpar1	Haematortyx_sanguiniceps_GALLIFORMES_Phasianidae	401527	Haematortyx sanguiniceps
otu97	Galloperdix spadicea	redspu1	Galloperdix_spadicea_GALLIFORMES_Phasianidae	3596069	Galloperdix spadicea
otu96	Polyplectron napoleonis	palpep1	Polyplectron_napoleonis_GALLIFORMES_Phasianidae	352746	Polyplectron napoleonis
otu93	Polyplectron inopinatum	mopphe1	Polyplectron_inopinatum_GALLIFORMES_Phasianidae	658122	Polyplectron inopinatum
otu92	Polyplectron chalcurum	btpphe1	Polyplectron_chalcurum_GALLIFORMES_Phasianidae	110936	Polyplectron chalcurum
otu91	Polyplectron bicalcaratum	grypep2	Polyplectron_bicalcaratum_GALLIFORMES_Phasianidae	102705	Polyplectron bicalcaratum
otu94	Polyplectron germaini	gepphe1	Polyplectron_germaini_GALLIFORMES_Phasianidae	1058436	Polyplectron germaini
otu95	Polyplectron malacense	mapphe1	Polyplectron_malacense_GALLIFORMES_Phasianidae	580471	Polyplectron malacense
otu88	Argusianus argus	grearg1	Argusianus_argus_GALLIFORMES_Phasianidae	521339	Argusianus argus
otu89	Rheinardia ocellata	crearg1	Rheinardia_ocellata_GALLIFORMES_Phasianidae	727334	Rheinardia ocellata
otu86	Pavo cristatus	compea	Pavo_cristatus_GALLIFORMES_Phasianidae	453575	Pavo cristatus
otu87	Pavo muticus	grepea1	Pavo_muticus_GALLIFORMES_Phasianidae	102708	Pavo muticus
otu85	Afropavo congensis	conpea1	Afropavo_congensis_GALLIFORMES_Phasianidae	51349	Afropavo congensis
otu166	Lerwa lerwa	snopar1	Lerwa_lerwa_GALLIFORMES_Phasianidae	3596087	Lerwa lerwa
otu165	Ithaginis cruentus	blophe1	Ithaginis_cruentus_GALLIFORMES_Phasianidae	979426	Ithaginis cruentus
otu161	Tragopan blythii	blytra1	Tragopan_blythii_GALLIFORMES_Phasianidae	352751	Tragopan blythii
otu162	Tragopan satyra	sattra1	Tragopan_satyra_GALLIFORMES_Phasianidae	51354	Tragopan satyra
otu164	Tragopan temminckii	temtra1	Tragopan_temminckii_GALLIFORMES_Phasianidae	51356	Tragopan temminckii
otu163	Tragopan caboti	cabtra1	Tragopan_caboti_GALLIFORMES_Phasianidae	250898	Tragopan caboti
otu159	Lophophorus impejanus	himmon1	Lophophorus_impejanus_GALLIFORMES_Phasianidae	624442	Lophophorus impejanus
otu160	Tetraophasis obscurus	verpar1	Tetraophasis_obscurus_GALLIFORMES_Phasianidae	438396	Tetraophasis obscurus
otu156	Perdix dauurica	daupar1	Perdix_dauurica_GALLIFORMES_Phasianidae	520561	Perdix dauurica
otu157	Perdix perdix	grypar	Perdix_perdix_GALLIFORMES_Phasianidae	102712	Perdix perdix
otu151	Syrmaticus ellioti	ellphe1	Syrmaticus_ellioti_GALLIFORMES_Phasianidae	572165	Syrmaticus ellioti
otu152	Syrmaticus humiae	humphe1	Syrmaticus_humiae_GALLIFORMES_Phasianidae	572170	Syrmaticus humiae
otu153	Syrmaticus mikado	mikphe1	Syrmaticus_mikado_GALLIFORMES_Phasianidae	572168	Syrmaticus mikado
otu154	Syrmaticus reevesii	reephe1	Syrmaticus_reevesii_GALLIFORMES_Phasianidae	572176	Syrmaticus reevesii
otu155	Syrmaticus soemmerringii	copphe1	Syrmaticus_soemmerringii_GALLIFORMES_Phasianidae	572172	Syrmaticus soemmerringii
otu148	Phasianus colchicus	rinphe	Phasianus_colchicus_GALLIFORMES_Phasianidae	102719	Phasianus colchicus
otu146	Lophura edwardsi	edwphe1	Lophura_edwardsi_GALLIFORMES_Phasianidae	821600	Lophura edwardsi
otu147	Lophura swinhoii	swiphe1	Lophura_swinhoii_GALLIFORMES_Phasianidae	53709	Lophura swinhoii
otu145	Lophura nycthemera	silphe	Lophura_nycthemera_GALLIFORMES_Phasianidae	624446	Lophura nycthemera
otu144	Lophura leucomelanos	kalphe	Lophura_leucomelanos_GALLIFORMES_Phasianidae	53700	Lophura leucomelanos
otu141	Lophura diardi	siafir1	Lophura_diardi_GALLIFORMES_Phasianidae	352745	Lophura diardi
otu143	Lophura inornata	salphe1	Lophura_inornata_GALLIFORMES_Phasianidae	53708	Lophura inornata
otu142	Lophura ignita	crefir1	Lophura_ignita_GALLIFORMES_Phasianidae	624448	Lophura ignita
otu139	Crossoptilon auritum	blephe1	Crossoptilon_auritum_GALLIFORMES_Phasianidae	1098756	Crossoptilon auritum
otu140	Crossoptilon crossoptilon	whieap1	Crossoptilon_crossoptilon_GALLIFORMES_Phasianidae	352760	Crossoptilon crossoptilon
otu138	Catreus wallichii	chephe1	Catreus_wallichii_GALLIFORMES_Phasianidae	521329	Catreus wallichii
otu150	Chrysolophus pictus	golphe	Chrysolophus_pictus_GALLIFORMES_Phasianidae	521325	Chrysolophus pictus
otu149	Chrysolophus amherstiae	laaphe1	Chrysolophus_amherstiae_GALLIFORMES_Phasianidae	943883	Chrysolophus amherstiae
otu123	Bonasa umbellus	rufgro	Bonasa_umbellus_GALLIFORMES_Phasianidae	728082	Bonasa umbellus
otu134	Tetrastes bonasia	hazgro1	Tetrastes_bonasia_GALLIFORMES_Phasianidae	259105	Tetrastes bonasia
otu128	Tympanuchus phasianellus	shtgro	Tympanuchus_phasianellus_GALLIFORMES_Phasianidae	979422	Tympanuchus phasianellus
otu127	Tympanuchus cupido	grpchi	Tympanuchus_cupido_GALLIFORMES_Phasianidae	728073	Tympanuchus cupido
otu126	Dendragapus fuliginosus	soogro1	Dendragapus_fuliginosus_GALLIFORMES_Phasianidae	754431	Dendragapus fuliginosus
otu125	Centrocercus minimus	gusgro	Centrocercus_minimus_GALLIFORMES_Phasianidae	909953	Centrocercus minimus
otu124	Centrocercus urophasianus	saggro	Centrocercus_urophasianus_GALLIFORMES_Phasianidae	728077	Centrocercus urophasianus
otu133	Lagopus muta	rocpta1	Lagopus_muta_GALLIFORMES_Phasianidae	504006	Lagopus muta
otu132	Falcipennis falcipennis	sibgro2	Falcipennis_falcipennis_GALLIFORMES_Phasianidae	55929	Falcipennis falcipennis
otu131	Tetrao urogallus	wescap1	Tetrao_urogallus_GALLIFORMES_Phasianidae	484331	Tetrao urogallus
otu130	Tetrao mlokosiewiczi	caugro1	Lyrurus_mlokosiewiczi_GALLIFORMES_Phasianidae	168727	Lyrurus mlokosiewiczi
otu129	Falcipennis canadensis	sprgro	Falcipennis_canadensis_GALLIFORMES_Phasianidae	55937	Falcipennis canadensis
otu136	Meleagris gallopavo	wiltur	Meleagris_gallopavo_GALLIFORMES_Phasianidae	446482	Meleagris gallopavo
otu135	Meleagris ocellata	ocetur1	Meleagris_ocellata_GALLIFORMES_Phasianidae	446490	Meleagris ocellata
otu137	Pucrasia macrolopha	kokphe1	Pucrasia_macrolopha_GALLIFORMES_Phasianidae	572162	Pucrasia macrolopha
otu158	Rhizothera longirostris	lobpar3	Rhizothera_longirostris_GALLIFORMES_Phasianidae	781248	Rhizothera longirostris
otu83	Rhynchortyx cinctus	tafqua1	Rhynchortyx_cinctus_GALLIFORMES_Odontophoridae	3596005	Rhynchortyx cinctus
otu80	Cyrtonyx montezumae	monqua	Cyrtonyx_montezumae_GALLIFORMES_Odontophoridae	204716	Cyrtonyx montezumae
otu81	Odontophorus gujanensis	mawqua1	Odontophorus_gujanensis_GALLIFORMES_Odontophoridae	329457	Odontophorus gujanensis
otu82	Dactylortyx thoracicus	sinqua1	Dactylortyx_thoracicus_GALLIFORMES_Odontophoridae	3596014	Dactylortyx thoracicus
otu79	Oreortyx pictus	mouqua	Oreortyx_pictus_GALLIFORMES_Odontophoridae	676779	Oreortyx pictus
otu76	Callipepla californica	calqua	Callipepla_californica_GALLIFORMES_Odontophoridae	340882	Callipepla californica
otu78	Colinus cristatus	crebob1	Colinus_cristatus_GALLIFORMES_Odontophoridae	520556	Colinus cristatus
otu77	Colinus virginianus	norbob	Colinus_virginianus_GALLIFORMES_Odontophoridae	204709	Colinus virginianus
otu84	Ptilopachus petrosus	stopar1	Ptilopachus_petrosus_GALLIFORMES_Odontophoridae	867023	Ptilopachus petrosus
otu75	Numida meleagris	helgui	Numida_meleagris_GALLIFORMES_Numididae	684046	Numida meleagris
otu74	Guttera pucherani	cregui1	Guttera_pucherani_GALLIFORMES_Numididae	684048	Guttera pucherani
otu73	Acryllium vulturinum	vulgui1	Acryllium_vulturinum_GALLIFORMES_Numididae	684040	Acryllium vulturinum
otu61	Chamaepetes goudotii	siwgua1	Chamaepetes_goudotii_GALLIFORMES_Cracidae	488154	Chamaepetes goudotii
otu57	Aburria aburri	watgua1	Aburria_aburri_GALLIFORMES_Cracidae	963344	Aburria aburri
otu58	Pipile cumanensis	btpgua1	Pipile_cumanensis_GALLIFORMES_Cracidae	157739	Pipile cumanensis
otu59	Pipile jacutinga	bfpgua1	Pipile_jacutinga_GALLIFORMES_Cracidae	1014142	Pipile jacutinga
otu60	Penelope pileata	whcgua1	Penelope_pileata_GALLIFORMES_Cracidae	1024688	Penelope pileata
otu62	Penelopina nigra	higgua1	Penelopina_nigra_GALLIFORMES_Cracidae	80424	Penelopina nigra
otu72	Oreophasis derbianus	horgua1	Oreophasis_derbianus_GALLIFORMES_Cracidae	488145	Oreophasis derbianus
otu70	Ortalis motmot	varcha1	Ortalis_motmot_GALLIFORMES_Cracidae	188788	Ortalis motmot
otu71	Ortalis vetula	placha	Ortalis_vetula_GALLIFORMES_Cracidae	109882	Ortalis vetula
otu67	Mitu salvini	salcur1	Mitu_salvini_GALLIFORMES_Cracidae	786420	Mitu salvini
otu68	Nothocrax urumutum	noccur1	Nothocrax_urumutum_GALLIFORMES_Cracidae	488148	Nothocrax urumutum
otu69	Pauxi pauxi	helcur1	Pauxi_pauxi_GALLIFORMES_Cracidae	1014138	Pauxi pauxi
otu64	Crax globulosa	watcur1	Crax_globulosa_GALLIFORMES_Cracidae	654700	Crax globulosa
otu63	Crax alector	blacur1	Crax_alector_GALLIFORMES_Cracidae	654722	Crax alector
otu65	Crax daubentoni	yekcur1	Crax_daubentoni_GALLIFORMES_Cracidae	654723	Crax daubentoni
otu66	Crax rubra	grecur1	Crax_rubra_GALLIFORMES_Cracidae	132829	Crax rubra
otu173	Megapodius eremita	melscr1	Megapodius_eremita_GALLIFORMES_Megapodiidae	570964	Megapodius eremita
otu174	Megapodius layardi	vanscr1	Megapodius_layardi_GALLIFORMES_Megapodiidae	227314	Megapodius layardi
otu171	Alectura lathami	ausbrt1	Alectura_lathami_GALLIFORMES_Megapodiidae	570956	Alectura lathami
otu172	Leipoa ocellata	mallee1	Leipoa_ocellata_GALLIFORMES_Megapodiidae	109888	Leipoa ocellata
otu662	Podiceps auritus	horgre	Podiceps_auritus_PODICIPEDIFORMES_Podicipedidae	726164	Podiceps auritus
otu661	Podiceps cristatus	grcgre1	Podiceps_cristatus_PODICIPEDIFORMES_Podicipedidae	92263	Podiceps cristatus
otu660	Phoenicopterus ruber	grefla2	Phoenicopterus_ruber_PHOENICOPTERIFORMES_Phoenicopteridae	443650	Phoenicopterus ruber
otu659	Phoenicopterus chilensis	chifla1	Phoenicopterus_chilensis_PHOENICOPTERIFORMES_Phoenicopteridae	960220	Phoenicopterus chilensis
otu658	Monias benschi	submes1	Monias_benschi_MESITORNITHIFORMES_Mesitornithidae	582941	Monias benschi
otu657	Mesitornis unicolor	bromes1	Mesitornis_unicolor_MESITORNITHIFORMES_Mesitornithidae	966316	Mesitornis unicolor
otu656	Syrrhaptes paradoxus	palsan1	Syrrhaptes_paradoxus_PTEROCLIFORMES_Pteroclidae	817590	Syrrhaptes paradoxus
otu655	Pterocles namaqua	namsan1	Pterocles_namaqua_PTEROCLIFORMES_Pteroclidae	322445	Pterocles namaqua
otu654	Pterocles gutturalis	yetsan1	Pterocles_gutturalis_PTEROCLIFORMES_Pteroclidae	57819	Pterocles gutturalis
otu653	Columbina passerina	cogdov	Columbina_passerina_COLUMBIFORMES_Columbidae	157208	Columbina passerina
otu652	Columbina minuta	pbgdov1	Columbina_minuta_COLUMBIFORMES_Columbidae	54386	Columbina minuta
otu650	Geotrygon montana	ruqdov	Geotrygon_montana_COLUMBIFORMES_Columbidae	664480	Geotrygon montana
otu651	Leptotila rufaxilla	grfdov1	Leptotila_rufaxilla_COLUMBIFORMES_Columbidae	534763	Leptotila rufaxilla
otu649	Columba livia	rocpig	Columba_livia_COLUMBIFORMES_Columbidae	938416	Columba livia
otu648	Treron vernans	pinpig3	Treron_vernans_COLUMBIFORMES_Columbidae	329083	Treron vernans
otu647	Treron calvus	afrgrp1	Treron_calvus_COLUMBIFORMES_Columbidae	550858	Treron calvus
otu646	Ptilinopus magnificus	wofdov1	Ptilinopus_magnificus_COLUMBIFORMES_Columbidae	308571	Ptilinopus magnificus
otu642	Goura cristata	wecpig1	Goura_cristata_COLUMBIFORMES_Columbidae	1026076	Goura cristata
otu644	Goura victoria	vicpig1	Goura_victoria_COLUMBIFORMES_Columbidae	392933	Goura victoria
otu643	Goura scheepmakeri	soucrp2	Goura_scheepmakeri_COLUMBIFORMES_Columbidae	3596621	Goura scheepmakeri
otu641	Didunculus strigirostris	tobpig1	Didunculus_strigirostris_COLUMBIFORMES_Columbidae	506109	Didunculus strigirostris
otu640	Caloenas nicobarica	nicpig1	Caloenas_nicobarica_COLUMBIFORMES_Columbidae	1032058	Caloenas nicobarica
otu645	Otidiphaps nobilis	phepig1	Otidiphaps_nobilis_COLUMBIFORMES_Columbidae	543760	Otidiphaps nobilis
otu634	Crinifer piscator	wesple1	Crinifer_piscator_MUSOPHAGIFORMES_Musophagidae	198692	Crinifer piscator
otu633	Corythaeola cristata	grbtur1	Corythaeola_cristata_MUSOPHAGIFORMES_Musophagidae	842345	Corythaeola cristata
otu635	Tauraco erythrolophus	rectur1	Tauraco_erythrolophus_MUSOPHAGIFORMES_Musophagidae	487306	Tauraco erythrolophus
otu636	Tauraco macrorhynchus	yebtur1	Tauraco_macrorhynchus_MUSOPHAGIFORMES_Musophagidae	772727	Tauraco macrorhynchus
otu637	Ardeotis kori	korbus1	Ardeotis_kori_OTIDIFORMES_Otididae	521837	Ardeotis kori
otu638	Chlamydotis macqueenii	macbus1	Chlamydotis_macqueenii_OTIDIFORMES_Otididae	787600	Chlamydotis macqueenii
otu639	Eupodotis ruficrista	recbus1	Lophotis_ruficrista_OTIDIFORMES_Otididae	5031	Lophotis ruficrista
otu630	Crotophaga sulcirostris	grbani	Crotophaga_sulcirostris_CUCULIFORMES_Cuculidae	1041415	Crotophaga sulcirostris
otu632	Tapera naevia	strcuc1	Tapera_naevia_CUCULIFORMES_Cuculidae	933123	Tapera naevia
otu631	Geococcyx californianus	greroa	Geococcyx_californianus_CUCULIFORMES_Cuculidae	212182	Geococcyx californianus
otu625	Coccyzus americanus	yebcuc	Coccyzus_americanus_CUCULIFORMES_Cuculidae	891425	Coccyzus americanus
otu626	Coccyzus melacoryphus	dabcuc1	Coccyzus_melacoryphus_CUCULIFORMES_Cuculidae	787069	Coccyzus melacoryphus
otu627	Phaenicophaeus curvirostris	chbmal2	Phaenicophaeus_curvirostris_CUCULIFORMES_Cuculidae	1041420	Phaenicophaeus curvirostris
otu628	Cuculus canorus	comcuc	Cuculus_canorus_CUCULIFORMES_Cuculidae	792628	Cuculus canorus
otu629	Cuculus optatus	oricuc2	Cuculus_optatus_CUCULIFORMES_Cuculidae	5857186	Cuculus optatus
otu624	Coua cristata	crecou1	Coua_cristata_CUCULIFORMES_Cuculidae	787074	Coua cristata
otu623	Centropus viridis	phicou1	Centropus_viridis_CUCULIFORMES_Cuculidae	212748	Centropus viridis
otu622	Centropus bengalensis	lescou1	Centropus_bengalensis_CUCULIFORMES_Cuculidae	4947399	Centropus bengalensis
otu621	Eurostopodus mystacalis	whtnig3	Eurostopodus_mystacalis_CAPRIMULGIFORMES_Caprimulgidae	798642	Eurostopodus mystacalis
otu620	Lyncornis macrotis	grenig1	Lyncornis_macrotis_CAPRIMULGIFORMES_Caprimulgidae	483809	Lyncornis macrotis
otu619	Systellura longirostris	bawnig1	Systellura_longirostris_CAPRIMULGIFORMES_Caprimulgidae	7068108	Systellura longirostris
otu616	Antrostomus carolinensis	chwwid	Antrostomus_carolinensis_CAPRIMULGIFORMES_Caprimulgidae	416426	Antrostomus carolinensis
otu617	Caprimulgus europaeus	eurnig1	Caprimulgus_europaeus_CAPRIMULGIFORMES_Caprimulgidae	178687	Caprimulgus europaeus
otu618	Chordeiles pusillus	leanig1	Chordeiles_pusillus_CAPRIMULGIFORMES_Caprimulgidae	322686	Chordeiles pusillus
otu606	Batrachostomus septimus	phifro1	Batrachostomus_septimus_CAPRIMULGIFORMES_Podargidae	624321	Batrachostomus septimus
otu607	Podargus strigoides	tawfro1	Podargus_strigoides_CAPRIMULGIFORMES_Podargidae	313120	Podargus strigoides
otu598	Calypte anna	annhum	Calypte_anna_APODIFORMES_Trochilidae	810756	Calypte anna
otu599	Archilochus colubris	rthhum	Archilochus_colubris_APODIFORMES_Trochilidae	759410	Archilochus colubris
otu600	Colibri coruscans	spvear1	Colibri_coruscans_APODIFORMES_Trochilidae	804120	Colibri coruscans
otu601	Phaethornis superciliosus	lother1	Phaethornis_superciliosus_APODIFORMES_Trochilidae	174367	Phaethornis superciliosus
otu602	Phaethornis griseogularis	gycher1	Phaethornis_griseogularis_APODIFORMES_Trochilidae	51272	Phaethornis griseogularis
otu605	Florisuga fusca	blkjac1	Florisuga_fusca_APODIFORMES_Trochilidae	583605	Florisuga fusca
otu603	Topaza pella	critop1	Topaza_pella_APODIFORMES_Trochilidae	664346	Topaza pella
otu604	Topaza pyra	fietop1	Topaza_pyra_APODIFORMES_Trochilidae	897893	Topaza pyra
otu597	Hemiprocne mystacea	moutre1	Hemiprocne_mystacea_APODIFORMES_Hemiprocnidae	174365	Hemiprocne mystacea
otu596	Hemiprocne comata	whitre1	Hemiprocne_comata_APODIFORMES_Hemiprocnidae	1077292	Hemiprocne comata
otu595	Streptoprocne zonaris	whcswi	Streptoprocne_zonaris_APODIFORMES_Apodidae	697414	Streptoprocne zonaris
otu594	Chaetura pelagica	chiswi	Chaetura_pelagica_APODIFORMES_Apodidae	609785	Chaetura pelagica
otu593	Aerodramus vanikorensis	uniswi1	Aerodramus_vanikorensis_APODIFORMES_Apodidae	332662	Aerodramus vanikorensis
otu591	Aegotheles cristatus	auonig1	Aegotheles_cristatus_APODIFORMES_Aegothelidae	540033	Aegotheles cristatus
otu592	Aegotheles insignis	feonig1	Aegotheles_insignis_APODIFORMES_Aegothelidae	331487	Euaegotheles insignis
otu615	Steatornis caripensis	oilbir1	Steatornis_caripensis_CAPRIMULGIFORMES_Steatornithidae	701548	Steatornis caripensis
otu609	Nyctibius griseus	compot1	Nyctibius_griseus_CAPRIMULGIFORMES_Nyctibiidae	178242	Nyctibius griseus
otu610	Nyctibius jamaicensis	norpot1	Nyctibius_jamaicensis_CAPRIMULGIFORMES_Nyctibiidae	228481	Nyctibius jamaicensis
otu612	Nyctibius maculosus	andpot1	Nyctibius_maculosus_CAPRIMULGIFORMES_Nyctibiidae	701553	Nyctibius maculosus
otu611	Nyctibius leucopterus	whwpot1	Nyctibius_leucopterus_CAPRIMULGIFORMES_Nyctibiidae	178241	Nyctibius leucopterus
otu608	Nyctibius aethereus	lotpot1	Nyctibius_aethereus_CAPRIMULGIFORMES_Nyctibiidae	178251	Nyctibius aethereus
otu613	Nyctibius grandis	grepot1	Nyctibius_grandis_CAPRIMULGIFORMES_Nyctibiidae	178249	Nyctibius grandis
otu614	Nyctibius bracteatus	rufpot1	Nyctibius_bracteatus_CAPRIMULGIFORMES_Nyctibiidae	178250	Nyctibius bracteatus
otu590	Opisthocomus hoazin	hoatzi1	Opisthocomus_hoazin_OPISTHOCOMIFORMES_Opisthocomidae	928360	Opisthocomus hoazin
otu566	Turnix sylvaticus	smabut2	Turnix_sylvaticus_CHARADRIIFORMES_Turnicidae	810658	Turnix sylvaticus
otu565	Glareola cinerea	grypra1	Glareola_cinerea_CHARADRIIFORMES_Glareolidae	3596816	Glareola cinerea
otu564	Dromas ardeola	craplo1	Dromas_ardeola_CHARADRIIFORMES_Dromadidae	383929	Dromas ardeola
otu559	Uria aalge	commur	Uria_aalge_CHARADRIIFORMES_Alcidae	820016	Uria aalge
otu560	Chroicocephalus cirrocephalus	grhgul	Chroicocephalus_cirrocephalus_CHARADRIIFORMES_Laridae	938686	Chroicocephalus cirrocephalus
otu561	Larus marinus	gbbgul	Larus_marinus_CHARADRIIFORMES_Laridae	887691	Larus marinus
otu563	Sterna hirundo	comter	Sterna_hirundo_CHARADRIIFORMES_Laridae	1057459	Sterna hirundo
otu562	Rynchops niger	blkski	Rynchops_niger_CHARADRIIFORMES_Laridae	738512	Rynchops niger
otu573	Limosa lapponica	batgod	Limosa_lapponica_CHARADRIIFORMES_Scolopacidae	304018	Limosa lapponica
otu571	Arenaria interpres	rudtur	Arenaria_interpres_CHARADRIIFORMES_Scolopacidae	821753	Arenaria interpres
otu572	Tringa solitaria	solsan	Tringa_solitaria_CHARADRIIFORMES_Scolopacidae	809000	Tringa solitaria
otu567	Jacana jacana	watjac1	Jacana_jacana_CHARADRIIFORMES_Jacanidae	332005	Jacana jacana
otu568	Rostratula benghalensis	grpsni1	Rostratula_benghalensis_CHARADRIIFORMES_Rostratulidae	5276	Rostratula benghalensis
otu569	Pedionomus torquatus	plawan1	Pedionomus_torquatus_CHARADRIIFORMES_Pedionomidae	163953	Pedionomus torquatus
otu570	Thinocorus orbignyianus	gybsee1	Thinocorus_orbignyianus_CHARADRIIFORMES_Thinocoridae	628490	Thinocorus orbignyianus
otu575	Charadrius vociferus	killde	Charadrius_vociferus_CHARADRIIFORMES_Charadriidae	661811	Charadrius vociferus
otu576	Phegornis mitchellii	diaplo1	Phegornis_mitchellii_CHARADRIIFORMES_Charadriidae	214792	Phegornis mitchellii
otu578	Recurvirostra americana	ameavo	Recurvirostra_americana_CHARADRIIFORMES_Recurvirostridae	427710	Recurvirostra americana
otu577	Haematopus ater	blaoys1	Haematopus_ater_CHARADRIIFORMES_Haematopodidae	918965	Haematopus ater
otu574	Burhinus oedicnemus	eutkne1	Burhinus_oedicnemus_CHARADRIIFORMES_Burhinidae	261314	Burhinus oedicnemus
otu589	Porphyrio porphyrio	purswa1	Porphyrio_porphyrio_GRUIFORMES_Rallidae	148209	Porphyrio porphyrio
otu588	Rallus longirostris	manrai1	Rallus_longirostris_GRUIFORMES_Rallidae	440610	Rallus longirostris
otu587	Rallus limicola	virrai	Rallus_limicola_GRUIFORMES_Rallidae	502780	Rallus limicola
otu586	Himantornis haematopus	nkurai1	Himantornis_haematopus_GRUIFORMES_Rallidae	383918	Himantornis haematopus
otu585	Sarothrura elegans	busflu1	Sarothrura_elegans_GRUIFORMES_Sarothruridae	399792	Sarothrura elegans
otu584	Sarothrura rufa	recflu1	Sarothrura_rufa_GRUIFORMES_Sarothruridae	591541	Sarothrura rufa
otu583	Heliornis fulica	sungre1	Heliornis_fulica_GRUIFORMES_Heliornithidae	440618	Heliornis fulica
otu582	Psophia crepitans	gywtru1	Psophia_crepitans_GRUIFORMES_Psophiidae	915643	Psophia crepitans
otu581	Balearica regulorum	grccra1	Balearica_regulorum_GRUIFORMES_Gruidae	191006	Balearica regulorum
otu580	Antigone canadensis	sancra	Antigone_canadensis_GRUIFORMES_Gruidae	257929	Antigone canadensis
otu579	Aramus guarauna	limpki	Aramus_guarauna_GRUIFORMES_Aramidae	1095362	Aramus guarauna
otu183	Cathartes aura	turvul	Cathartes_aura_ACCIPITRIFORMES_Cathartidae	9106	Cathartes aura
otu184	Cathartes burrovianus	lyhvul1	Cathartes_burrovianus_ACCIPITRIFORMES_Cathartidae	316998	Cathartes burrovianus
otu186	Vultur gryphus	andcon1	Vultur_gryphus_ACCIPITRIFORMES_Cathartidae	363015	Vultur gryphus
otu185	Sarcoramphus papa	kinvul1	Sarcoramphus_papa_ACCIPITRIFORMES_Cathartidae	819160	Sarcoramphus papa
otu181	Pandion haliaetus	osprey	Pandion_haliaetus_ACCIPITRIFORMES_Pandionidae	509837	Pandion haliaetus
otu180	Elanus leucurus	whtkit	Elanus_leucurus_ACCIPITRIFORMES_Accipitridae	153874	Elanus leucurus
otu176	Buteo jamaicensis	rethaw	Buteo_jamaicensis_ACCIPITRIFORMES_Accipitridae	509839	Buteo jamaicensis
otu178	Haliaeetus leucocephalus	baleag	Haliaeetus_leucocephalus_ACCIPITRIFORMES_Accipitridae	1012350	Haliaeetus leucocephalus
otu177	Haliaeetus albicilla	whteag	Haliaeetus_albicilla_ACCIPITRIFORMES_Accipitridae	263118	Haliaeetus albicilla
otu175	Aquila chrysaetos	goleag	Aquila_chrysaetos_ACCIPITRIFORMES_Accipitridae	263127	Aquila chrysaetos
otu179	Elanoides forficatus	swtkit	Elanoides_forficatus_ACCIPITRIFORMES_Accipitridae	1053065	Elanoides forficatus
otu182	Sagittarius serpentarius	secret2	Sagittarius_serpentarius_ACCIPITRIFORMES_Sagittariidae	1036186	Sagittarius serpentarius
otu256	Trogon personatus	mastro1	Trogon_personatus_TROGONIFORMES_Trogonidae	284302	Trogon personatus
otu255	Trogon elegans	eletro	Trogon_elegans_TROGONIFORMES_Trogonidae	917899	Trogon elegans
otu254	Pharomachrus auriceps	gohque1	Pharomachrus_auriceps_TROGONIFORMES_Trogonidae	917902	Pharomachrus auriceps
otu253	Apaloderma vittatum	battro1	Apaloderma_vittatum_TROGONIFORMES_Trogonidae	291857	Apaloderma vittatum
otu252	Apaloderma aequatoriale	bactro1	Apaloderma_aequatoriale_TROGONIFORMES_Trogonidae	95396	Apaloderma aequatoriale
otu251	Apaloderma narina	nartro1	Apaloderma_narina_TROGONIFORMES_Trogonidae	392077	Apaloderma narina
otu191	Phoeniculus purpureus	grewoo2	Phoeniculus_purpureus_BUCEROTIFORMES_Phoeniculidae	238765	Phoeniculus purpureus
otu192	Rhinopomastus cyanomelas	cosbil1	Rhinopomastus_cyanomelas_BUCEROTIFORMES_Phoeniculidae	49610	Rhinopomastus cyanomelas
otu193	Upupa epops	hoopoe	Upupa_epops_BUCEROTIFORMES_Upupidae	412129	Upupa epops
otu189	Bucorvus abyssinicus	noghor1	Bucorvus_abyssinicus_BUCEROTIFORMES_Bucorvidae	991309	Bucorvus abyssinicus
otu190	Bucorvus leadbeateri	soghor1	Bucorvus_leadbeateri_BUCEROTIFORMES_Bucorvidae	814836	Bucorvus leadbeateri
otu187	Buceros rhinoceros	rhihor1	Buceros_rhinoceros_BUCEROTIFORMES_Bucerotidae	785189	Buceros rhinoceros
otu188	Lophoceros camurus	rbdhor1	Lophoceros_camurus_BUCEROTIFORMES_Bucerotidae	383917	Tockus camurus
otu217	Momotus momota	bucmot4	Momotus_momota_CORACIIFORMES_Momotidae	989081	Momotus momota
otu216	Hylomanes momotula	todmot1	Hylomanes_momotula_CORACIIFORMES_Momotidae	88365	Hylomanes momotula
otu210	Syma megarhyncha	moukin1	Syma_megarhyncha_CORACIIFORMES_Alcedinidae	3596405	Syma megarhyncha
otu211	Todiramphus tutus	chakin2	Todiramphus_tutus_CORACIIFORMES_Alcedinidae	3596391	Todiramphus tutus
otu207	Melidora macrorrhina	hobkin1	Melidora_macrorrhina_CORACIIFORMES_Alcedinidae	757734	Melidora macrorrhina
otu206	Clytoceyx rex	shbkoo1	Clytoceyx_rex_CORACIIFORMES_Alcedinidae	757735	Clytoceyx rex
otu205	Dacelo gaudichaud	rubkoo1	Dacelo_gaudichaud_CORACIIFORMES_Alcedinidae	234479	Dacelo gaudichaud
otu204	Dacelo novaeguineae	laukoo1	Dacelo_novaeguineae_CORACIIFORMES_Alcedinidae	938422	Dacelo novaeguineae
otu208	Actenoides lindsayi	spokin1	Actenoides_lindsayi_CORACIIFORMES_Alcedinidae	571605	Actenoides lindsayi
otu209	Caridonax fulgidus	whrkin1	Caridonax_fulgidus_CORACIIFORMES_Alcedinidae	3596460	Caridonax fulgidus
otu212	Tanysiptera sylvia	bubpak1	Tanysiptera_sylvia_CORACIIFORMES_Alcedinidae	3596400	Tanysiptera sylvia
otu214	Pelargopsis capensis	stbkin1	Pelargopsis_capensis_CORACIIFORMES_Alcedinidae	589619	Pelargopsis capensis
otu213	Halcyon senegalensis	wookin1	Halcyon_senegalensis_CORACIIFORMES_Alcedinidae	234474	Halcyon senegalensis
otu215	Lacedo pulchella	bankin1	Lacedo_pulchella_CORACIIFORMES_Alcedinidae	485388	Lacedo pulchella
otu200	Chloroceryle aenea	ampkin1	Chloroceryle_aenea_CORACIIFORMES_Alcedinidae	986901	Chloroceryle aenea
otu201	Chloroceryle inda	garkin1	Chloroceryle_inda_CORACIIFORMES_Alcedinidae	485385	Chloroceryle inda
otu202	Ceryle rudis	piekin1	Ceryle_rudis_CORACIIFORMES_Alcedinidae	26085	Ceryle rudis
otu203	Megaceryle alcyon	belkin1	Megaceryle_alcyon_CORACIIFORMES_Alcedinidae	839181	Megaceryle alcyon
otu198	Corythornis leucogaster	whbkin1	Corythornis_leucogaster_CORACIIFORMES_Alcedinidae	26087	Corythornis leucogaster
otu197	Corythornis cristatus	malkin1	Corythornis_cristatus_CORACIIFORMES_Alcedinidae	651469	Corythornis cristatus
otu199	Ispidina lecontei	dwakin1	Ispidina_lecontei_CORACIIFORMES_Alcedinidae	1061846	Ceyx lecontei
otu196	Ceyx collectoris	vardwk11	Ceyx_collectoris_CORACIIFORMES_Alcedinidae	6151315	Ceyx collectoris
otu194	Alcedo atthis	comkin1	Alcedo_atthis_CORACIIFORMES_Alcedinidae	549519	Alcedo atthis
otu195	Alcedo quadribrachys	shbkin1	Alcedo_quadribrachys_CORACIIFORMES_Alcedinidae	26078	Alcedo quadribrachys
otu218	Todus angustirostris	nabtod1	Todus_angustirostris_CORACIIFORMES_Todidae	986892	Todus angustirostris
otu219	Todus mexicanus	purtod1	Todus_mexicanus_CORACIIFORMES_Todidae	741575	Todus mexicanus
otu220	Atelornis pittoides	plgrol1	Atelornis_pittoides_CORACIIFORMES_Brachypteraciidae	372536	Atelornis pittoides
otu221	no_match	no_match	Geobiastes_squamiger_CORACIIFORMES_Brachypteraciidae	7068130	Geobiastes squamiger
otu223	Coracias abyssinicus	abyrol2	Coracias_abyssinicus_CORACIIFORMES_Coraciidae	704139	Coracias abyssinicus
otu222	Coracias caudatus	librol2	Coracias_caudatus_CORACIIFORMES_Coraciidae	244691	Coracias caudatus
otu224	Merops nubicus	ncbeat1	Merops_nubicus_CORACIIFORMES_Meropidae	989087	Merops nubicus
otu225	Merops muelleri	bhbeat2	Merops_muelleri_CORACIIFORMES_Meropidae	724982	Merops muelleri
otu226	Nyctyornis amictus	rbbeat1	Nyctyornis_amictus_CORACIIFORMES_Meropidae	524018	Nyctyornis amictus
otu237	Ramphastos ambiguus	bkmtou1	Ramphastos_ambiguus_PICIFORMES_Ramphastidae	967515	Ramphastos ambiguus
otu236	Capito niger	blsbar1	Capito_niger_PICIFORMES_Capitonidae	1068254	Capito niger
otu239	Pogoniulus bilineatus	yertin1	Pogoniulus_bilineatus_PICIFORMES_Lybiidae	291639	Pogoniulus bilineatus
otu238	Buccanodon duchaillui	yesbar1	Buccanodon_duchaillui_PICIFORMES_Lybiidae	789428	Buccanodon duchaillui
otu240	Psilopogon virens	grebar1	Psilopogon_virens_PICIFORMES_Megalaimidae	6154913	Psilopogon virens
otu241	Psilopogon chrysopogon	gowbar2	Psilopogon_chrysopogon_PICIFORMES_Megalaimidae	6154891	Psilopogon chrysopogon
otu244	Prodotiscus insignis	cashon1	Prodotiscus_insignis_PICIFORMES_Indicatoridae	266357	Prodotiscus insignis
otu243	Indicator maculatus	spohon2	Indicator_maculatus_PICIFORMES_Indicatoridae	552486	Indicator maculatus
otu242	Indicator exilis	leahon2	Indicator_exilis_PICIFORMES_Indicatoridae	130073	Indicator exilis
otu250	Jynx torquilla	eurwry	Jynx_torquilla_PICIFORMES_Picidae	467846	Jynx torquilla
otu249	Jynx ruficollis	runwry1	Jynx_ruficollis_PICIFORMES_Picidae	3600188	Jynx ruficollis
otu245	Dryobates pubescens	dowwoo	Dryobates_pubescens_PICIFORMES_Picidae	873958	Picoides pubescens
otu246	Sphyrapicus varius	yebsap	Sphyrapicus_varius_PICIFORMES_Picidae	744570	Sphyrapicus varius
otu248	Picus canus	gyfwoo1	Picus_canus_PICIFORMES_Picidae	226445	Picus canus
otu247	Dryocopus pileatus	pilwoo	Dryocopus_pileatus_PICIFORMES_Picidae	733984	Dryocopus pileatus
otu227	Bucco capensis	colpuf1	Bucco_capensis_PICIFORMES_Bucconidae	483807	Bucco capensis
otu228	Bucco macrodactylus	chcpuf1	Bucco_macrodactylus_PICIFORMES_Bucconidae	960235	Bucco macrodactylus
otu229	Malacoptila fusca	whcpuf1	Malacoptila_fusca_PICIFORMES_Bucconidae	574523	Malacoptila fusca
otu230	Nonnula ruficapilla	rucnun1	Nonnula_ruficapilla_PICIFORMES_Bucconidae	3600711	Nonnula ruficapilla
otu231	Brachygalba albogularis	whtjac1	Brachygalba_albogularis_PICIFORMES_Galbulidae	3600688	Brachygalba albogularis
otu235	Galbula albirostris	yebjac1	Galbula_albirostris_PICIFORMES_Galbulidae	383931	Galbula albirostris
otu234	Galbula leucogastra	brojac1	Galbula_leucogastra_PICIFORMES_Galbulidae	784520	Galbula leucogastra
otu232	Galbula chalcothorax	purjac1	Galbula_chalcothorax_PICIFORMES_Galbulidae	3600693	Galbula chalcothorax
otu233	Galbula dea	parjac1	Galbula_dea_PICIFORMES_Galbulidae	721164	Galbula dea
otu257	Leptosomus discolor	cuckoo1	Leptosomus_discolor_LEPTOSOMIFORMES_Leptosomidae	897867	Leptosomus discolor
otu260	Urocolius indicus	refmou1	Urocolius_indicus_COLIIFORMES_Coliidae	1094061	Urocolius indicus
otu259	Colius striatus	spemou2	Colius_striatus_COLIIFORMES_Coliidae	462544	Colius striatus
otu258	Colius colius	whbmou1	Colius_colius_COLIIFORMES_Coliidae	462548	Colius colius
otu264	Phodilus badius	orbowl1	Phodilus_badius_STRIGIFORMES_Tytonidae	842854	Phodilus badius
otu265	Tyto alba	brnowl	Tyto_alba_STRIGIFORMES_Tytonidae	1065606	Tyto alba
otu261	Athene cunicularia	burowl	Athene_cunicularia_STRIGIFORMES_Strigidae	944695	Athene cunicularia
otu263	Strix varia	brdowl	Strix_varia_STRIGIFORMES_Strigidae	509065	Strix varia
otu262	Strix occidentalis	spoowl	Strix_occidentalis_STRIGIFORMES_Strigidae	273899	Strix occidentalis
otu512	Cariama cristata	relser1	Cariama_cristata_CARIAMIFORMES_Cariamidae	86685	Cariama cristata
otu511	Chunga burmeisteri	bllser1	Chunga_burmeisteri_CARIAMIFORMES_Cariamidae	3600042	Chunga burmeisteri
otu450	Cacatua sulphurea	yeccoc1	Cacatua_sulphurea_PSITTACIFORMES_Cacatuidae	290348	Cacatua sulphurea
otu451	Probosciger aterrimus	palcoc1	Probosciger_aterrimus_PSITTACIFORMES_Cacatuidae	645854	Probosciger aterrimus
otu454	Deroptyus accipitrinus	refpar3	Deroptyus_accipitrinus_PSITTACIFORMES_Psittacidae	416108	Deroptyus accipitrinus
otu453	Ara macao	scamac1	Ara_macao_PSITTACIFORMES_Psittacidae	851014	Ara macao
otu452	Amazona autumnalis	relpar	Amazona_autumnalis_PSITTACIFORMES_Psittacidae	636288	Amazona autumnalis
otu455	Psittacus erithacus	grepar	Psittacus_erithacus_PSITTACIFORMES_Psittacidae	285641	Psittacus erithacus
otu456	Alisterus scapularis	aukpar1	Alisterus_scapularis_PSITTACIFORMES_Psittaculidae	183243	Alisterus scapularis
otu457	Psittacula alexandri	rebpar4	Psittacula_alexandri_PSITTACIFORMES_Psittaculidae	753626	Psittacula alexandri
otu458	Micropsitta finschii	fippar1	Micropsitta_finschii_PSITTACIFORMES_Psittaculidae	989085	Micropsitta finschii
otu506	Platycercus elegans	criros2	Platycercus_elegans_PSITTACIFORMES_Psittaculidae	224308	Platycercus elegans
otu507	Barnardius zonarius	polpar1	Barnardius_zonarius_PSITTACIFORMES_Psittaculidae	57350	Barnardius zonarius
otu504	Psittaculirostris edwardsii	edfpar1	Psittaculirostris_edwardsii_PSITTACIFORMES_Psittaculidae	995021	Psittaculirostris edwardsii
otu505	Cyclopsitta diophthalma	defpar1	Cyclopsitta_diophthalma_PSITTACIFORMES_Psittaculidae	717629	Cyclopsitta diophthalma
otu503	Melopsittacus undulatus	budger	Melopsittacus_undulatus_PSITTACIFORMES_Psittaculidae	734818	Melopsittacus undulatus
otu492	Neopsittacus musschenbroekii	yeblor2	Neopsittacus_musschenbroekii_PSITTACIFORMES_Psittaculidae	771941	Neopsittacus musschenbroekii
otu491	Neopsittacus pullicauda	orblor1	Neopsittacus_pullicauda_PSITTACIFORMES_Psittaculidae	276614	Neopsittacus pullicauda
otu490	Lorius chlorocercus	yeblor1	Lorius_chlorocercus_PSITTACIFORMES_Psittaculidae	3600318	Lorius chlorocercus
otu489	Lorius albidinucha	whnlor2	Lorius_albidinucha_PSITTACIFORMES_Psittaculidae	771942	Lorius albidinucha
otu487	Lorius lory	blclor1	Lorius_lory_PSITTACIFORMES_Psittaculidae	417932	Lorius lory
otu488	Lorius hypoinochrous	publor1	Lorius_hypoinochrous_PSITTACIFORMES_Psittaculidae	76698	Lorius hypoinochrous
otu486	Lorius domicella	punlor1	Lorius_domicella_PSITTACIFORMES_Psittaculidae	3600319	Lorius domicella
otu485	Lorius garrulus	chalor1	Lorius_garrulus_PSITTACIFORMES_Psittaculidae	312140	Lorius garrulus
otu482	Glossopsitta porphyrocephala	puclor1	Parvipsitta_porphyrocephala_PSITTACIFORMES_Psittaculidae	717638	Glossopsitta porphyrocephala
otu483	Glossopsitta pusilla	litlor1	Parvipsitta_pusilla_PSITTACIFORMES_Psittaculidae	224907	Glossopsitta pusilla
otu484	Psitteuteles versicolor	varlor1	Psitteuteles_versicolor_PSITTACIFORMES_Psittaculidae	3600339	Psitteuteles versicolor
otu480	Glossopsitta concinna	muslor1	Glossopsitta_concinna_PSITTACIFORMES_Psittaculidae	225747	Glossopsitta concinna
otu478	Trichoglossus haematodus	railor4	Trichoglossus_haematodus_PSITTACIFORMES_Psittaculidae	225737	Trichoglossus haematodus
otu477	Trichoglossus moluccanus	railor5	Trichoglossus_moluccanus_PSITTACIFORMES_Psittaculidae	7068808	Trichoglossus moluccanus
otu472	Trichoglossus capistratus	railor2	Trichoglossus_capistratus_PSITTACIFORMES_Psittaculidae	3600302	Trichoglossus capistratus
otu473	Trichoglossus forsteni	railor3	Trichoglossus_forsteni_PSITTACIFORMES_Psittaculidae	3600304	Trichoglossus forsteni
otu474	Trichoglossus weberi	railor8	Trichoglossus_weberi_PSITTACIFORMES_Psittaculidae	3600299	Trichoglossus weberi
otu475	Trichoglossus euteles	olhlor1	Trichoglossus_euteles_PSITTACIFORMES_Psittaculidae	943740	Trichoglossus euteles
otu476	Trichoglossus rubritorquis	railor7	Trichoglossus_rubritorquis_PSITTACIFORMES_Psittaculidae	3600301	Trichoglossus rubritorquis
otu479	Trichoglossus chlorolepidotus	scblor1	Trichoglossus_chlorolepidotus_PSITTACIFORMES_Psittaculidae	293722	Trichoglossus chlorolepidotus
otu469	Trichoglossus ornatus	ornlor1	Trichoglossus_ornatus_PSITTACIFORMES_Psittaculidae	276607	Trichoglossus ornatus
otu470	Psitteuteles iris	irilor1	Psitteuteles_iris_PSITTACIFORMES_Psittaculidae	3600338	Psitteuteles iris
otu471	Trichoglossus johnstoniae	minlor1	Trichoglossus_johnstoniae_PSITTACIFORMES_Psittaculidae	7113	Trichoglossus johnstoniae
otu468	Eos reticulata	blslor1	Eos_reticulata_PSITTACIFORMES_Psittaculidae	799912	Eos reticulata
otu464	Eos bornea	redlor1	Eos_bornea_PSITTACIFORMES_Psittaculidae	417928	Eos bornea
otu467	Eos histrio	rablor1	Eos_histrio_PSITTACIFORMES_Psittaculidae	893364	Eos histrio
otu466	Eos squamata	vinlor1	Eos_squamata_PSITTACIFORMES_Psittaculidae	417926	Eos squamata
otu465	Eos cyanogenia	blwlor1	Eos_cyanogenia_PSITTACIFORMES_Psittaculidae	547240	Eos cyanogenia
otu481	Psitteuteles goldiei	gollor1	Psitteuteles_goldiei_PSITTACIFORMES_Psittaculidae	799913	Psitteuteles goldiei
otu460	Chalcopsitta scintillata	yeslor1	Chalcopsitta_scintillata_PSITTACIFORMES_Psittaculidae	417920	Chalcopsitta scintillata
otu459	Chalcopsitta atra	blalor1	Chalcopsitta_atra_PSITTACIFORMES_Psittaculidae	417918	Chalcopsitta atra
otu461	Chalcopsitta duivenbodei	brolor1	Chalcopsitta_duivenbodei_PSITTACIFORMES_Psittaculidae	417923	Chalcopsitta duivenbodei
otu462	Chalcopsitta cardinalis	carlor1	Pseudeos_cardinalis_PSITTACIFORMES_Psittaculidae	276605	Chalcopsitta cardinalis
otu463	Pseudeos fuscata	duslor1	Pseudeos_fuscata_PSITTACIFORMES_Psittaculidae	396440	Pseudeos fuscata
otu495	Charmosyna pulchella	failor1	Charmosyna_pulchella_PSITTACIFORMES_Psittaculidae	58941	Charmosyna pulchella
otu499	Charmosyna meeki	meelor1	Charmosyna_meeki_PSITTACIFORMES_Psittaculidae	3600308	Charmosyna meeki
otu498	Phigys solitarius	collor1	Phigys_solitarius_PSITTACIFORMES_Psittaculidae	771947	Phigys solitarius
otu496	Vini australis	blclor2	Vini_australis_PSITTACIFORMES_Psittaculidae	749201	Vini australis
otu497	Vini peruviana	blulor1	Vini_peruviana_PSITTACIFORMES_Psittaculidae	724141	Vini peruviana
otu494	Charmosyna multistriata	strlor1	Charmosyna_multistriata_PSITTACIFORMES_Psittaculidae	3600307	Charmosyna multistriata
otu493	Charmosyna papou	paplor1	Charmosyna_papou_PSITTACIFORMES_Psittaculidae	375780	Charmosyna papou
otu500	Charmosyna placentis	reflor1	Charmosyna_placentis_PSITTACIFORMES_Psittaculidae	749199	Charmosyna placentis
otu501	Charmosyna rubronotata	reflor2	Charmosyna_rubronotata_PSITTACIFORMES_Psittaculidae	749206	Charmosyna rubronotata
otu502	Oreopsittacus arfaki	plflor1	Oreopsittacus_arfaki_PSITTACIFORMES_Psittaculidae	799909	Oreopsittacus arfaki
otu508	Psittrichas fulgidus	pespar1	Psittrichas_fulgidus_PSITTACIFORMES_Psittaculidae	412123	Psittrichas fulgidus
otu510	Nestor notabilis	kea1	Nestor_notabilis_PSITTACIFORMES_Strigopidae	749203	Nestor notabilis
otu509	Nestor meridionalis	nezkak1	Nestor_meridionalis_PSITTACIFORMES_Strigopidae	225753	Nestor meridionalis
otu388	Malurus melanocephalus	rebfai1	Malurus_melanocephalus_PASSERIFORMES_oscines_Maluridae	959440	Malurus melanocephalus
otu389	Malurus splendens	splfai1	Malurus_splendens_PASSERIFORMES_oscines_Maluridae	511916	Malurus splendens
otu369	Pseudopodoces humilis	grotit1	Pseudopodoces_humilis_PASSERIFORMES_oscines_Paridae	875992	Pseudopodoces humilis
otu370	Poecile lugubris	somtit3	Poecile_lugubris_PASSERIFORMES_oscines_Paridae	171829	Poecile lugubris
otu374	Sylvia nana	asdwar1	Sylvia_nana_PASSERIFORMES_oscines_Sylviidae	433924	Sylvia nana
otu373	Sylvia melanocephala	sarwar1	Sylvia_melanocephala_PASSERIFORMES_oscines_Sylviidae	1093905	Curruca melanocephala
otu372	Brachypodius urostictus	yewbul1	Pycnonotus_urostictus_PASSERIFORMES_oscines_Pycnonotidae	258273	Pycnonotus urostictus
otu371	Calandrella brachydactyla	gstlar1	Calandrella_brachydactyla_PASSERIFORMES_oscines_Alaudidae	947049	Calandrella brachydactyla
otu363	Ficedula parva	rebfly	Ficedula_parva_PASSERIFORMES_oscines_Muscicapidae	416087	Ficedula parva
otu362	Ficedula semitorquata	semfly1	Ficedula_semitorquata_PASSERIFORMES_oscines_Muscicapidae	629342	Ficedula semitorquata
otu361	Ficedula speculigera	atlfly1	Ficedula_speculigera_PASSERIFORMES_oscines_Muscicapidae	416089	Ficedula speculigera
otu360	Ficedula hypoleuca	eupfly1	Ficedula_hypoleuca_PASSERIFORMES_oscines_Muscicapidae	22300	Ficedula hypoleuca
otu359	Ficedula albicollis	colfly1	Ficedula_albicollis_PASSERIFORMES_oscines_Muscicapidae	107840	Ficedula albicollis
otu364	Ficedula hyperythra	snbfly1	Ficedula_hyperythra_PASSERIFORMES_oscines_Muscicapidae	859509	Ficedula hyperythra
otu365	Turdus falcklandii	austhr1	Turdus_falcklandii_PASSERIFORMES_oscines_Turdidae	381315	Turdus falcklandii
otu366	Turdus olivater	blhthr1	Turdus_olivater_PASSERIFORMES_oscines_Turdidae	381309	Turdus olivater
otu368	Bombycilla garrulus	bohwax	Bombycilla_garrulus_PASSERIFORMES_oscines_Bombycillidae	613881	Bombycilla garrulus
otu367	Regulus calendula	ruckin	Regulus_calendula_PASSERIFORMES_oscines_Regulidae	3599890	Regulus calendula
otu336	Fringilla coelebs	comcha	Fringilla_coelebs_PASSERIFORMES_oscines_Fringillidae	828694	Fringilla coelebs
otu337	Fringilla montifringilla	brambl	Fringilla_montifringilla_PASSERIFORMES_oscines_Fringillidae	28332	Fringilla montifringilla
otu277	Cardinalis cardinalis	norcar	Cardinalis_cardinalis_PASSERIFORMES_oscines_Cardinalidae	307364	Cardinalis cardinalis
otu280	Piranga olivacea	scatan	Piranga_olivacea_PASSERIFORMES_oscines_Cardinalidae	69808	Piranga olivacea
otu279	Piranga ludoviciana	westan	Piranga_ludoviciana_PASSERIFORMES_oscines_Cardinalidae	565244	Piranga ludoviciana
otu278	Piranga bidentata	flctan	Piranga_bidentata_PASSERIFORMES_oscines_Cardinalidae	1041108	Piranga bidentata
otu282	Piranga rubra	sumtan	Piranga_rubra_PASSERIFORMES_oscines_Cardinalidae	1075670	Piranga rubra
otu281	Piranga flava	heptan	Piranga_flava_PASSERIFORMES_oscines_Cardinalidae	1041102	Piranga flava
otu283	Piranga roseogularis	rottan1	Piranga_roseogularis_PASSERIFORMES_oscines_Cardinalidae	565242	Piranga roseogularis
otu284	Piranga erythrocephala	rehtan1	Piranga_erythrocephala_PASSERIFORMES_oscines_Cardinalidae	69804	Piranga erythrocephala
otu286	Piranga rubriceps	rehtan2	Piranga_rubriceps_PASSERIFORMES_oscines_Cardinalidae	565247	Piranga rubriceps
otu285	Piranga leucoptera	whwtan1	Piranga_leucoptera_PASSERIFORMES_oscines_Cardinalidae	1041104	Piranga leucoptera
otu304	Loxigilla noctis	leabul1	Loxigilla_noctis_PASSERIFORMES_oscines_Thraupidae	726784	Loxigilla noctis
otu303	Melanospiza bicolor	bkfgra	Tiaris_bicolor_PASSERIFORMES_oscines_Thraupidae	1000571	Tiaris bicolor
otu299	Pinaroloxias inornata	cocfin1	Pinaroloxias_inornata_PASSERIFORMES_oscines_Thraupidae	992256	Pinaroloxias inornata
otu287	Geospiza septentrionalis	shbgrf1	Geospiza_septentrionalis_PASSERIFORMES_oscines_Thraupidae	5859950	Geospiza difficilis septentrionalis
otu292	Geospiza fuliginosa	smgfin1	Geospiza_fuliginosa_PASSERIFORMES_oscines_Thraupidae	589956	Geospiza fuliginosa
otu291	Geospiza fortis	megfin1	Geospiza_fortis_PASSERIFORMES_oscines_Thraupidae	589951	Geospiza fortis
otu288	Geospiza conirostris	larcaf2	Geospiza_conirostris_PASSERIFORMES_oscines_Thraupidae	589953	Geospiza conirostris
otu289	Geospiza magnirostris	lagfin1	Geospiza_magnirostris_PASSERIFORMES_oscines_Thraupidae	589955	Geospiza magnirostris
otu290	Geospiza scandens	cocfin3	Geospiza_scandens_PASSERIFORMES_oscines_Thraupidae	589959	Geospiza scandens
otu296	Camarhynchus parvulus	smtfin1	Camarhynchus_parvulus_PASSERIFORMES_oscines_Thraupidae	419367	Camarhynchus parvulus
otu297	Camarhynchus pauper	metfin1	Camarhynchus_pauper_PASSERIFORMES_oscines_Thraupidae	422530	Camarhynchus pauper
otu295	Camarhynchus psittacula	latfin1	Camarhynchus_psittacula_PASSERIFORMES_oscines_Thraupidae	419363	Camarhynchus psittacula
otu293	Camarhynchus heliobates	manfin1	Camarhynchus_heliobates_PASSERIFORMES_oscines_Thraupidae	527328	Camarhynchus heliobates
otu294	Camarhynchus pallidus	woofin1	Camarhynchus_pallidus_PASSERIFORMES_oscines_Thraupidae	963505	Camarhynchus pallidus
otu298	Geospiza difficilis	shbgrf3	Geospiza_difficilis_PASSERIFORMES_oscines_Thraupidae	419376	Geospiza difficilis
otu300	Platyspiza crassirostris	vegfin2	Platyspiza_crassirostris_PASSERIFORMES_oscines_Thraupidae	589943	Platyspiza crassirostris
otu302	Certhidea olivacea	warfin1	Certhidea_olivacea_PASSERIFORMES_oscines_Thraupidae	589949	Certhidea olivacea
otu301	Certhidea fusca	grywaf1	Certhidea_fusca_PASSERIFORMES_oscines_Thraupidae	527327	Certhidea fusca
otu334	Geothlypis trichas	comyel	Geothlypis_trichas_PASSERIFORMES_oscines_Parulidae	998127	Geothlypis trichas
otu335	Icterus gularis	altori	Icterus_gularis_PASSERIFORMES_oscines_Icteridae	1077601	Icterus gularis
otu333	Spizella atrogularis	bkcspa	Spizella_atrogularis_PASSERIFORMES_oscines_Emberizidae	463036	Spizella atrogularis
otu330	Amphispiza bilineata	bktspa	Amphispiza_bilineata_PASSERIFORMES_oscines_Emberizidae	292646	Amphispiza bilineata
otu332	Chondestes grammacus	larspa	Chondestes_grammacus_PASSERIFORMES_oscines_Emberizidae	890355	Chondestes grammacus
otu331	Calamospiza melanocorys	larbun	Calamospiza_melanocorys_PASSERIFORMES_oscines_Emberizidae	948123	Calamospiza melanocorys
otu329	Chlorospingus flavopectus	cobtan1	Chlorospingus_flavopectus_PASSERIFORMES_oscines_Emberizidae	3597308	Chlorospingus flavopectus
otu325	Ammodramus savannarum	graspa	Ammodramus_savannarum_PASSERIFORMES_oscines_Emberizidae	420998	Ammodramus savannarum
otu326	Peucaea ruficauda	sthspa1	Peucaea_ruficauda_PASSERIFORMES_oscines_Emberizidae	630693	Aimophila ruficauda
otu327	Arremonops rufivirgatus	olispa	Arremonops_rufivirgatus_PASSERIFORMES_oscines_Emberizidae	97317	Arremonops rufivirgatus
otu328	Rhynchospiza strigiceps	stcspa1	Rhynchospiza_strigiceps_PASSERIFORMES_oscines_Emberizidae	630694	Aimophila strigiceps
otu314	no_match	no_match	Ammodramus_leconteii_PASSERIFORMES_oscines_Emberizidae	292635	Ammodramus leconteii
otu315	Melospiza melodia	sonspa	Melospiza_melodia_PASSERIFORMES_oscines_Emberizidae	265548	Melospiza melodia
otu316	Passerculus sandwichensis	savspa	Passerculus_sandwichensis_PASSERIFORMES_oscines_Emberizidae	453758	Passerculus sandwichensis
otu317	Artemisiospiza belli	belspa2	Artemisiospiza_belli_PASSERIFORMES_oscines_Emberizidae	292639	Artemisiospiza belli
otu318	Pooecetes gramineus	vesspa	Pooecetes_gramineus_PASSERIFORMES_oscines_Emberizidae	765407	Pooecetes gramineus
otu319	Oriturus superciliosus	strspa1	Oriturus_superciliosus_PASSERIFORMES_oscines_Emberizidae	934463	Oriturus superciliosus
otu313	Pezopetes capitalis	laffin1	Pezopetes_capitalis_PASSERIFORMES_oscines_Emberizidae	262696	Pezopetes capitalis
otu312	Pipilo chlorurus	gnttow	Pipilo_chlorurus_PASSERIFORMES_oscines_Emberizidae	463020	Pipilo chlorurus
otu311	Atlapetes albinucha	wnbfin1	Atlapetes_albinucha_PASSERIFORMES_oscines_Emberizidae	410565	Atlapetes albinucha
otu310	Atlapetes citrinellus	ysbfin1	Atlapetes_citrinellus_PASSERIFORMES_oscines_Emberizidae	934461	Atlapetes citrinellus
otu309	Melozone leucotis	wegspa1	Melozone_leucotis_PASSERIFORMES_oscines_Emberizidae	934468	Melozone leucotis
otu308	Melozone aberti	abetow	Melozone_aberti_PASSERIFORMES_oscines_Emberizidae	463022	Kieneria aberti
otu307	Aimophila rufescens	russpa1	Aimophila_rufescens_PASSERIFORMES_oscines_Emberizidae	630696	Aimophila rufescens
otu322	Zonotrichia atricapilla	gocspa	Zonotrichia_atricapilla_PASSERIFORMES_oscines_Emberizidae	265554	Zonotrichia atricapilla
otu321	Zonotrichia albicollis	whtspa	Zonotrichia_albicollis_PASSERIFORMES_oscines_Emberizidae	265547	Zonotrichia albicollis
otu320	Junco phaeonotus	yeejun	Junco_phaeonotus_PASSERIFORMES_oscines_Emberizidae	765405	Junco phaeonotus
otu323	Passerella iliaca	foxspa	Passerella_iliaca_PASSERIFORMES_oscines_Emberizidae	789028	Passerella iliaca
otu324	Spizelloides arborea	amtspa	Spizelloides_arborea_PASSERIFORMES_oscines_Emberizidae	463026	Spizelloides arborea
otu305	Arremon aurantiirostris	orbspa1	Arremon_aurantiirostris_PASSERIFORMES_oscines_Emberizidae	169529	Arremon aurantiirostris
otu306	Arremon brunneinucha	ccbfin	Arremon_brunneinucha_PASSERIFORMES_oscines_Emberizidae	1087570	Arremon brunneinucha
otu338	Passer montanus	eutspa	Passer_montanus_PASSERIFORMES_oscines_Passeridae	44870	Passer montanus
otu339	Taeniopygia guttata	zebfin2	Taeniopygia_guttata_PASSERIFORMES_oscines_Estrildidae	708327	Taeniopygia guttata
otu340	Vidua chalybeata	vilind	Vidua_chalybeata_PASSERIFORMES_oscines_Viduidae	622887	Vidua chalybeata
otu341	Vidua macroura	pitwhy	Vidua_macroura_PASSERIFORMES_oscines_Viduidae	175250	Vidua macroura
otu342	Ploceus cucullatus	vilwea1	Ploceus_cucullatus_PASSERIFORMES_oscines_Ploceidae	370802	Ploceus cucullatus
otu343	Chloropsis sonnerati	grglea1	Chloropsis_sonnerati_PASSERIFORMES_oscines_Chloropseidae	388836	Chloropsis sonnerati
otu358	Dicaeum hypoleucum	whbflo1	Dicaeum_hypoleucum_PASSERIFORMES_oscines_Dicaeidae	690531	Dicaeum hypoleucum
otu357	Anthreptes rectirostris	gresun1	Anthreptes_rectirostris_PASSERIFORMES_oscines_Nectariniidae	797572	Anthreptes rectirostris
otu356	Leptocoma sperata	putsun3	Leptocoma_sperata_PASSERIFORMES_oscines_Nectariniidae	10513	Leptocoma sperata
otu344	Arachnothera chrysogenys	yeespi1	Arachnothera_chrysogenys_PASSERIFORMES_oscines_Nectariniidae	482516	Arachnothera chrysogenys
otu345	Arachnothera clarae	nafspi1	Arachnothera_clarae_PASSERIFORMES_oscines_Nectariniidae	270050	Arachnothera clarae
otu349	Arachnothera flavigaster	spespi2	Arachnothera_flavigaster_PASSERIFORMES_oscines_Nectariniidae	1078437	Arachnothera flavigaster
otu346	Arachnothera magna	strspi1	Arachnothera_magna_PASSERIFORMES_oscines_Nectariniidae	842501	Arachnothera magna
otu348	Arachnothera modesta	gybspi2	Arachnothera_modesta_PASSERIFORMES_oscines_Nectariniidae	270075	Arachnothera modesta
otu347	Arachnothera everetti	borspi1	Arachnothera_everetti_PASSERIFORMES_oscines_Nectariniidae	828006	Arachnothera everetti
otu353	Arachnothera robusta	lobspi1	Arachnothera_robusta_PASSERIFORMES_oscines_Nectariniidae	842500	Arachnothera robusta
otu354	Arachnothera crassirostris	thbspi1	Arachnothera_crassirostris_PASSERIFORMES_oscines_Nectariniidae	827979	Arachnothera crassirostris
otu352	Arachnothera flammifera	ortspi1	Arachnothera_flammifera_PASSERIFORMES_oscines_Nectariniidae	1078435	Arachnothera flammifera
otu351	Arachnothera dilutior	palspi2	Arachnothera_dilutior_PASSERIFORMES_oscines_Nectariniidae	828004	Arachnothera dilutior
otu350	Arachnothera longirostra	litspi1	Arachnothera_longirostra_PASSERIFORMES_oscines_Nectariniidae	865549	Arachnothera longirostra
otu355	Kurochkinegramma hypogrammicum	punsun1	Hypogramma_hypogrammicum_PASSERIFORMES_oscines_Nectariniidae	28222	Kurochkinegramma hypogrammicum
otu375	Picathartes gymnocephalus	whnroc1	Picathartes_gymnocephalus_PASSERIFORMES_oscines_Picathartidae	699623	Picathartes gymnocephalus
otu387	Vanga curvirostris	hobvan1	Vanga_curvirostris_PASSERIFORMES_oscines_Vangidae	317262	Vanga curvirostris
otu386	Newtonia archboldi	arcnew1	Newtonia_archboldi_PASSERIFORMES_oscines_Vangidae	1088167	Newtonia archboldi
otu384	Newtonia amphichroa	darnew1	Newtonia_amphichroa_PASSERIFORMES_oscines_Vangidae	1088165	Newtonia amphichroa
otu385	Newtonia brunneicauda	comnew1	Newtonia_brunneicauda_PASSERIFORMES_oscines_Vangidae	613886	Newtonia brunneicauda
otu383	Lophorina superba	grsbop1	Lophorina_superba_PASSERIFORMES_oscines_Paradisaeidae	187883	Lophorina superba
otu376	Aphelocoma wollweberi	mexjay4	Aphelocoma_wollweberi_PASSERIFORMES_oscines_Corvidae	840089	Aphelocoma wollweberi
otu377	Aphelocoma ultramarina	mexjay3	Aphelocoma_ultramarina_PASSERIFORMES_oscines_Corvidae	447984	Aphelocoma ultramarina
otu378	Aphelocoma californica	cowscj1	Aphelocoma_californica_PASSERIFORMES_oscines_Corvidae	641524	Aphelocoma californica
otu382	Nucifraga columbiana	clanut	Nucifraga_columbiana_PASSERIFORMES_oscines_Corvidae	425442	Nucifraga columbiana
otu381	Corvus albus	piecro1	Corvus_albus_PASSERIFORMES_oscines_Corvidae	711837	Corvus albus
otu380	Corvus corone	carcro1	Corvus_corone_PASSERIFORMES_oscines_Corvidae	711844	Corvus corone
otu379	Corvus brachyrhynchos	amecro	Corvus_brachyrhynchos_PASSERIFORMES_oscines_Corvidae	331952	Corvus brachyrhynchos
otu393	Climacteris melanurus	bkttre1	Climacteris_melanurus_PASSERIFORMES_oscines_Climacteridae	3598360	Climacteris melanurus
otu392	Climacteris erythrops	rebtre1	Climacteris_erythrops_PASSERIFORMES_oscines_Climacteridae	310385	Climacteris erythrops
otu390	Ptilonorhynchus violaceus	satbow1	Ptilonorhynchus_violaceus_PASSERIFORMES_oscines_Ptilonorhynchidae	187409	Ptilonorhynchus violaceus
otu391	Sericulus bakeri	fimbow1	Sericulus_bakeri_PASSERIFORMES_oscines_Ptilonorhynchidae	446287	Sericulus bakeri
otu394	Menura novaehollandiae	suplyr1	Menura_novaehollandiae_PASSERIFORMES_oscines_Menuridae	531206	Menura novaehollandiae
otu449	Eurylaimus ochromalus	baybro1	Eurylaimus_ochromalus_PASSERIFORMES_suboscines_Eurylaimidae	184248	Eurylaimus ochromalus
otu447	Pitta angolensis	afrpit1	Pitta_angolensis_PASSERIFORMES_suboscines_Pittidae	33874	Pitta angolensis
otu446	Hydrornis guajanus	banpit2	Hydrornis_guajanus_PASSERIFORMES_suboscines_Pittidae	232061	Hydrornis guajana
otu448	Sapayoa aenigma	sapayo1	Sapayoa_aenigma_PASSERIFORMES_suboscines_Sapayoidae	395861	Sapayoa aenigma
otu444	Smithornis rufolateralis	rusbro1	Smithornis_rufolateralis_PASSERIFORMES_suboscines_Eurylaimidae	592204	Smithornis rufolateralis
otu445	Calyptomena viridis	grebro1	Calyptomena_viridis_PASSERIFORMES_suboscines_Eurylaimidae	26175	Calyptomena viridis
otu431	Neopelma chrysocephalum	sctman1	Neopelma_chrysocephalum_PASSERIFORMES_suboscines_Pipridae	356287	Neopelma chrysocephalum
otu428	Ceratopipra erythrocephala	gohman1	Ceratopipra_erythrocephala_PASSERIFORMES_suboscines_Pipridae	361712	Pipra erythrocephala
otu427	Manacus vitellinus	gocman1	Manacus_vitellinus_PASSERIFORMES_suboscines_Pipridae	640833	Manacus vitellinus
otu430	Cryptopipo holochlora	greman2	Cryptopipo_holochlora_PASSERIFORMES_suboscines_Pipridae	3598411	Cryptopipo holochlora
otu429	Lepidothrix coronata	blcman1	Lepidothrix_coronata_PASSERIFORMES_suboscines_Pipridae	49248	Lepidothrix coronata
otu397	Myiobius barbatus	whifly1	Myiobius_barbatus_PASSERIFORMES_suboscines_Tityridae	474791	Myiobius barbatus
otu398	Oxyruncus cristatus	sharpb1	Oxyruncus_cristatus_PASSERIFORMES_suboscines_Tityridae	931726	Oxyruncus cristatus
otu399	Schiffornis turdina	thlsch3	Schiffornis_turdina_PASSERIFORMES_suboscines_Tityridae	260625	Schiffornis turdina
otu418	Xenopsaris albinucha	whnxen1	Xenopsaris_albinucha_PASSERIFORMES_suboscines_Tityridae	885075	Xenopsaris albinucha
otu415	Pachyramphus homochrous	oncbec1	Pachyramphus_homochrous_PASSERIFORMES_suboscines_Tityridae	835171	Pachyramphus homochrous
otu414	Pachyramphus aglaiae	rotbec	Pachyramphus_aglaiae_PASSERIFORMES_suboscines_Tityridae	490200	Pachyramphus aglaiae
otu416	Pachyramphus minor	pitbec1	Pachyramphus_minor_PASSERIFORMES_suboscines_Tityridae	835165	Pachyramphus minor
otu417	Pachyramphus validus	crebec1	Pachyramphus_validus_PASSERIFORMES_suboscines_Tityridae	835163	Pachyramphus validus
otu409	Pachyramphus versicolor	barbec1	Pachyramphus_versicolor_PASSERIFORMES_suboscines_Tityridae	931732	Pachyramphus versicolor
otu410	Pachyramphus rufus	cinbec2	Pachyramphus_rufus_PASSERIFORMES_suboscines_Tityridae	835166	Pachyramphus rufus
otu411	Pachyramphus spodiurus	slabec1	Pachyramphus_spodiurus_PASSERIFORMES_suboscines_Tityridae	835167	Pachyramphus spodiurus
otu412	Pachyramphus viridis	grbbec1	Pachyramphus_viridis_PASSERIFORMES_suboscines_Tityridae	260630	Pachyramphus viridis
otu413	no_match	no_match	Pachyramphus_xanthogenys_PASSERIFORMES_suboscines_Tityridae	260629	Pachyramphus xanthogenys
otu402	Pachyramphus marginatus	blcbec1	Pachyramphus_marginatus_PASSERIFORMES_suboscines_Tityridae	931723	Pachyramphus marginatus
otu404	Pachyramphus major	grcbec1	Pachyramphus_major_PASSERIFORMES_suboscines_Tityridae	835164	Pachyramphus major
otu403	Pachyramphus albogriseus	bawbec1	Pachyramphus_albogriseus_PASSERIFORMES_suboscines_Tityridae	835168	Pachyramphus albogriseus
otu405	Pachyramphus polychopterus	whwbec1	Pachyramphus_polychopterus_PASSERIFORMES_suboscines_Tityridae	610948	Pachyramphus polychopterus
otu406	Pachyramphus castaneus	chcbec1	Pachyramphus_castaneus_PASSERIFORMES_suboscines_Tityridae	1041306	Pachyramphus castaneus
otu407	Pachyramphus cinnamomeus	cinbec1	Pachyramphus_cinnamomeus_PASSERIFORMES_suboscines_Tityridae	835170	Pachyramphus cinnamomeus
otu408	Pachyramphus surinamus	glbbec1	Pachyramphus_surinamus_PASSERIFORMES_suboscines_Tityridae	835162	Pachyramphus surinamus
otu401	Tityra semifasciata	mastit1	Tityra_semifasciata_PASSERIFORMES_suboscines_Tityridae	319142	Tityra semifasciata
otu400	Tityra cayana	blttit1	Tityra_cayana_PASSERIFORMES_suboscines_Tityridae	857132	Tityra cayana
otu426	Piprites chloris	wibpip1	Piprites_chloris_PASSERIFORMES_suboscines_Tyrannidae	456266	Piprites chloris
otu424	Mionectes macconnelli	mccfly1	Mionectes_macconnelli_PASSERIFORMES_suboscines_Tyrannidae	1015939	Mionectes macconnelli
otu425	Rhynchocyclus olivaceus	olifla1	Rhynchocyclus_olivaceus_PASSERIFORMES_suboscines_Tyrannidae	274613	Rhynchocyclus olivaceus
otu419	Hirundinea ferruginea	clifly1	Hirundinea_ferruginea_PASSERIFORMES_suboscines_Tyrannidae	72378	Hirundinea ferruginea
otu423	Hymenops perspicillatus	spetyr1	Hymenops_perspicillatus_PASSERIFORMES_suboscines_Tyrannidae	541983	Hymenops perspicillatus
otu421	Tyrannus albogularis	whtkin1	Tyrannus_albogularis_PASSERIFORMES_suboscines_Tyrannidae	3599196	Tyrannus albogularis
otu422	Tyrannus tyrannus	easkin	Tyrannus_tyrannus_PASSERIFORMES_suboscines_Tyrannidae	463183	Tyrannus tyrannus
otu420	Elaenia flavogaster	yebela1	Elaenia_flavogaster_PASSERIFORMES_suboscines_Tyrannidae	683056	Elaenia flavogaster
otu395	Cotinga cayana	spacot1	Cotinga_cayana_PASSERIFORMES_suboscines_Cotingidae	1012087	Cotinga cayana
otu396	Rupicola rupicola	gcoroc1	Rupicola_rupicola_PASSERIFORMES_suboscines_Cotingidae	1016596	Rupicola rupicola
otu440	Myrmornis torquata	wibant1	Myrmornis_torquata_PASSERIFORMES_suboscines_Thamnophilidae	705964	Myrmornis torquata
otu443	Euchrepomis callinota	rurant1	Euchrepomis_callinota_PASSERIFORMES_suboscines_Thamnophilidae	940481	Terenura callinota
otu441	Thamnophilus nigrocinereus	blgant2	Thamnophilus_nigrocinereus_PASSERIFORMES_suboscines_Thamnophilidae	413004	Thamnophilus nigrocinereus
otu442	Thamnophilus ruficapillus	rucant1	Thamnophilus_ruficapillus_PASSERIFORMES_suboscines_Thamnophilidae	970542	Thamnophilus ruficapillus
otu439	Melanopareia maximiliani	olccre1	Melanopareia_maximiliani_PASSERIFORMES_suboscines_Melanopareiidae	452469	Melanopareia maximiliani
otu438	Myrmothera campanisona	thlant2	Myrmothera_campanisona_PASSERIFORMES_suboscines_Grallariidae	736630	Myrmothera campanisona
otu437	Grallaria varia	varant2	Grallaria_varia_PASSERIFORMES_suboscines_Grallariidae	1091665	Grallaria varia
otu436	Scytalopus magellanicus	magtap1	Scytalopus_magellanicus_PASSERIFORMES_suboscines_Rhinocryptidae	44861	Scytalopus magellanicus
otu432	Dendrocolaptes certhia	amabaw1	Dendrocolaptes_certhia_PASSERIFORMES_suboscines_Furnariidae	584977	Dendrocolaptes certhia
otu433	Lepidocolaptes angustirostris	nabwoo1	Lepidocolaptes_angustirostris_PASSERIFORMES_suboscines_Furnariidae	729977	Lepidocolaptes angustirostris
otu434	Furnarius rufus	rufhor2	Furnarius_rufus_PASSERIFORMES_suboscines_Furnariidae	799151	Furnarius rufus
otu435	Sclerurus mexicanus	tatlea1	Sclerurus_mexicanus_PASSERIFORMES_suboscines_Furnariidae	806162	Sclerurus mexicanus
otu276	Acanthisitta chloris	riflem1	Acanthisitta_chloris_PASSERIFORMES_Acanthisittidae	1085740	Acanthisitta chloris
otu268	Caracara cheriway	crecar1	Caracara_cheriway_FALCONIFORMES_Falconidae	1005432	Caracara cheriway
otu267	Ibycter americanus	retcar2	Ibycter_americanus_FALCONIFORMES_Falconidae	438659	Ibycter americanus
otu266	Daptrius ater	blacar1	Daptrius_ater_FALCONIFORMES_Falconidae	438664	Daptrius ater
otu269	Falco cherrug	sakfal1	Falco_cherrug_FALCONIFORMES_Falconidae	1001807	Falco cherrug
otu270	Falco peregrinus	perfal	Falco_peregrinus_FALCONIFORMES_Falconidae	786435	Falco peregrinus
otu271	Falco mexicanus	prafal	Falco_mexicanus_FALCONIFORMES_Falconidae	183625	Falco mexicanus
otu272	Falco sparverius	amekes	Falco_sparverius_FALCONIFORMES_Falconidae	964519	Falco sparverius
otu275	Micrastur semitorquatus	coffal1	Micrastur_semitorquatus_FALCONIFORMES_Falconidae	1015189	Micrastur semitorquatus
otu274	Micrastur gilvicollis	liffal1	Micrastur_gilvicollis_FALCONIFORMES_Falconidae	1015190	Micrastur gilvicollis
otu273	Herpetotheres cachinnans	laufal1	Herpetotheres_cachinnans_FALCONIFORMES_Falconidae	438655	Herpetotheres cachinnans
otu546	Oceanites oceanicus	wispet	Oceanites_oceanicus_PROCELLARIIFORMES_Oceanitidae	656591	Oceanites oceanicus
otu547	Pelagodroma marina	wfspet	Pelagodroma_marina_PROCELLARIIFORMES_Oceanitidae	904490	Pelagodroma marina
otu541	Ardenna grisea	sooshe	Ardenna_grisea_PROCELLARIIFORMES_Procellariidae	726166	Ardenna grisea
otu542	Pelecanoides urinatrix	codpet1	Pelecanoides_urinatrix_PROCELLARIIFORMES_Procellariidae	904486	Pelecanoides urinatrix
otu543	Pterodroma externa	jufpet	Pterodroma_externa_PROCELLARIIFORMES_Procellariidae	271035	Pterodroma externa
otu544	Fulmarus glacialis	norful	Fulmarus_glacialis_PROCELLARIIFORMES_Procellariidae	1028832	Fulmarus glacialis
otu545	Fulmarus glacialoides	souful1	Fulmarus_glacialoides_PROCELLARIIFORMES_Procellariidae	82196	Fulmarus glacialoides
otu540	Oceanodroma tethys	wrspet	Oceanodroma_tethys_PROCELLARIIFORMES_Hydrobatidae	603905	Hydrobates tethys
otu539	Oceanodroma leucorhoa	lcspet	Oceanodroma_leucorhoa_PROCELLARIIFORMES_Hydrobatidae	944658	Hydrobates leucorhous
otu538	Phoebastria nigripes	bkfalb	Phoebastria_nigripes_PROCELLARIIFORMES_Diomedeidae	320288	Phoebastria nigripes
otu551	Spheniscus humboldti	humpen1	Spheniscus_humboldti_SPHENISCIFORMES_Spheniscidae	810741	Spheniscus humboldti
otu550	Eudyptula minor	litpen1	Eudyptula_minor_SPHENISCIFORMES_Spheniscidae	613299	Eudyptula minor
otu552	Pygoscelis adeliae	adepen1	Pygoscelis_adeliae_SPHENISCIFORMES_Spheniscidae	494357	Pygoscelis adeliae
otu549	Aptenodytes patagonicus	kinpen1	Aptenodytes_patagonicus_SPHENISCIFORMES_Spheniscidae	494361	Aptenodytes patagonicus
otu548	Aptenodytes forsteri	emppen1	Aptenodytes_forsteri_SPHENISCIFORMES_Spheniscidae	494370	Aptenodytes forsteri
otu513	Ciconia ciconia	whisto1	Ciconia_ciconia_CICONIIFORMES_Ciconiidae	363031	Ciconia ciconia
otu514	Ciconia nigra	blasto1	Ciconia_nigra_CICONIIFORMES_Ciconiidae	549527	Ciconia nigra
otu516	Mycteria americana	woosto	Mycteria_americana_CICONIIFORMES_Ciconiidae	464695	Mycteria americana
otu515	Leptoptilos crumenifer	marsto1	Leptoptilos_crumenifer_CICONIIFORMES_Ciconiidae	3596802	Leptoptilos crumenifer
otu537	Fregata magnificens	magfri	Fregata_magnificens_SULIFORMES_Fregatidae	330000	Fregata magnificens
otu534	Morus bassanus	norgan	Morus_bassanus_SULIFORMES_Sulidae	675103	Morus bassanus
otu535	Morus serrator	ausgan1	Morus_serrator_SULIFORMES_Sulidae	403772	Morus serrator
otu536	Sula leucogaster	brnboo	Sula_leucogaster_SULIFORMES_Sulidae	1030310	Sula leucogaster
otu530	Phalacrocorax carbo	grecor	Phalacrocorax_carbo_SULIFORMES_Phalacrocoracidae	969841	Phalacrocorax carbo
otu531	Phalacrocorax pelagicus	pelcor	Phalacrocorax_pelagicus_SULIFORMES_Phalacrocoracidae	744568	Urile pelagicus
otu532	Phalacrocorax auritus	doccor	Phalacrocorax_auritus_SULIFORMES_Phalacrocoracidae	170200	Nannopterum auritus
otu533	Phalacrocorax brasilianus	neocor	Phalacrocorax_brasilianus_SULIFORMES_Phalacrocoracidae	109023	Nannopterum brasilianus
otu529	Anhinga anhinga	anhing	Anhinga_anhinga_SULIFORMES_Anhingidae	170196	Anhinga anhinga
otu526	Eudocimus albus	whiibi	Eudocimus_albus_PELECANIFORMES_Threskiornithidae	425447	Eudocimus albus
otu528	Platalea ajaja	rosspo1	Platalea_ajaja_PELECANIFORMES_Threskiornithidae	951123	Platalea ajaja
otu527	Nipponia nippon	creibi1	Nipponia_nippon_PELECANIFORMES_Threskiornithidae	946418	Nipponia nippon
otu522	Balaeniceps rex	shoebi1	Balaeniceps_rex_PELECANIFORMES_Balaenicipitidae	464697	Balaeniceps rex
otu523	Pelecanus occidentalis	brnpel	Pelecanus_occidentalis_PELECANIFORMES_Pelecanidae	329999	Pelecanus occidentalis
otu524	Pelecanus crispus	dalpel1	Pelecanus_crispus_PELECANIFORMES_Pelecanidae	427900	Pelecanus crispus
otu525	Scopus umbretta	hamerk1	Scopus_umbretta_PELECANIFORMES_Scopidae	464704	Scopus umbretta
otu521	Tigrisoma lineatum	ruther1	Tigrisoma_lineatum_PELECANIFORMES_Ardeidae	740211	Tigrisoma lineatum
otu518	Egretta garzetta	litegr	Egretta_garzetta_PELECANIFORMES_Ardeidae	273425	Egretta garzetta
otu517	Ardea herodias	grbher3	Ardea_herodias_PELECANIFORMES_Ardeidae	744564	Ardea herodias
otu519	Ixobrychus minutus	litbit1	Ixobrychus_minutus_PELECANIFORMES_Ardeidae	145222	Ixobrychus minutus
otu520	Cochlearius cochlearius	bobher1	Cochlearius_cochlearius_PELECANIFORMES_Ardeidae	154815	Cochlearius cochlearius
otu554	Gavia stellata	retloo	Gavia_stellata_GAVIIFORMES_Gaviidae	1057044	Gavia stellata
otu553	Gavia immer	comloo	Gavia_immer_GAVIIFORMES_Gaviidae	1057518	Gavia immer
otu557	Phaethon lepturus	whttro	Phaethon_lepturus_PHAETHONTIFORMES_Phaethontidae	855119	Phaethon lepturus
otu558	Phaethon rubricauda	rettro	Phaethon_rubricauda_PHAETHONTIFORMES_Phaethontidae	509057	Phaethon rubricauda
otu556	Eurypyga helias	sunbit1	Eurypyga_helias_EURYPYGIFORMES_Eurypygidae	86680	Eurypyga helias
otu555	Rhynochetos jubatus	kagu1	Rhynochetos_jubatus_EURYPYGIFORMES_Rhynochetidae	86672	Rhynochetos jubatus
