otu_id	^clo:ClementsTaxonName2019	^clo:speciescode2019	^ot:originalLabel	^ot:ottId	^ot:ottTaxonName
otu261052	Hypocryptadius cinnamomeus	cinwhe1	Hypocryptadius_cinnamomeus_KUNHM_19117	840030	Hypocryptadius cinnamomeus
otu261262	Acrocephalus australis	aurwar1	Acrocephalus_australis_KUNHM_19430	1010420	Acrocephalus australis
otu261291	Pnoepyga pusilla	pywbab1	Pnoepyga_pusilla_KUNHM_15250	252763	Pnoepyga pusilla
otu261208	Pnoepyga albiventer	sbwbab1	Pnoepyga_albiventer_AMNH_DOT5558	975545	Pnoepyga albiventer
otu261161	Pnoepyga albiventer	sbwbab1	Pnoepyga_albiventer_KUNHM_15196	975545	Pnoepyga albiventer
otu261204	Phylloscopus cebuensis	letwar1	Phylloscopus_cebuensis_KUNHM_20262	720201	Phylloscopus cebuensis
otu261309	no_match	no_match	Macronous_ptilosus_KUNHM_12325	634833	Macronous ptilosus
otu261104	no_match	no_match	Macronous_ptilosus_LSUMNS_B36391	634833	Macronous ptilosus
otu261115	Macronus striaticeps	brtbab1	Macronous_striaticeps_KUNHM_14130	290853	Macronous striaticeps
otu261180	Macronus striaticeps	brtbab1	Macronous_striaticeps_FMNH_357464	290853	Macronous striaticeps
otu261090	Cyanoderma chrysaeum	golbab1	Stachyris_chrysaea_KUNHM_15240	174119	Stachyris chrysaea
otu261044	Cyanoderma chrysaeum	golbab1	Stachyris_chrysaea_KUNHM_15096	174119	Stachyris chrysaea
otu261301	Cyanoderma pyrrhops	blcbab2	Stachyris_pyrrhops_AMNH_778719	453420	Stachyris pyrrhops
otu261303	Cyanoderma ambiguum	bucbab1	Stachyris_ambigua_USNM_6152	546763	Stachyris ambigua
otu261217	Cyanoderma ambiguum	bucbab1	Stachyris_ambigua_USNM_6183	546763	Stachyris ambigua
otu261294	Cyanoderma rufifrons	rufbab2	Stachyris_rufifrons_LSUMNS_B36462	697087	Stachyris rufifrons
otu261239	Cyanoderma ruficeps	rucbab1	Stachyris_ruficeps_KUNHM_11083	697082	Stachyris ruficeps
otu261312	Cyanoderma ruficeps	rucbab1	Stachyris_ruficeps_KUNHM_6645	697082	Stachyris ruficeps
otu261258	Cyanoderma erythropterum	chwbab1	Stachyris_erythroptera_LSUMNS_B36417	265350	Stachyris erythroptera
otu261195	Cyanoderma erythropterum	chwbab1	Stachyris_erythroptera_KUNHM_12327	265350	Stachyris erythroptera
otu261071	Cyanoderma melanothorax	crcbab1	Stachyris_melanothorax_AMNH_448000	453415	Stachyris melanothorax
otu261152	Dumetia hyperythra	tabbab1	Dumetia_hyperythra_AMNH_388637	353127	Dumetia hyperythra
otu261193	Rhopocichla atriceps	dafbab1	Rhopocichla_atriceps_AMNH_344476	840093	Rhopocichla atriceps
otu261122	Mixornis gularis	sttbab1	Macronous_gularis_AMNH_DOT10805	19368	Macronous gularis
otu261142	Mixornis gularis	sttbab1	Macronous_gularis_KUNHM_17726	19368	Macronous gularis
otu261216	Timalia pileata	chcbab1	Timalia_pileata_FMNH_218211	31186	Timalia pileata
otu261308	Timalia pileata	chcbab1	Timalia_pileata_FMNH_236339	31186	Timalia pileata
otu261214	Stachyris grammiceps	whbbab2	Stachyris_grammiceps_LSUMNS_B45463	446191	Stachyris grammiceps
otu261314	Stachyris nigricollis	bltbab1	Stachyris_nigricollis_LSUMNS_B38564	1022691	Stachyris nigricollis
otu261048	Stachyris nigricollis	bltbab1	Stachyris_nigricollis_KUNHM_12330	1022691	Stachyris nigricollis
otu261106	Stachyris strialata	spnbab1	Stachyris_striolata_KUNHM_10136	381510	Stachyris strialata
otu261292	Stachyris strialata	spnbab1	Stachyris_striolata_KUNHM_10003	381510	Stachyris strialata
otu261053	Stachyris oglei	sntbab1	Stachyris_oglei_KUNHM_15189	980004	Stachyris oglei
otu261170	Stachyris thoracica	whbbab1	Stachyris_thoracica_AMNH_589844	453422	Stachyris thoracica
otu261162	Stachyris leucotis	whnbab1	Stachyris_leucotis_LSUMNS_B36340	1022701	Stachyris leucotis
otu261264	no_match	no_match	Sphenocichla_humei_KUNHM_15201	641427	Sphenocichla humei
otu261047	no_match	no_match	Sphenocichla_humei_KUNHM_15202	641427	Sphenocichla humei
otu261034	Stachyris poliocephala	gyhbab1	Stachyris_poliocephala_LSUMNS_B36426	26183	Stachyris poliocephala
otu261285	Stachyris poliocephala	gyhbab1	Stachyris_poliocephala_LSUMNS_B47008	26183	Stachyris poliocephala
otu261134	Stachyris nigriceps	gytbab1	Stachyris_nigriceps_KUNHM_10167	697085	Stachyris nigriceps
otu261169	Stachyris nigriceps	gytbab1	Stachyris_nigriceps_LSUMNS_B36288	697085	Stachyris nigriceps
otu261141	Stachyris maculata	chrbab1	Stachyris_maculata_LSUMNS_B36423	180849	Stachyris maculata
otu261296	Megapomatorhinus erythrogenys	rcsbab1	Pomatorhinus_erythrogenys_AMNH_DOT5179	773110	Pomatorhinus erythrogenys
otu261259	Megapomatorhinus swinhoei	gysscb1	Pomatorhinus_swinhoei_KUNHM_6715	1073084	Pomatorhinus swinhoei
otu261225	Megapomatorhinus erythrogenys	rcsbab1	Pomatorhinus_erythrogenys_AMNH_DOT5531	773110	Pomatorhinus erythrogenys
otu261289	Megapomatorhinus hypoleucos	lasbab1	Pomatorhinus_hypoleucos_BMNH_2000522	154438	Pomatorhinus hypoleucos
otu261109	Pomatorhinus schisticeps	wbsbab1	Pomatorhinus_schisticeps_MNHN_6.73	502097	Pomatorhinus schisticeps
otu261191	Pomatorhinus ruficollis	sbsbab3	Pomatorhinus_ruficollis_KUNHM_15144	154418	Pomatorhinus ruficollis
otu261275	Pomatorhinus ruficollis	sbsbab3	Pomatorhinus_ruficollis_KUNHM_10299	154418	Pomatorhinus ruficollis
otu261278	Pomatorhinus schisticeps	wbsbab1	Pomatorhinus_schisticeps_USNM_B2103	502097	Pomatorhinus schisticeps
otu261079	Pomatorhinus montanus	cbsbab1	Pomatorhinus_montanus_LSUMNS_B47063	374269	Pomatorhinus montanus
otu261249	Pomatorhinus montanus	cbsbab1	Pomatorhinus_montanus_KUNHM_17781	374269	Pomatorhinus montanus
otu261251	Pomatorhinus horsfieldii	insbab1	Pomatorhinus_horsfieldii_AMNH_344452	503937	Pomatorhinus horsfieldii
otu261069	Pomatorhinus superciliaris	sbsbab1	Xiphirhynchus_superciliaris_KUNHM_15092	31182	Xiphirhynchus superciliaris
otu261072	Pomatorhinus superciliaris	sbsbab1	Xiphirhynchus_supercillaris_CAS_95887	31182	Xiphirhynchus superciliaris
otu261186	Pomatorhinus ferruginosus	cbsbab2	Pomatorhinus_ferruginosus_AMNH_DOT10777	25621	Pomatorhinus ferruginosus
otu261211	Pomatorhinus ferruginosus	cbsbab2	Pomatorhinus_ferruginosus_KUNHM_15146	25621	Pomatorhinus ferruginosus
otu261074	Pomatorhinus ferruginosus	cbsbab2	Pomatorhinus_ferruginosus_KUNHM_15090	25621	Pomatorhinus ferruginosus
otu261168	Pomatorhinus ferruginosus	cbsbab2	Pomatorhinus_ferruginosus_KUNHM_15241	25621	Pomatorhinus ferruginosus
otu261089	Spelaeornis troglodytoides	bwwbab1	Spelaeornis_troglodytoides_KUNHM_15108	446189	Spelaeornis troglodytoides
otu261124	Spelaeornis troglodytoides	bwwbab1	Spelaeornis_troglodytoides_KUNHM_15107	446189	Spelaeornis troglodytoides
otu261288	Spelaeornis chocolatinus	ltwbab1	Spelaeornis_chocolatinus_KUNHM_15199	459933	Spelaeornis chocolatinus
otu261189	Spelaeornis chocolatinus	ltwbab1	Spelaeornis_chocolatinus_KUNHM_15105	459933	Spelaeornis chocolatinus
otu261197	Garrulax canorus	melthr	Garrulax_canorus_KUNHM_10389	635111	Garrulax canorus
otu261281	Garrulax merulinus	spblau1	Garrulax_merulinus_AMNH_DOT10975	546865	Garrulax merulinus
otu261127	Garrulax merulinus	spblau1	Garrulax_merulinus_KUNHM_15190	546865	Garrulax merulinus
otu261229	Garrulax leucolophus	whclau2	Garrulax_leucolophus_KUNHM_15247	294062	Garrulax leucolophus
otu261082	Garrulax maesi	grylau1	Garrulax_maesi_KUNHM_10152	546871	Garrulax maesi
otu261175	Garrulax maesi	grylau1	Garrulax_maesi_AMNH_DOT10968	546871	Garrulax maesi
otu261184	Garrulax milleti	blhlau1	Garrulax_milleti_AMNH_DOT10756	263341	Garrulax milleti
otu261171	Garrulax palliatus	sunlau1	Garrulax_palliatus_KUNHM_17732	24739	Garrulax palliatus
otu261130	Garrulax monileger	lenlau1	Garrulax_monileger_USNM_5596	178817	Garrulax monileger
otu261091	Ianthocincla sannio	whblau1	Garrulax_sannio_KUNHM_11172	219381	Garrulax sannio
otu261313	Ianthocincla nuchalis	chblau1	Garrulax_nuchalis_USNM_15315	178820	Garrulax nuchalis
otu261120	Ianthocincla nuchalis	chblau1	Garrulax_nuchalis_USNM_15312	178820	Garrulax nuchalis
otu261075	Ianthocincla chinensis monachus	bktlau2	Garrulax_chinensis_KUNHM_10366	673521	Garrulax chinensis
otu261188	Ianthocincla mitrata	chclau3	Garrulax_mitratus_LSUMNS_B36460	965380	Garrulax mitratus
otu261083	Ianthocincla mitrata	chclau3	Garrulax_mitratus_KUNHM_17728	965380	Garrulax mitratus
otu261181	no_match	no_match	Babax_lanceolatus_KUNHM_11238	977751	Babax lanceolatus
otu261200	Ianthocincla poecilorhyncha	ruslau1	Garrulax_poecilorhynchus_KUNHM_11128	635117	Garrulax poecilorhynchus
otu261224	Ianthocincla albogularis	whtlau1	Garrulax_albogularis_AMNH_DOT5626	575470	Garrulax albogularis
otu261203	no_match	no_match	Garrulax_pectoralis_USNM_3537	479292	Garrulax pectoralis
otu261148	no_match	no_match	Garrulax_pectoralis_KUNHM_11125	479292	Garrulax pectoralis
otu261063	Ianthocincla ocellata	spolau1	Garrulax_ocellatus_AMNH_DOT5651	401603	Garrulax ocellatus
otu261206	Ianthocincla ocellata	spolau1	Garrulax_ocellatus_KUNHM_11342	401603	Garrulax ocellatus
otu261131	Ianthocincla cineracea	moulau1	Garrulax_cineraceus_KUNHM_6725	1055596	Garrulax cineraceus
otu261232	Ianthocincla cineracea	moulau1	Garrulax_cineraceus_KUNHM_11043	1055596	Garrulax cineraceus
otu261111	no_match	no_match	Kupeornis_chapini_AMNH_348502	153255	Kupeornis chapini
otu261038	no_match	no_match	Phyllanthus_atripennis_AMNH_DOT2033	252774	Phyllanthus atripennis
otu261283	no_match	no_match	Phyllanthus_atripennis_KUNHM_19806	252774	Phyllanthus atripennis
otu261305	Turdoides reinwardtii	blabab2	Turdoides_reinwardtii_KUNHM_20055	1022696	Turdoides reinwardtii
otu261230	Turdoides reinwardtii	blabab2	Turdoides_reinwardtii_FMNH_396646	1022696	Turdoides reinwardtii
otu261125	Turdoides jardineii	armbab1	Turdoides_jardineii_UWBM_52803	697077	Turdoides jardineii
otu261110	Turdoides jardineii	armbab1	Turdoides_jardineii_FMNH_455533	697077	Turdoides jardineii
otu261226	Turdoides plebejus	brobab1	Turdoides_plebejus_LSUMNS_B39249	3358	Turdoides plebejus
otu261029	Turdoides plebejus	brobab1	Turdoides_plebejus_KUNHM_20025	3358	Turdoides plebejus
otu261165	Turdoides bicolor	sopbab1	Turdoides_bicolor_UWBM_53074	574271	Turdoides bicolor
otu261287	Turdoides bicolor	sopbab1	Turdoides_bicolor_UWBM_70438	574271	Turdoides bicolor
otu261139	Turdoides gularis	whtbab1	Turdoides_gularis_USNM_5712	454021	Turdoides gularis
otu261136	Turdoides gularis	whtbab1	Turdoides_gularis_USNM_5705	454021	Turdoides gularis
otu261201	Heterophasia auricularis	whesib1	Heterophasia_auricularis_AMNH_DOT5177	824646	Heterophasia auricularis
otu261143	Heterophasia picaoides	lotsib1	Heterophasia_picaoides_USNM_15174	25708	Heterophasia picaoides
otu261248	Heterophasia capistrata	rufsib1	Heterophasia_capistrata_AMNH_DOT5573	1028012	Heterophasia capistrata
otu261190	Heterophasia capistrata	rufsib1	Heterophasia_capistrata_AMNH_DOT5553	1028012	Heterophasia capistrata
otu261101	Heterophasia pulchella	beasib1	Heterophasia_pulchella_USNM_15254	25704	Heterophasia pulchella
otu261123	Heterophasia pulchella	beasib1	Heterophasia_pulchella_KUNHM_15166	25704	Heterophasia pulchella
otu261153	Heterophasia gracilis	grysib1	Heterophasia_gracilis_USNM_5683	25700	Heterophasia gracilis
otu261067	Heterophasia gracilis	grysib1	Heterophasia_gracilis_USNM_5685	25700	Heterophasia gracilis
otu261054	Heterophasia melanoleuca	blbsib1	Heterophasia_melanoleuca_AMNH_DOT10973	1028014	Heterophasia melanoleuca
otu261043	Heterophasia melanoleuca	blbsib1	Heterophasia_melanoleuca_CAS_95600	1028014	Heterophasia melanoleuca
otu261092	Leiothrix argentauris	siemes1	Leiothrix_argentauris_AMNH_DOT2623	451623	Leiothrix argentauris
otu261093	Leiothrix argentauris	siemes1	Leiothrix_argentauris_KUNHM_15203	451623	Leiothrix argentauris
otu261260	Leiothrix lutea	reblei	Leiothrix_lutea_KUNHM_6724	965458	Leiothrix lutea
otu261199	Leiothrix lutea	reblei	Leiothrix_lutea_AMNH_DOT6507	965458	Leiothrix lutea
otu261078	Minla annectens	rubsib1	Heterophasia_annectans_USNM_336017	155396	Heterophasia annectans
otu261037	Minla ignotincta	retmin1	Minla_ignotincta_KUNHM_11346	1078784	Minla ignotincta
otu261088	Liocichla steerii	stelio1	Liocichla_steeri_AMNH_DOT5178	451633	Liocichla steerii
otu261273	Liocichla steerii	stelio1	Liocichla_steeri_AMNH_DOT5198	451633	Liocichla steerii
otu261144	Liocichla phoenicea	reflio2	Liocichla_phoenicea_KUNHM_15195	451636	Liocichla phoenicea
otu261266	Liocichla phoenicea	reflio2	Liocichla_phoenicea_KUNHM_10078	451636	Liocichla phoenicea
otu261185	Actinodura egertoni	rufbar1	Actinodura_egertoni_KUNHM_15186	695506	Actinodura egertoni
otu261202	Actinodura egertoni	rufbar1	Actinodura_egertoni_KUNHM_15098	695506	Actinodura egertoni
otu261103	Actinodura ramsayi	spebar1	Actinodura_ramsayi_AMNH_DOT2629	715046	Actinodura ramsayi
otu261279	Actinodura ramsayi	spebar1	Actinodura_ramsayi_AMNH_DOT2641	715046	Actinodura ramsayi
otu261156	no_match	no_match	Minla_strigula_KUNHM_15184	1078786	Minla strigula
otu261253	no_match	no_match	Minla_cyanouroptera_KUNHM_11087	1078798	Minla cyanouroptera
otu261117	no_match	no_match	Minla_cyanouroptera_KUNHM_11281	1078798	Minla cyanouroptera
otu261178	no_match	no_match	Actinodura_nipalensis_AMNH_DOT5594	1084799	Actinodura nipalensis
otu261196	no_match	no_match	Actinodura_nipalensis_AMNH_DOT5636	1084799	Actinodura nipalensis
otu261100	Actinodura waldeni	sttbar1	Actinodura_waldeni_CAS_95491	695502	Actinodura waldeni
otu261194	Actinodura waldeni	sttbar1	Actinodura_waldeni_CAS_95906	695502	Actinodura waldeni
otu261238	Actinodura morrisoniana	taibar1	Actinodura_morrisoniana_AMNH_DOT5226	695508	Actinodura morrisoniana
otu261064	Actinodura morrisoniana	taibar1	Actinodura_morrisoniana_AMNH_DOT5203	695508	Actinodura morrisoniana
otu261319	Trochalopteron subunicolor	scalau1	Garrulax_subunicolor_USNM_15264	553108	Garrulax subunicolor
otu261254	no_match	no_match	Garrulax_virgatus_USNM_5627	227762	Garrulax virgatus
otu261297	Trochalopteron lineatum	strlau1	Garrulax_lineatus_FMNH_347873	202820	Garrulax lineatus
otu261219	Trochalopteron lineatum	strlau1	Garrulax_lineatus_FMNH_347872	202820	Garrulax lineatus
otu261105	Trochalopteron squamatum	blwlau1	Garrulax_squamatus_KUNHM_15191	401600	Garrulax squamatus
otu261041	Trochalopteron variegatum	varlau1	Garrulax_variegatum_AMNH_DOT5537	401611	Garrulax variegatus
otu261086	Trochalopteron affine	blflau1	Garrulax_affinis_KUNHM_15099	1055601	Garrulax affinis
otu261046	Trochalopteron affine	blflau1	Garrulax_affinis_AMNH_DOT5582	1055601	Garrulax affinis
otu261284	Trochalopteron erythrocephalum	chclau2	Garrulax_erythrocephalus_KUNHM_15193	219388	Garrulax erythrocephalus
otu261261	Trochalopteron erythrocephalum	chclau2	Garrulax_erythrocephalus_USNM_B5628	219388	Garrulax erythrocephalus
otu261098	no_match	no_match	Garrulax_formosus_AMNH_DOT9336	202834	Garrulax formosus
otu261137	Trochalopteron milnei	retlau1	Garrulax_milnei_KUNHM_15101	479293	Garrulax milnei
otu261237	Trochalopteron milnei	retlau1	Garrulax_milnei_KUNHM_11104	479293	Garrulax milnei
otu261076	Cutia nipalensis	cutia1	Cutia_nipalensis_USNM_475768	977743	Cutia nipalensis
otu261135	Cutia nipalensis	cutia1	Cutia_nipalensis_FMNH_275829	977743	Cutia nipalensis
otu261033	Cutia nipalensis	cutia1	Cutia_nipalensis_FMNH_218230	977743	Cutia nipalensis
otu261061	Grammatoptila striata	strlau2	Garrulax_striatus_USNM_15221	227764	Garrulax striatus
otu261128	Grammatoptila striata	strlau2	Garrulax_striatus_USNM_15255	227764	Garrulax striatus
otu261036	Alcippe grotei	bkbful1	Alcippe_grotei_AMNH_DOT10810	665672	Alcippe grotei
otu261032	Alcippe grotei	bkbful1	Alcippe_grotei_AMNH_DOT12309	665672	Alcippe grotei
otu261177	Alcippe poioicephala	brcful1	Alcippe_poioicephala_USNM_5606	19366	Alcippe poioicephala
otu261235	Alcippe poioicephala	brcful1	Alcippe_poioicephala_USNM_6060	19366	Alcippe poioicephala
otu261107	Alcippe brunneicauda	broful1	Alcippe_brunneicauda_KUNHM_17766	845580	Alcippe brunneicauda
otu261244	Alcippe brunneicauda	broful1	Alcippe_brunneicauda_KUNHM_12380	845580	Alcippe brunneicauda
otu261307	Alcippe morrisonia	gycful1	Alcippe_morrisonia_AMNH_DOT5142	35861	Alcippe morrisonia
otu261094	Alcippe peracensis	mouful1	Alcippe_peracensis_AMNH_DOT12245	35863	Alcippe peracensis
otu261282	Alcippe peracensis	mouful1	Alcippe_peracensis_AMNH_DOT10740	35863	Alcippe peracensis
otu261263	Alcippe morrisonia	gycful1	Alcippe_morrisonia_KUNHM_6662	35861	Alcippe morrisonia
otu261081	Alcippe nipalensis	nepful1	Alcippe_nipalensis_KUNHM_15244	546869	Alcippe nipalensis
otu261045	Gampsorhynchus rufulus	whhbab2	Gampsorhynchus_rufulus_USNM_534967	977736	Gampsorhynchus rufulus
otu261293	Gampsorhynchus rufulus	whhbab2	Gampsorhynchus_rufulus_USNM_584529	977736	Gampsorhynchus rufulus
otu261247	Schoeniparus rufogularis	rutful1	Schoeniparus_rufogularis_USNM_15184	824069	Alcippe rufogularis
otu261126	Schoeniparus rufogularis	rutful1	Schoeniparus_rufogularis_AMNH_DOT10750	824069	Alcippe rufogularis
otu261316	Schoeniparus dubius	rucful1	Schoeniparus_dubia_KUNHM_11340	321215	Alcippe dubia
otu261267	Schoeniparus dubius	rucful1	Schoeniparus_dubia_KUNHM_15160	321215	Alcippe dubia
otu261295	Schoeniparus dubius	rucful1	Schoeniparus_dubia_USNM_5623	321215	Alcippe dubia
otu261096	Schoeniparus brunneus	dusful1	Schoeniparus_brunnea_KUNHM_6655	670233	Alcippe brunnea
otu261198	Schoeniparus castaneceps	ruwful1	Schoeniparus_castaneceps_KUNHM_15156	1084789	Alcippe castaneceps
otu261070	Schoeniparus cinereus	yetful1	Schoeniparus_cinerea_USNM_15213	845576	Alcippe cinerea
otu261163	Schoeniparus cinereus	yetful1	Schoeniparus_cinerea_KUNHM_15152	845576	Alcippe cinerea
otu261209	Malacopteron affine	socbab1	Malacopteron_affine_KUNHM_12383	779250	Malacopteron affine
otu261218	Malacopteron albogulare	gybbab1	Malacopteron_albogulare_LSUMNS_B47244	552898	Malacopteron albogulare
otu261207	Malacopteron albogulare	gybbab1	Malacopteron_albogulare_LSUMNS_B50348	552898	Malacopteron albogulare
otu261060	Malacopteron cinereum	sccbab1	Malacopteron_cinereum_AMNH_DOT10778	1078792	Malacopteron cinereum
otu261108	Malacopteron cinereum	sccbab1	Malacopteron_cinereum_KUNHM_12320	1078792	Malacopteron cinereum
otu261158	Malacopteron magnum	rucbab2	Malacopteron_magnum_KUNHM_17770	728854	Malacopteron magnum
otu261119	Malacopteron magnum	rucbab2	Malacopteron_magnum_LSUMNS_B38590	728854	Malacopteron magnum
otu261304	Malacopteron magnirostre	moubab1	Malacopteron_magnirostre_KUNHM_12358	265353	Malacopteron magnirostre
otu261210	Malacopteron magnirostre	moubab1	Malacopteron_magnirostre_LSUMNS_B36421	265353	Malacopteron magnirostre
otu261220	Malacopteron palawanense	palbab1	Malacopteron_palawanense_KUNHM_12600	728857	Malacopteron palawanense
otu261215	Illadopsis fulvescens	broill1	Illadopsis_fulvescens_FMNH_391756	334360	Illadopsis fulvescens
otu261256	Illadopsis fulvescens	broill1	Illadopsis_fulvescens_KUNHM_19886	334360	Illadopsis fulvescens
otu261102	Illadopsis pyrrhoptera	mouill1	Illadopsis_pyrrhoptera_FMNH_385058	503733	Illadopsis pyrrhopterum
otu261087	Illadopsis pyrrhoptera	mouill1	Illadopsis_pyrrhoptera_FMNH_346417	503733	Illadopsis pyrrhopterum
otu261320	Illadopsis rufipennis	pabill1	Illadopsis_rufipennis_KUNHM_8577	949773	Illadopsis rufipennis
otu261236	Illadopsis rufipennis	pabill1	Illadopsis_rufipennis_KUNHM_15583	949773	Illadopsis rufipennis
otu261246	Illadopsis albipectus	scbill1	Illadopsis_albipectus_FMNH_357284	126367	Illadopsis albipectus
otu261300	Illadopsis albipectus	scbill1	Illadopsis_albipectus_FMNH_385068	126367	Illadopsis albipectus
otu261113	Illadopsis cleaveri	blaill1	Illadopsis_cleaveri_KUNHM_15688	1028018	Illadopsis cleaveri
otu261257	Illadopsis cleaveri	blaill1	Illadopsis_cleaveri_KUNHM_8483	1028018	Illadopsis cleaveri
otu261231	no_match	no_match	Ptyrticus_turdinus_FMNH_298643	601626	Ptyrticus turdinus
otu261176	no_match	no_match	Ptyrticus_turdinus_USNM_583567	601626	Ptyrticus turdinus
otu261183	Illadopsis rufescens	ruwill1	Illadopsis_rufescens_KUNHM_19773	909951	Illadopsis rufescens
otu261160	Illadopsis rufescens	ruwill1	Illadopsis_rufescens_KUNHM_19729	909951	Illadopsis rufescens
otu261290	Illadopsis puveli	puvill1	Illadopsis_puveli_KUNHM_19887	72518	Illadopsis puveli
otu261157	Kenopia striata	stwbab3	Kenopia_striata_LSUMNS_B36395	1078795	Kenopia striata
otu261173	Turdinus abbotti	abbbab1	Malacocincla_abbotti_USNM_2131	1078789	Malacocincla abbotti
otu261147	Turdinus sepiarius	horbab2	Malacocincla_sepiaria_LSUMNS_B47108	405545	Malacocincla sepiaria
otu261035	Turdinus crispifrons	liwbab1	Napothera_crispifrons_FMNH_75755	1073087	Napothera crispifrons
otu261132	Turdinus brevicaudatus	stwbab1	Napothera_brevicaudata_AMNH_DOT2639	502093	Napothera brevicaudata
otu261085	Turdinus brevicaudatus	stwbab1	Napothera_brevicaudata_KUNHM_10351	502093	Napothera brevicaudata
otu261286	Turdinus crassus	mowbab1	Napothera_crassa_KUNHM_17805	502091	Napothera crassa
otu261268	Turdinus crassus	mowbab1	Napothera_crassa_LSUMNS_B36469	502091	Napothera crassa
otu261227	Ptilocichla mindanensis	stwbab2	Ptilocichla_mindanensis_KUNHM_19070	446186	Ptilocichla mindanensis
otu261084	Ptilocichla mindanensis	stwbab2	Ptilocichla_mindanensis_KUNHM_18187	446186	Ptilocichla mindanensis
otu261205	Ptilocichla leucogrammica	bowbab1	Ptilocichla_leucogrammica_LSUMNS_B50350	1073077	Ptilocichla leucogrammica
otu261150	Ptilocichla falcata	fawbab1	Ptilocichla_falcata_KUNHM_12816	446177	Ptilocichla falcata
otu261245	no_match	no_match	Jabouilleia_danjoui_AMNH_DOT10947	451620	Jabouilleia danjoui
otu261058	no_match	no_match	Rimator_malacoptilus_USNM_15204	979996	Rimator malacoptilus
otu261276	no_match	no_match	Rimator_malacoptilus_USNM_15203	979996	Rimator malacoptilus
otu261298	Napothera epilepidota	eywbab1	Napothera_epilepidota_LSUMNS_B52626	502099	Napothera epilepidota
otu261277	Pellorneum albiventre	sptbab1	Pellorneum_albiventre_KUNHM_10145	496775	Pellorneum albiventre
otu261138	Pellorneum tickelli	bubbab1	Pellorneum_tickelli_KUNHM_15242	31193	Pellorneum tickelli
otu261129	Pellorneum tickelli	bubbab1	Pellorneum_tickelli_KUNHM_10186	31193	Pellorneum tickelli
otu261164	Pellorneum pyrrogenys	tembab1	Pellorneum_pyrrogenys_KUNHM_17798	1073090	Pellorneum pyrrogenys
otu261097	no_match	no_match	Trichastoma_bicolor_LSUMNS_B36396	26168	Trichastoma bicolor
otu261250	no_match	no_match	Trichastoma_rostratum_KUNHM_17713	1022708	Trichastoma rostratum
otu261140	no_match	no_match	Trichastoma_celebense_AMNH_DOT12612	641384	Trichastoma celebense
otu261077	no_match	no_match	Malacocincla_cinereiceps_KUNHM_12693	496784	Malacocincla cinereiceps
otu261116	Pellorneum malaccense	shtbab1	Malacocincla_malaccensis_KUNHM_12341	28218	Malacocincla malaccensis
otu261095	Pellorneum malaccense	shtbab1	Malacocincla_malaccensis_KUNHM_17776	28218	Malacocincla malaccensis
otu261241	Pellorneum ruficeps	putbab1	Pellorneum_ruficeps_USNM_6133	243729	Pellorneum ruficeps
otu261166	Pellorneum ruficeps	putbab1	Pellorneum_ruficeps_USNM_2155	243729	Pellorneum ruficeps
otu261315	Pellorneum capistratum	blcbab1	Pellorneum_capistratum_LSUMNS_B36430	265354	Pellorneum capistratum
otu261114	Yuhina diademata	whcyuh1	Yuhina_diademata_KUNHM_11118	697080	Yuhina diademata
otu261310	Yuhina everetti	chcyuh1	Yuhina_everetti_KUNHM_17756	697079	Yuhina everetti
otu261112	Yuhina castaniceps	stryuh1	Yuhina_castaniceps_KUNHM_10367	684691	Yuhina castaniceps
otu261187	Yuhina castaniceps	stryuh1	Yuhina_castaniceps_KUNHM_13784	684691	Yuhina castaniceps
otu261039	no_match	no_match	Stachyris_dennistouni_USNM_3621	174120	Stachyris dennistouni
otu261055	no_match	no_match	Stachyris_nigrocapitata_KUNHM_18040	1022703	Stachyris nigrocapitata
otu261118	no_match	no_match	Stachyris_nigrocapitata_FMNH_449755	1022703	Stachyris nigrocapitata
otu261311	no_match	no_match	Stachyris_dennistouni_KUNHM_20225	174120	Stachyris dennistouni
otu261065	no_match	no_match	Stachyris_dennistouni_KUNHM_20186	174120	Stachyris dennistouni
otu261318	Zosterops ugiensis	gytwhe1	Zosterops_ugiensis_KUNHM_12803	758767	Zosterops ugiensis
otu261269	Zosterops lateralis	silver3	Zosterops_lateralis_KUNHM_6094	819155	Zosterops lateralis
otu261099	Zosterops nigrorum	yelwhe1	Zosterops_nigrorum_FMNH_432997	446691	Zosterops nigrorum
otu261155	Zosterops maderaspatanus	madwhe1	Zosterops_maderaspatanus_FMNH_345980	587250	Zosterops maderaspatanus
otu261179	Zosterops atricapilla	bkcwhe1	Zosterops_atricapilla_LSUMNS_B36444	305496	Zosterops atricapilla
otu261223	Oculocincta squamifrons	pyweye1	Oculocincta_squamifrons_LSUMNS_B51197	265355	Oculocincta squamifrons
otu261234	Lophozosterops squamiceps	sthwhe1	Lophozosterops_squamiceps_AMNH_DOT12549	840024	Lophozosterops squamiceps
otu261228	Zosterornis hypogrammicus	pasbab1	Stachyris_hypogrammica_FMNH_455063	265361	Stachyris hypogrammica
otu261080	Zosterornis whiteheadi	chfbab1	Stachyris_whiteheadi_KUNHM_18001	767078	Stachyris whiteheadi
otu261133	Zosterornis whiteheadi	chfbab1	Stachyris_whiteheadi_FMNH_429219	767078	Stachyris whiteheadi
otu261265	Yuhina brunneiceps	taiyuh1	Yuhina_brunneiceps_AMNH_DOT5153	697076	Yuhina brunneiceps
otu261174	Yuhina nigrimenta	blcyuh1	Yuhina_nigrimenta_KUNHM_11150	697088	Yuhina nigrimenta
otu261243	Yuhina nigrimenta	blcyuh1	Yuhina_nigrimenta_KUNHM_9997	697088	Yuhina nigrimenta
otu261274	Yuhina bakeri	whnyuh1	Yuhina_bakeri_USNM_631884	1050510	Yuhina bakeri
otu261280	Yuhina flavicollis	whiyuh1	Yuhina_flavicollis_KUNHM_15170	697089	Yuhina flavicollis
otu261068	Yuhina occipitalis	ruvyuh1	Yuhina_occipitalis_KUNHM_15177	19370	Yuhina occipitalis
otu261167	Chrysomma sinense	yeebab1	Chrysomma_sinense_USNM_6101	370024	Chrysomma sinense
otu261212	Chrysomma sinense	yeebab1	Chrysomma_sinense_USNM_6172	370024	Chrysomma sinense
otu261057	Fulvetta vinipectus	whbful1	Fulvetta_vinipectus_AMNH_DOT5655	360236	Alcippe vinipectus
otu261317	Fulvetta cinereiceps	sttful1	Fulvetta_cinereiceps_AMNH_DOT5181	977746	Alcippe cinereiceps
otu261255	Fulvetta vinipectus	whbful1	Fulvetta_vinipectus_CAS_95904	360236	Alcippe vinipectus
otu261056	Rhopophilus pekinensis	beibab1	Rhopophilus_pekinensis_USNM_526697	333272	Rhopophilus pekinensis
otu261221	Suthora nipalensis	bltpar1	Paradoxornis_nipalensis_AMNH_DOT5190	552302	Paradoxornis nipalensis
otu261062	Suthora verreauxi	golpar2	Paradoxornis_verreauxi_KUNHM_11041	11420	Paradoxornis verreauxi
otu261306	Suthora fulvifrons	fulpar1	Paradoxornis_fulvifrons_CAS_95908	1052197	Paradoxornis fulvifrons
otu261146	Suthora fulvifrons	fulpar1	Paradoxornis_fulvifrons_CAS_95884	1052197	Paradoxornis fulvifrons
otu261270	Sinosuthora webbiana	vitpar1	Paradoxornis_webbianus_KUNHM_13794	802901	Paradoxornis webbianus
otu261222	Sinosuthora alphonsiana	astpar1	Paradoxornis_alphonsianus_KUNHM_11096	225997	Paradoxornis alphonsianus
otu261042	Sinosuthora webbiana	vitpar1	Paradoxornis_webbianus_KUNHM_6740	802901	Paradoxornis webbianus
otu261182	Conostoma aemodium	grepar1	Conostoma_oemodium_FMNH_297082	689062	Conostoma aemodium
otu261151	Conostoma aemodium	grepar1	Conostoma_oemodium_FMNH_297083	689062	Conostoma aemodium
otu261149	Psittiparus gularis	gyhpar3	Paradoxornis_gularis_KUNHM_6706	552313	Paradoxornis gularis
otu261145	Psittiparus gularis	gyhpar3	Paradoxornis_gularis_KUNHM_11037	552313	Paradoxornis gularis
otu261213	Psittiparus ruficeps	ruhpar3	Paradoxornis_ruficeps_KUNHM_15116	1052184	Paradoxornis ruficeps
otu261066	Chamaea fasciata	wrenti	Chamaea_fasciata_SDSU_2188	3599833	Chamaea fasciata
otu261272	Chamaea fasciata	wrenti	Chamaea_fasciata_SDSU_2220	3599833	Chamaea fasciata
otu261121	Lioparus chrysotis	gobful1	Lioparus_chrysotis_KUNHM_11078	1084794	Alcippe chrysotis
otu261049	Chrysomma poecilotis	rutbab1	Chrysomma_poecilotis_FMNH_68881	1488	Moupinia poecilotis
otu261302	Myzornis pyrrhoura	fitmyz1	Myzornis_pyrrhoura_KUNHM_15109	482566	Myzornis pyrrhoura
otu261192	Sylvia nigricapillus	busbla1	Lioptilus_nigricapillus_UWBM_53158	601614	Lioptilus nigricapillus
otu261172	Sylvia nigricapillus	busbla1	Lioptilus_nigricapillus_UWBM_71300	601614	Lioptilus nigricapillus
otu261040	Sylvia atriceps	afhbab3	Pseudoalcippe_atriceps_FMNH_358056	1073080	Pseudoalcippe atriceps
otu261271	Sylvia atriceps	afhbab3	Pseudoalcippe_atriceps_FMNH_355697	1073080	Pseudoalcippe atriceps
otu261233	Sylvia dohrni	dohthb1	Horizorhinus_dohrni_Genbank	328260	Horizorhinus dohrni
otu261299	Sylvia borin	garwar1	Sylvia_borin_KUNHM_15471	261410	Sylvia borin
otu261159	Pycnonotus plumosus	olwbul1	Pycnonotus_plumosus_KUNHM_12667	108244	Pycnonotus plumosus
otu261154	Alophoixus bres	gycbul1	Alophoixus_bres_KUNHM_17701	122201	Criniger bres
otu261051	Melocichla mentalis	mogwar1	Melocichla_mentalis_KUNHM_15406	106895	Melocichla mentalis
otu261031	Malia grata	malia1	Malia_grata_AMNH_299482	496789	Malia grata
otu261240	Cincloramphus timoriensis	tawgra3	Megalurus_timoriensis_KUNHM_16461	964908	Megalurus timoriensis
otu261242	Robsonius rabori	luzwrb1	Robsonius_rabori_FMNH_433008	446183	Napothera rabori
otu261059	Orthotomus sericeus	ruttai1	Orthotomus_sericeus_KUNHM_17792	28216	Orthotomus sericeus
otu261252	Micromacronus leytensis	mitbab1	Micromacronus_leytensis_USNM_579793	796101	Micromacronus leytensis
otu261030	Leonardina woodi	bagbab2	Leonardina_woodi_KUNHM_19115	496781	Leonardina woodi
otu261050	Erpornis zantholeuca	whbyuh1	Erpornis_zantholeuca_KUNHM_10015	602539	Erpornis zantholeuca
otu261073	Erpornis zantholeuca	whbyuh1	Erpornis_zantholeuca_KUNHM_13848	602539	Erpornis zantholeuca
