otu_id	^clo:ClementsTaxonName2019	^clo:speciescode2019	^ot:originalLabel	^ot:ottId	^ot:ottTaxonName
otu194	no_match	no_match	Megalaima_mystacophanos	291637	Megalaima mystacophanos
otu195	no_match	no_match	Megalaima_pulcherrima	3600160	Megalaima pulcherrima
otu196	no_match	no_match	Megalaima_rafflesii	3600166	Megalaima rafflesii
otu197	no_match	no_match	Megalaima_asiatica	384573	Megalaima asiatica
otu2667	no_match	no_match	Tricholaema	214986	Tricholaema
otu2666	no_match	no_match	Pogoniulus	291640	Pogoniulus
otu2665	no_match	no_match	Lybius	815711	Lybius
otu214	Capito aurovirens	sccbar1	Capito_aurovirens	712007	Capito aurovirens
otu213	Capito niger	blsbar1	Capito_niger	1068254	Capito niger
otu215	Eubucco bourcierii	rehbar1	Eubucco_bourcierii	815705	Eubucco bourcierii
otu216	Eubucco versicolor	verbar1	Eubucco_versicolor	3600276	Eubucco versicolor
otu227	Pteroglossus azara	ivbara1	Pteroglossus_azara	355345	Pteroglossus azara
otu229	Pteroglossus torquatus	colara1	Pteroglossus_torquatus	450968	Pteroglossus torquatus
otu228	Pteroglossus inscriptus	letara1	Pteroglossus_inscriptus	541992	Pteroglossus inscriptus
otu2659	no_match	no_match	Aulacorhynchus	291853	Aulacorhynchus (genus in Opisthokonta)
otu2660	no_match	no_match	Ramphastos	1068261	Ramphastos
otu169	Dryobates villosus	haiwoo	Picoides_villosus	733988	Picoides villosus
otu170	Dryobates pubescens	dowwoo	Picoides_pubescens	873958	Picoides pubescens
otu2679	no_match	no_match	Melanerpes	119081	Melanerpes
otu2680	no_match	no_match	Colaptes	1020136	Colaptes
otu192	Indicator variegatus	scthon1	Indicator_variegatus	467837	Indicator variegatus
otu191	Indicator maculatus	spohon2	Indicator_maculatus	552486	Indicator maculatus
otu193	Indicator minor	leshon1	Indicator_minor	494191	Indicator minor
otu190	Indicator archipelagicus	malhon1	Indicator_archipelagicus	3600267	Indicator archipelagicus
otu189	Indicator indicator	grehon2	Indicator_indicator	727823	Indicator indicator
otu596	Acanthisitta chloris	riflem1	Acanthisitta_chloris	1085740	Acanthisitta chloris
otu603	Hydrornis baudii	blhpit1	Pitta_baudii	784637	Hydrornis baudii
otu601	Hydrornis guajanus	banpit2	Pitta_guajana	232061	Hydrornis guajana
otu602	Pitta brachyura	indpit1	Pitta_brachyura	269794	Pitta brachyura
otu600	Pitta versicolor	noipit1	Pitta_versicolor	413075	Pitta versicolor
otu3695	no_match	no_match	Cymbirhynchus	395858	Cymbirhynchus
otu598	Eurylaimus ochromalus	baybro1	Eurylaimus_ochromalus	184248	Eurylaimus ochromalus
otu599	Calyptomena viridis	grebro1	Calyptomena_viridis	26175	Calyptomena viridis
otu3636	no_match	no_match	Corythopis	142238	Corythopis
otu3634	no_match	no_match	Todirostrum	610949	Todirostrum
otu3633	no_match	no_match	Pseudotriccus	230700	Pseudotriccus
otu3632	no_match	no_match	Leptopogon	129407	Leptopogon (genus in domain Eukaryota)
otu786	Oncostoma olivaceum	souben1	Mionectes_olivaceus	581548	Mionectes olivaceus
otu787	Mionectes striaticollis	stnfly1	Mionectes_striaticollis	103931	Mionectes striaticollis
otu788	Mionectes oleagineus	ocbfly1	Mionectes_oleagineus	683047	Mionectes oleagineus
otu3635	no_match	no_match	Idioptilon	232052	Hemitriccus
otu3605	not_a_bird	not_a_bird	Platypsarsis	None	None
otu856	Pachyramphus versicolor	barbec1	Pachyramphus_versicolor	931732	Pachyramphus versicolor
otu855	Pachyramphus polychopterus	whwbec1	Pachyramphus_polychopterus	610948	Pachyramphus polychopterus
otu854	Tityra semifasciata	mastit1	Tityra_semifasciata	319142	Tityra semifasciata
otu853	Tityra cayana	blttit1	Tityra_cayana	857132	Tityra cayana
otu3608	no_match	no_match	Schiffornis	857137	Schiffornis
otu3598	no_match	no_match	Tyrannulus	937202	Tyrannulus
otu3602	no_match	no_match	Anairetes	24293	Anairetes
otu3601	no_match	no_match	Camptostoma	664790	Camptostoma
otu3599	no_match	no_match	Myiopagis	610933	Myiopagis
otu3600	no_match	no_match	Euscarthmus	361521	Euscarthmus
otu3595	no_match	no_match	Capsiempis	179647	Capsiempis
otu3596	no_match	no_match	Mecocerculus	1008936	Mecocerculus
otu3597	no_match	no_match	Phaeomyias	411519	Phaeomyias
otu880	Elaenia frantzii	mouela1	Elaenia_frantzii	1039402	Elaenia frantzii
otu881	Elaenia albiceps	whcela1	Elaenia_albiceps	232059	Elaenia albiceps
otu882	Elaenia chiriquensis	lesela1	Elaenia_chiriquensis	379424	Elaenia chiriquensis
otu883	Elaenia flavogaster	yebela1	Elaenia_flavogaster	683056	Elaenia flavogaster
otu932	no_match	no_match	Myiodynastes	951135	Myiodynastes
otu3574	no_match	no_match	Myiozetetes	126789	Myiozetetes
otu936	no_match	no_match	Megarynchus	99664	Megarynchus
otu3573	no_match	no_match	Rhytipterna	1082038	Rhytipterna
otu943	Myiarchus cinerascens	astfly	Myiarchus_cinerascens	501679	Myiarchus cinerascens
otu942	Myiarchus tyrannulus	bncfly	Myiarchus_tyrannulus	129415	Myiarchus tyrannulus
otu941	Myiarchus tuberculifer	ducfly	Myiarchus_tuberculifer	730978	Myiarchus tuberculifer
otu940	Myiarchus ferox	shcfly1	Myiarchus_ferox	105676	Myiarchus ferox
otu939	Myiarchus cephalotes	paefly1	Myiarchus_cephalotes	105677	Myiarchus cephalotes
otu938	Myiarchus apicalis	apifly1	Myiarchus_apicalis	3599258	Myiarchus apicalis
otu934	no_match	no_match	Attila	361530	Attila
otu3577	no_match	no_match	Pitangus	951122	Pitangus
otu3578	no_match	no_match	Tyrannus	463185	Tyrannus (genus in Opisthokonta)
otu3590	no_match	no_match	Fluvicola	703819	Fluvicola
otu3589	no_match	no_match	Muscigralla	1035996	Muscigralla
otu3586	no_match	no_match	Gubernetes	348852	Gubernetes
otu3581	no_match	no_match	Empidonax	187375	Empidonax
otu903	Sayornis phoebe	easpho	Sayornis_phoebe	1065604	Sayornis phoebe
otu3580	no_match	no_match	Contopus	1095263	Contopus
otu3582	no_match	no_match	Ochthoeca	63365	Ochthoeca
otu3583	no_match	no_match	Agriornis	612077	Agriornis
otu899	no_match	no_match	Machetornis	175388	Machetornis
otu3585	no_match	no_match	Knipolegus	32466	Knipolegus
otu3588	no_match	no_match	Pyrocephalus	375104	Pyrocephalus
otu3587	no_match	no_match	Sublegatus	1044515	Sublegatus
otu3628	no_match	no_match	Ampelion	1041549	Ampelion
otu3625	no_match	no_match	Cephalopterus	860312	Cephalopterus
otu3627	no_match	no_match	Gymnoderus	1012068	Gymnoderus
otu3626	no_match	no_match	Rupicola	275660	Rupicola (genus in Opisthokonta)
otu3624	no_match	no_match	Procnias	1032639	Procnias
otu3622	no_match	no_match	Oxyruncus	931725	Oxyruncus
otu3623	no_match	no_match	Querula	1032635	Querula
otu848	Pipreola arcuata	barfru1	Pipreola_arcuata	456276	Pipreola arcuata
otu849	Pipreola riefferii	gabfru1	Pipreola_riefferii	3598406	Pipreola riefferii
otu3620	Pipreola aureopectus	gobfru1	Pipreola_aureopectus	3598409	Pipreola aureopectus
otu3621	no_match	no_match	Lipaugus	881038	Lipaugus
otu3614	no_match	no_match	Manacus	129405	Manacus
otu3613	no_match	no_match	Machaeropterus	881033	Machaeropterus
otu3609	no_match	no_match	Heterocercus	1061606	Heterocercus (genus in Deuterostomia)
otu826	Ceratopipra erythrocephala	gohman1	Pipra_erythrocephala	361712	Pipra erythrocephala
otu827	Lepidothrix coronata	blcman1	Pipra_coronata	49248	Lepidothrix coronata
otu828	Ceratopipra mentalis	recman1	Pipra_mentalis	128718	Pipra mentalis
otu3615	no_match	no_match	Chiroxiphia	184921	Chiroxiphia
otu3616	no_match	no_match	Chloropipo	30141	Chloropipo
otu3617	no_match	no_match	Masius	1061600	Masius
otu3641	no_match	no_match	Formicivora	872127	Formicivora
otu3640	no_match	no_match	Dysithamnus	134536	Dysithamnus
otu785	Thamnophilus doliatus	barant1	Thamnophilus_doliatus	799168	Thamnophilus doliatus
otu784	Thamnophilus nigrocinereus	blgant2	Thamnophilus_nigrocinereus	413004	Thamnophilus nigrocinereus
otu783	Thamnophilus schistaceus	plwant1	Thamnophilus_schistaceus	648993	Thamnophilus schistaceus
otu3642	no_match	no_match	Myrmotherula	830647	Myrmotherula
otu3643	no_match	no_match	Myrmeciza	656610	Myrmeciza
otu3647	no_match	no_match	Gymnopithys	564503	Gymnopithys
otu3646	no_match	no_match	Thamnomanes	134538	Thamnomanes
otu3645	no_match	no_match	Phlegopsis	332239	Phlegopsis
otu3644	no_match	no_match	Myrmoborus	134529	Myrmoborus
otu3649	no_match	no_match	Hypocnemis	872131	Hypocnemis
otu3648	no_match	no_match	Hylophylax	827587	Hylophylax
otu3651	no_match	no_match	Pygiptila	134533	Pygiptila
otu3650	no_match	no_match	Percnostola	999542	Percnostola
otu3656	no_match	no_match	Chamaeza	743732	Chamaeza
otu717	Formicarius colma	rucant2	Formicarius_colma	799153	Formicarius colma
otu714	Formicarius rufipectus	rubant1	Formicarius_rufipectus	227774	Formicarius rufipectus
otu715	Formicarius nigricapillus	blhant1	Formicarius_nigricapillus	946566	Formicarius nigricapillus
otu716	Formicarius analis	blfant1	Formicarius_analis	683058	Formicarius analis
otu3657	no_match	no_match	Grallaria	1041027	Grallaria
otu735	Conopophaga castaneiceps	chcgna1	Conopophaga_castaneiceps	3599028	Conopophaga castaneiceps
otu736	Conopophaga lineata	rufgna3	Conopophaga_lineata	45219	Conopophaga lineata
otu3663	no_match	no_match	Pteroptochos	959956	Pteroptochos
otu739	Liosceles thoracicus	rubtap1	Liosceles_thoracicus	332218	Liosceles thoracicus
otu738	Scytalopus femoralis	ruvtap1	Scytalopus_femoralis	877559	Scytalopus femoralis
otu737	Scytalopus latebricola	brrtap1	Scytalopus_latebricola	877551	Scytalopus latebricola
otu3688	no_match	no_match	Sclerurus	743730	Sclerurus
otu3682	no_match	no_match	Xenops	705967	Xenops
otu3684	no_match	no_match	Synallaxis	860401	Synallaxis
otu3683	no_match	no_match	Thripadectes	997980	Thripadectes
otu3681	no_match	no_match	Premnoplex	831395	Premnoplex
otu676	Furnarius leucopus	palhor2	Furnarius_leucopus	222069	Furnarius leucopus
otu675	Furnarius rufus	rufhor2	Furnarius_rufus	799151	Furnarius rufus
otu3679	no_match	no_match	Geositta	44690	Geositta
otu3680	no_match	no_match	Pseudocolaptes	443381	Pseudocolaptes
otu3686	no_match	no_match	Philydor	997978	Philydor
otu3685	no_match	no_match	Schizoeaca	71212	Schizoeaca
otu3676	no_match	no_match	Hyloctistes	910733	Hyloctistes
otu610	Automolus rufipileatus	ccfgle2	Automolus_rufipileatus	432785	Automolus rufipileatus
otu611	Automolus infuscatus	obfgle3	Automolus_infuscatus	608108	Automolus infuscatus
otu3687	no_match	no_match	Cranioleuca	478664	Cranioleuca
otu3671	no_match	no_match	Dendrocincla	471435	Dendrocincla
otu3670	no_match	no_match	Campylorhamphus	12257	Campylorhamphus
otu711	Xiphorhynchus triangularis	olbwoo1	Xiphorhynchus_triangularis	73534	Xiphorhynchus triangularis
otu712	Xiphorhynchus erythropygius	spowoo1	Xiphorhynchus_erythropygius	12264	Xiphorhynchus erythropygius
otu713	Dendroplex picus	stbwoo2	Xiphorhynchus_picus	227517	Xiphorhynchus picus
otu3669	no_match	no_match	Xiphocolaptes	471432	Xiphocolaptes
otu3668	no_match	no_match	Lepidocolaptes	729974	Lepidocolaptes
otu698	Dendrocolaptes certhia	amabaw1	Dendrocolaptes_certhia	584977	Dendrocolaptes certhia
otu3673	no_match	no_match	Sittasomus	729976	Sittasomus
otu3672	no_match	no_match	Glyphorynchus	26174	Glyphorynchus
otu1267	Dulus dominicus	palmch1	Dulus_dominicus	33425	Dulus dominicus
otu1266	Phainopepla nitens	phaino	Phainopepla_nitens	33427	Phainopepla nitens
otu1265	Bombycilla cedrorum	cedwax	Bombycilla_cedrorum	606625	Bombycilla cedrorum
otu1397	Dumetella carolinensis	grycat	Dumetella_carolinensis	658838	Dumetella carolinensis
otu3333	no_match	no_match	Oreoscoptes	443451	Oreoscoptes
otu1398	Mimus polyglottos	normoc	Mimus_polyglottos	571310	Mimus polyglottos
otu1403	Toxostoma longirostre	lobthr	Toxostoma_longirostre	1085998	Toxostoma longirostre
otu1402	Toxostoma rufum	brnthr	Toxostoma_rufum	293380	Toxostoma rufum
otu1404	Toxostoma curvirostre	cubthr	Toxostoma_curvirostre	259098	Toxostoma curvirostre
otu1400	Toxostoma crissale	crithr	Toxostoma_dorsale	3599072	Toxostoma dorsale
otu1401	Toxostoma redivivum	calthr	Toxostoma_redivivum	1085996	Toxostoma redivivum
otu3344	no_match	no_match	Gracula	80417	Gracula
otu3335	no_match	no_match	Spreo	366478	Spreo
otu1396	Lamprotornis nitens	capgls1	Lamprotornis_nitens	626442	Lamprotornis nitens
otu3337	no_match	no_match	Onychognathus	2202	Onychognathus
otu3338	no_match	no_match	Cinnyricinclus	945883	Cinnyricinclus
otu1379	Acridotheres tristis	commyn	Acridotheres_tristis	80701	Acridotheres tristis
otu1378	Creatophora cinerea	watsta1	Creatophora_cinerea	79250	Creatophora cinerea
otu1377	Sturnus unicolor	sposta1	Sturnus_unicolor	366470	Sturnus unicolor
otu1376	Sturnus vulgaris	eursta	Sturnus_vulgaris	565813	Sturnus vulgaris
otu3343	no_match	no_match	Ampeliceps	968666	Ampeliceps
otu3345	no_match	no_match	Aplonis	968675	Aplonis
otu1270	Sialia currucoides	moublu	Sialia_currucoides	431648	Sialia currucoides
otu1271	Sialia sialis	easblu	Sialia_sialis	775715	Sialia sialis
otu1269	Sialia mexicana	wesblu	Sialia_mexicana	1044558	Sialia mexicana
otu3359	no_match	no_match	Myiophonus	3599434	Myophonus
otu3358	no_match	no_match	Monticola	653936	Monticola (genus in Holozoa)
otu3357	no_match	no_match	Brachypteryx	878304	Brachypteryx
otu4451	Psophocichla litsitsirupa	grothr1	Turdus_litsipsirupa	957473	Psophocichla litsitsirupa
otu4450	Turdus libonyana	kurthr1	Turdus_libonyanus	431681	Turdus libonyana
otu4449	Turdus leucomelas	pabthr1	Turdus_leucomelas	379422	Turdus leucomelas
otu4448	Turdus iliacus	redwin	Turdus_iliacus	906449	Turdus iliacus
otu4455	Turdus nudigenis	baerob1	Turdus_nudigenis	293382	Turdus nudigenis
otu4454	Turdus nigriceps	slathr2	Turdus_nigriceps	381314	Turdus nigriceps
otu4453	Turdus merula	eurbla	Turdus_merula	568572	Turdus merula
otu4452	Turdus maranonicus	marthr2	Turdus_maranonicus	381310	Turdus maranonicus
otu4457	Turdus philomelos	sonthr1	Turdus_philomelos	1082345	Turdus philomelos
otu4456	Turdus pallidus	palthr1	Turdus_pallidus	653922	Turdus pallidus
otu4440	Turdus abyssinicus	abythr1	Turdus_abyssinicus	96374	Turdus abyssinicus
otu4441	Turdus albicollis	whnrob1	Turdus_albicollis	1058859	Turdus albicollis
otu4442	Turdus amaurochalinus	crbthr1	Turdus_amaurochalinus	381318	Turdus amaurochalinus
otu4443	Turdus chiguanco	chithr1	Turdus_chiguanco	574269	Turdus chiguanco
otu4444	Turdus fulviventris	chbthr2	Turdus_fuliventris	381311	Turdus fulviventris
otu4445	Turdus fumigatus	cocthr1	Turdus_fumigatus	906942	Turdus fumigatus
otu4446	Turdus fuscater	grethr1	Turdus_fuscater	1008495	Turdus fuscater
otu4447	Turdus grayi	clcrob	Turdus_grayi	508849	Turdus grayi
otu4460	Turdus serranus	glbthr1	Turdus_serranus	381313	Turdus serranus
otu4458	Turdus plumbeus	relthr1	Turdus_plumbeus	906941	Turdus plumbeus
otu4459	Turdus rufiventris	rubthr1	Turdus_rufiventris	1008498	Turdus rufiventris
otu1302	Turdus olivaceus	olithr2	Turdus_olivaceus	96367	Turdus olivaceus
otu1303	Turdus migratorius	amerob	Turdus_migratorius	96291	Turdus migratorius
otu3355	no_match	no_match	Zoothera	653935	Zoothera
otu1293	Chlamydochaera jefferyi	fruit-2	Chlamydochaera_jefferyi	994021	Chlamydochaera jefferyi
otu1292	Hylocichla mustelina	woothr	Hylocichla_mustelina	712913	Hylocichla mustelina
otu1291	Catharus guttatus	herthr	Catharus_guttatus	96280	Catharus guttatus
otu1290	Catharus ustulatus	swathr	Catharus_ustulatus	489372	Catharus ustulatus
otu3362	no_match	no_match	Entomodestes	288687	Entomodestes
otu1275	Myadestes townsendi	towsol	Myadestes_townsendi	468120	Myadestes townsendi
otu1274	Myadestes ralloides	andsol1	Myadestes_ralloides	537407	Myadestes ralloides
otu3377	no_match	no_match	Ficedula	131998	Ficedula
otu3376	no_match	no_match	Muscicapa	744791	Muscicapa
otu1305	no_match	no_match	Niltava	774534	Niltava
otu3374	no_match	no_match	Rhinomyias	591504	Rhinomyias
otu3373	no_match	no_match	Erythropygia	3599307	Erythropygia (merged with Cercotrichas)
otu1342	Melaenornis silens	fisfly1	Melaenornis_silens	1042778	Melaenornis silens
otu1341	Melaenornis edolioides	nobfly1	Melaenornis_edolioides	311095	Melaenornis edolioides
otu3367	no_match	no_match	Myrmecocichla	311092	Myrmecocichla
otu1344	Cossypha caffra	carcha1	Cossypha_caffra	288663	Cossypha caffra
otu1343	Erithacus rubecula	eurrob1	Erithacus_rubecula	507122	Erithacus rubecula
otu3368	no_match	no_match	Luscinia	274231	Luscinia
otu3366	no_match	no_match	Phoenicurus	1093901	Phoenicurus
otu3365	no_match	no_match	Pogonocichla	168409	Pogonocichla
otu3369	no_match	no_match	Enicurus	53643	Enicurus
otu3370	no_match	no_match	Copsychus	373878	Copsychus
otu1268	Cinclus mexicanus	amedip	Cinclus_mexicanus	606627	Cinclus mexicanus
otu3318	no_match	no_match	Microcerculus	356967	Microcerculus
otu3317	no_match	no_match	Campylorhynchus	744786	Campylorhynchus
otu3316	no_match	no_match	Cyphorhinus	403168	Cyphorhinus (genus in Deuterostomia)
otu1436	Thryomanes bewickii	bewwre	Thryomanes_bewickii	932497	Thryomanes bewickii
otu3312	no_match	no_match	Thryothorus	1063179	Thryothorus
otu3313	no_match	no_match	Troglodytes	965451	Troglodytes
otu3314	no_match	no_match	Cinnycerthia	932503	Cinnycerthia
otu3315	no_match	no_match	Henicorhina	402976	Henicorhina
otu1411	Polioptila melanura	bktgna	Polioptila_melanura	443273	Polioptila melanura
otu1412	Polioptila plumbea	trogna1	Polioptila_plumbea	227269	Polioptila plumbea
otu1414	no_match	no_match	Ramphocaenus	227270	Ramphocaenus
otu1413	no_match	no_match	Microbates	713368	Microbates
otu3323	no_match	no_match	Auriparus	1093468	Auriparus
otu1409	Salpornis spilonota	spocre3	Salpornis_spilonotus	601610	Salpornis spilonotus
otu1410	Certhia familiaris	eurtre1	Certhia_familiaris	1007196	Certhia familiaris
otu1408	Tichodroma muraria	wallcr1	Tichodroma_muraria	452744	Tichodroma muraria
otu1407	Sitta pygmaea	pygnut	Sitta_pygmaea	82240	Sitta pygmaea
otu1406	Sitta canadensis	rebnut	Sitta_canadensis	603923	Sitta canadensis
otu1405	Sitta carolinensis	whbnut	Sitta_carolinensis	82247	Sitta carolinensis
otu3304	no_match	no_match	Anthoscopus	73147	Anthoscopus
otu1453	Parus major	gretit1	Parus_major	515143	Parus major
otu1452	Poecile atricapillus	bkcchi	Parus_atricapillus	17262	Poecile atricapilla
otu1451	Baeolophus bicolor	tuftit	Parus_bicolor	922720	Baeolophus bicolor
otu1457	Psaltriparus minimus	bushti	Psaltriparus_minimus	1058772	Psaltriparus minimus
otu1458	Aegithalos caudatus	lottit1	Aegithalos_caudatus	467867	Aegithalos caudatus
otu1475	Regulus calendula	ruckin	Regulus_calendula	3599890	Regulus calendula
otu1474	Regulus ignicapilla	firecr1	Regulus_ignicapillus	3599741	Regulus ignicapilla
otu1473	Regulus satrapa	gockin	Regulus_satrapa	3599325	Regulus satrapa
otu1543	Zosterops palpebrosus	indwhe1	Zosterops_palpebrosus	446693	Zosterops palpebrosus
otu3267	Zosterops pallidus	capwhe6	Zosterops_pallida	819158	Zosterops pallidus
otu1545	Zosterops oleagineus	yapwhe1	Rukia_oleaginea	83053	Zosterops oleagineus
otu1544	Zosterops lateralis	silver3	Zosterops_lateralis	819155	Zosterops lateralis
otu1541	Cleptornis marchei	goweye1	Cleptornis_marchei	699514	Cleptornis marchei
otu1601	Phylloscopus collybita	comchi1	Phylloscopus_collybita	726307	Phylloscopus collybita
otu1600	Phylloscopus trochilus	wlwwar	Phylloscopus_trochilus	96282	Phylloscopus trochilus
otu1599	Phylloscopus borealis	arcwar1	Phylloscopus_borealis	256518	Phylloscopus borealis
otu3258	no_match	no_match	Seicercus	181960	Seicercus
otu3264	no_match	no_match	Sylvietta	759576	Sylvietta
otu1546	Sphenoeacus afer	capgra1	Sphenoeacus_afer	158200	Sphenoeacus afer
otu3263	Melocichla mentalis	mogwar1	Sphenoeacus_mentalis	106895	Melocichla mentalis
otu1585	Hippolais polyglotta	melwar1	Hippolais_polyglotta	433853	Hippolais polyglotta
otu1586	Hippolais icterina	ictwar1	Hippolais_icterina	433851	Hippolais icterina
otu3261	no_match	no_match	Acrocephalus	800679	Acrocephalus (genus in Opisthokonta)
otu3249	no_match	no_match	Garrulax	294063	Garrulax
otu3242	no_match	no_match	Actinodura	19372	Actinodura
otu3241	Turdoides jardineii	armbab1	Turdoides_jardinei	697077	Turdoides jardineii
otu1648	Turdoides plebejus	brobab1	Turdoides_plebejus	3358	Turdoides plebejus
otu3243	no_match	no_match	Stachyris	243733	Stachyris
otu3248	no_match	no_match	Alcippe	19365	Alcippe
otu3247	no_match	no_match	Kenopia	981593	Kenopia
otu3246	no_match	no_match	Malacopteron	1078791	Malacopteron
otu1622	no_match	no_match	Trichastoma_bicolor	26168	Trichastoma bicolor
otu3244	Pellorneum malaccense	shtbab1	Trichastoma_malaccensis	28218	Trichastoma malaccense
otu1655	Sylvia hortensis	weowar2	Sylvia_hortensis	961451	Sylvia hortensis
otu1656	Sylvia curruca	leswhi4	Sylvia_curruca	463174	Sylvia curruca
otu1653	Sylvia borin	garwar1	Sylvia_borin	261410	Sylvia borin
otu1654	Sylvia atricapilla	blackc1	Sylvia_atricapilla	726312	Sylvia atricapilla
otu1652	Chamaea fasciata	wrenti	Chamaea_fasciata	3599833	Chamaea fasciata
otu3251	no_match	no_match	Megalurus	440407	Megalurus
otu3250	Poodytes punctatus	fernbi1	Bowdleria_punctata	964912	Megalurus punctatus
otu1604	no_match	no_match	Eremiornis	337751	Eremiornis
otu1603	Cincloramphus cruralis	broson1	Cincloramphus_cruralis	337752	Cincloramphus cruralis
otu1602	Cincloramphus mathewsi	rufson1	Cincloramphus_mathewsi	865537	Cincloramphus mathewsi
otu3277	no_match	no_match	Eminia	294067	Eminia (genus in Opisthokonta)
otu3276	no_match	no_match	Hypergerus	294056	Hypergerus
otu1536	Prinia flavicans	blcpri1	Prinia_flavicans	190126	Prinia flavicans
otu1537	Prinia subflava	tafpri1	Prinia_subflava	759556	Prinia subflava
otu1538	Prinia buchanani	rufpri2	Prinia_buchanani	3598851	Prinia buchanani
otu1539	Cisticola tinniens	tincis1	Cisticola_tinniens	258746	Cisticola tinniens
otu1540	Cisticola chiniana	ratcis1	Cisticola_chinianus	3598902	Cisticola chinianus
otu3275	no_match	no_match	Camaroptera	294061	Camaroptera
otu3278	no_match	no_match	Apalis	759567	Apalis
otu3289	no_match	no_match	Nicator	814749	Nicator
otu3287	no_match	no_match	Criniger	931323	Criniger
otu3288	no_match	no_match	Phyllastrephus	62259	Phyllastrephus
otu1521	Pycnonotus plumosus	olwbul1	Pycnonotus_plumosus	108244	Pycnonotus plumosus
otu1519	Pycnonotus leucogenys	whcbul2	Pycnonotus_leucogenys	597118	Pycnonotus leucogenys
otu1518	Pycnonotus barbatus	combul2	Pycnonotus_barbatus	1054509	Pycnonotus barbatus
otu1520	Pycnonotus goiavier	yevbul1	Pycnonotus_goiavier	631572	Pycnonotus goiavier
otu1522	Rubigula melanicterus	bkcbul2	Pycnonotus_melanicterus	653279	Pycnonotus melanicterus
otu3285	no_match	no_match	Hypsipetes	131999	Hypsipetes
otu3284	no_match	no_match	Chlorocichla	597025	Chlorocichla
otu3286	no_match	no_match	Bleda	931360	Bleda
otu3293	no_match	no_match	Petrochelidon	302797	Petrochelidon
otu1461	Hirundo rustica	barswa	Hirundo_rustica	1040135	Hirundo rustica
otu1462	Riparia riparia	banswa	Riparia_riparia	922718	Riparia riparia
otu3296	no_match	no_match	Progne	136022	Progne
otu1471	no_match	no_match	Notiochelidon	36107	Notiochelidon
otu3298	no_match	no_match	Stelgidopteryx	136024	Stelgidopteryx
otu3186	Oedistoma iliolophus	dwahon2	Toxorhamphus_iliolophus	3597100	Oedistoma iliolophus
otu1754	Toxorhamphus novaeguineae	yeblon1	Toxorhamphus_novaeguineae	699629	Toxorhamphus novaeguineae
otu1753	Melanocharis nigra	blaber1	Melanocharis_nigra	176461	Melanocharis nigra
otu1752	Melanocharis striativentris	strber1	Melanocharis_striativentris	3597104	Melanocharis striativentris
otu1751	Melanocharis crassirostris	spober1	Melanocharis_crassirostris	3597102	Melanocharis crassirostris
otu1749	Melanocharis versteri	fatber1	Melanocharis_versteri	1015949	Melanocharis versteri
otu1750	Melanocharis longicauda	lebber1	Melanocharis_longicauda	3597101	Melanocharis longicauda
otu1756	Oreocharis arfaki	titber1	Oreocharis_arfaki	875031	Oreocharis arfaki
otu1757	Paramythia montium	creber1	Paramythia_montium	1066395	Paramythia montium
otu1759	Promerops cafer	capsug1	Promerops_cafer	843515	Promerops cafer
otu1758	Promerops gurneyi	gursug1	Promerops_gurneyi	638686	Promerops gurneyi
otu1763	no_match	no_match	Prionochilus	746752	Prionochilus
otu1761	Dicaeum trigonostigma	orbflo1	Dicaeum_trigonostigma	420991	Dicaeum trigonostigma
otu1762	Dicaeum hirundinaceum	mistle1	Dicaeum_hirundinaceum	921346	Dicaeum hirundinaceum
otu1760	Dicaeum pectorale	olcflo2	Dicaeum_pectorale	921347	Dicaeum pectorale
otu3196	no_match	no_match	Anthreptes	3366	Anthreptes
otu1768	Cyanomitra verticalis	gnhsun1	Nectarinia_verticalis	520449	Cyanomitra verticalis
otu1767	no_match	no_match	Nectarinia_olivacea	551376	Nectarinia olivacea
otu1766	Cinnyris jugularis	olbsun4	Nectarinia_jugularis	4131412	Cinnyris jugularis
otu3197	no_match	no_match	Aethopyga	75789	Aethopyga
otu1765	no_match	no_match	Hypogramma	28224	Hypogramma
otu3198	no_match	no_match	Arachnothera	865550	Arachnothera
otu3228	no_match	no_match	Petronia	407759	Petronia
otu1674	Passer hispaniolensis	spaspa1	Passer_hispaniolensis	9416	Passer hispaniolensis
otu1673	Passer domesticus	houspa	Passer_domesticus	745175	Passer domesticus
otu1672	Passer moabiticus	desspa1	Passer_moabiticus	5859918	Passer moabiticus
otu1671	Passer melanurus	capspa1	Passer_melanurus	407762	Passer melanurus
otu1670	Passer griseus	gyhspa1	Passer_griseus	407761	Passer griseus
otu3222	no_match	no_match	Anthus	28337	Anthus
otu1675	Motacilla flava	eaywag1	Motacilla_flava	645461	Motacilla flava
otu1676	Motacilla alba	whiwag	Motacilla_alba	695336	Motacilla alba
otu1714	Prunella atrogularis	bltacc1	Prunella_atrogularis	626446	Prunella atrogularis
otu1715	Prunella modularis	dunnoc1	Prunella_modularis	875990	Prunella modularis
otu3208	no_match	no_match	Bubalornis	276872	Bubalornis
otu3209	no_match	no_match	Philetairus	617295	Philetairus
otu1746	Euplectes capensis xanthomelas	yelbis3	Ploceus_capensis	606515	Ploceus capensis
otu1747	Ploceus cucullatus	vilwea1	Ploceus_cucullatus	370802	Ploceus cucullatus
otu1748	Ploceus nigerrimus	viewea1	Ploceus_nigerrimus	937180	Ploceus nigerrimus
otu3207	no_match	no_match	Euplectes	901167	Euplectes
otu1745	Quelea quelea	rebque1	Quelea_quelea	95306	Quelea quelea
otu1744	Quelea erythrops	rehque1	Quelea_erythrops	3597756	Quelea erythrops
otu3210	no_match	no_match	Plocepasser	817625	Plocepasser
otu3211	no_match	no_match	Amblyospiza	276879	Amblyospiza
otu1717	Vidua macroura	pitwhy	Vidua_macroura	175250	Vidua macroura
otu1716	Vidua regia	shtwhy1	Vidua_regia	625063	Vidua regia
otu3217	no_match	no_match	Pyrenestes	969499	Pyrenestes
otu3216	no_match	no_match	Spermophaga	95946	Spermophaga
otu1719	Spermestes bicolor	bawman1	Lonchura_bicolor	998135	Lonchura bicolor
otu1718	Spermestes cucullata	broman1	Lonchura_cucullata	890352	Lonchura cucullata
otu3166	no_match	no_match	Plectrophenax	453763	Plectrophenax
otu3164	no_match	no_match	Arremonops	97316	Arremonops
otu3162	no_match	no_match	Chondestes	890351	Chondestes
otu1840	Pooecetes gramineus	vesspa	Pooecetes_gramineus	765407	Pooecetes gramineus
otu1841	Junco hyemalis	daejun	Junco_hyemalis	989502	Junco hyemalis
otu1843	Melospiza melodia	sonspa	Melospiza_melodia	265548	Melospiza melodia
otu1844	Melospiza lincolnii	linspa	Melospiza_lincolnii	265550	Melospiza lincolnii
otu1842	Melospiza georgiana	swaspa	Melospiza_georgiana	265545	Melospiza georgiana
otu1839	Spizelloides arborea	amtspa	Spizella_arborea	463026	Spizella arborea
otu3163	no_match	no_match	Calamospiza	274609	Calamospiza
otu3165	no_match	no_match	Phrygilus	838933	Phrygilus
otu3168	no_match	no_match	Calcarius	420997	Calcarius
otu3167	no_match	no_match	Emberiza	711854	Emberiza
otu1845	Icteria virens	yebcha	Icteria_virens	998133	Icteria virens
otu3154	no_match	no_match	Helmitheros	886630	Helmitheros
otu3153	no_match	no_match	Myioborus	886174	Myioborus
otu1870	Setophaga virens	btnwar	Dendroica_virens	3597195	Setophaga virens
otu1869	Setophaga striata	bkpwar	Dendroica_striata	60236	Setophaga striata
otu1868	not_a_bird	not_a_bird	Vermivora_pinus	85247	Vermivora pinus
otu1867	Leiothlypis peregrina	tenwar	Vermivora_peregrina	430151	Oreothlypis peregrina
otu3151	no_match	no_match	Basileuterus	758213	Basileuterus
otu3152	no_match	no_match	Protonotaria	285204	Protonotaria
otu3145	no_match	no_match	Pheucticus	370810	Pheucticus
otu1883	Cardinalis cardinalis	norcar	Cardinalis_cardinalis	307364	Cardinalis cardinalis
otu3144	not_a_bird	not_a_bird	Leistes	None	None
otu1874	Cacicus cela	yercac1	Cacicus_cela	283677	Cacicus cela
otu1875	Psarocolius angustifrons	ruboro1	Psarocolius_angustifrons	939934	Psarocolius angustifrons
otu1877	Agelaius phoeniceus	rewbla	Agelaius_phoeniceus	226605	Agelaius phoeniceus
otu1876	Icterus nigrogularis	yelori1	Icterus_nigrogularis	788024	Icterus nigrogularis
otu3142	no_match	no_match	Dolichonyx	858295	Dolichonyx
otu3143	no_match	no_match	Gymnomystax	264481	Gymnomystax
otu3137	no_match	no_match	Euphonia	693626	Euphonia
otu3135	no_match	no_match	Sericossypha	303095	Sericossypha
otu3133	no_match	no_match	Eucometis	495608	Eucometis
otu3134	no_match	no_match	Coereba	419368	Coereba
otu3131	no_match	no_match	Piranga	714800	Piranga
otu3132	no_match	no_match	Habia	315828	Habia
otu3130	no_match	no_match	Creurgops	90896	Creurgops
otu3126	no_match	no_match	Buthraupis	767690	Buthraupis
otu3125	no_match	no_match	Cyanerpes	90889	Cyanerpes
otu3129	no_match	no_match	Urothraupis	423792	Urothraupis
otu3127	no_match	no_match	Thraupis	817631	Thraupis
otu3128	no_match	no_match	Cissopis	583327	Cissopis
otu3115	no_match	no_match	Chlorochrysa	244596	Chlorochrysa
otu3116	no_match	no_match	Chlorothraupis	583251	Chlorothraupis
otu3120	no_match	no_match	Haplospiza	998129	Haplospiza
otu3119	no_match	no_match	Dubusia	693661	Dubusia
otu3118	no_match	no_match	Diuca	23960	Diuca
otu3117	no_match	no_match	Conirostrum	335226	Conirostrum (genus in Opisthokonta)
otu3112	no_match	no_match	Tangara	817640	Tangara
otu3113	no_match	no_match	Tersina	941245	Tersina
otu3123	no_match	no_match	Ramphocelus	681193	Ramphocelus
otu3122	no_match	no_match	Oryzoborus	349669	Oryzoborus
otu3114	no_match	no_match	Anisognathus	767672	Anisognathus (genus in Deuterostomia)
otu3124	no_match	no_match	Volatinia	946797	Volatinia
otu3121	no_match	no_match	Iridosornis	636245	Iridosornis
otu1990	Tachyphonus rufus	whltan1	Tachyphonus_rufus	1073501	Tachyphonus rufus
otu1991	Sicalis flaveola	saffin	Sicalis_flaveola	853515	Sicalis flaveola
otu3105	no_match	no_match	Catamblyrhynchus	1036291	Catamblyrhynchus
otu3106	no_match	no_match	Chlorornis	357594	Chlorornis
otu3107	no_match	no_match	Nephelornis	365558	Nephelornis
otu3108	no_match	no_match	Schistochlamys	415521	Schistochlamys
otu3109	no_match	no_match	Diglossa	665185	Diglossa
otu3136	no_match	no_match	Phoenicophilus	943069	Phaenicophilus
otu1789	Himatione sanguinea	apapan	Himatione_sanguinea	298780	Himatione sanguinea
otu1790	Drepanis coccinea	iiwi	Vestiaria_coccinea	823302	Vestiaria coccinea
otu1788	Chlorodrepanis virens	hawama	Hemignathus_virens	157610	Hemignathus virens
otu1778	Haemorhous mexicanus	houfin	Carpodacus_mexicanus	711865	Carpodacus mexicanus
otu1779	Haemorhous purpureus	purfin	Carpodacus_purpureus	641497	Carpodacus purpureus
otu1781	Spinus tristis	amegfi	Carduelis_tristis	559260	Carduelis tristis
otu1780	Spinus pinus	pinsis	Carduelis_pinus	559264	Carduelis pinus
otu3174	no_match	no_match	Leucosticte	827272	Leucosticte
otu3177	no_match	no_match	Pinicola	3597435	Pinicola
otu3178	no_match	no_match	Fringilla	28336	Fringilla
otu3179	no_match	no_match	Peucedramus	370809	Peucedramus
otu1662	Eremophila alpestris	horlar	Eremophila_alpestris	998122	Eremophila alpestris
otu3230	no_match	no_match	Galerida	207740	Galerida
otu1657	Alauda arvensis	skylar	Alauda_arvensis	312548	Alauda arvensis
otu3232	no_match	no_match	Mirafra	781910	Mirafra
otu1665	no_match	no_match	Certhilauda	662952	Certhilauda
otu1666	no_match	no_match	Ammomanes	139501	Ammomanes
otu3551	no_match	no_match	Amytornis	952645	Amytornis
otu958	Malurus lamberti	varfai5	Malurus_lamberti	138665	Malurus lamberti
otu959	Malurus splendens	splfai1	Malurus_splendens	511916	Malurus splendens
otu960	Malurus alboscapulatus	whsfai1	Malurus_alboscapulatus	699812	Malurus alboscapulatus
otu3550	no_match	no_match	Stipiturus	952647	Stipiturus
otu3545	no_match	no_match	Certhionyx	477306	Certhionyx
otu3546	no_match	no_match	Myzomela	598352	Myzomela
otu3544	no_match	no_match	Ptiloprora	1092347	Ptiloprora
otu3542	no_match	no_match	Melidectes	463180	Melidectes
otu3540	no_match	no_match	Conopophila	477309	Conopophila
otu3539	no_match	no_match	Plectorhyncha	6260	Plectorhyncha
otu3537	no_match	no_match	Ramsayornis	6257	Ramsayornis
otu3536	no_match	no_match	Ashbyia	647407	Ashbyia
otu995	Epthianura aurifrons	oracha1	Epthianura_aurifrons	1053666	Epthianura aurifrons
otu994	Epthianura albifrons	whfcha1	Epthianura_albifrons	1053664	Epthianura albifrons
otu3538	no_match	no_match	Prosthemadera	6259	Prosthemadera
otu1004	Meliphaga aruensis	pubhon1	Meliphaga_aruensis	765834	Meliphaga aruensis
otu3531	no_match	no_match	Melithreptus	284585	Melithreptus
otu1000	Entomyzon cyanotis	blfhon1	Entomyzon_cyanotis	477311	Entomyzon cyanotis
otu3533	no_match	no_match	Melilestes	527603	Melilestes
otu1006	Anthochaera carunculata	redwat1	Anthochaera_carunculata	527605	Anthochaera carunculata
otu1007	Anthochaera chrysoptera	bruwat1	Anthochaera_chrysoptera	527604	Anthochaera chrysoptera
otu1008	Acanthagenys rufogularis	spchon1	Acanthagenys_rufogularis	927350	Acanthagenys rufogularis
otu3528	no_match	no_match	Phylidonyris	927349	Phylidonyris
otu3529	no_match	no_match	Lichmera	527598	Lichmera
otu3541	no_match	no_match	Acanthorhynchus	109306	Acanthorhynchus
otu3543	no_match	no_match	Melipotes	284583	Melipotes
otu3513	no_match	no_match	Aphelocephala	918683	Aphelocephala
otu1034	Acanthiza apicalis	inltho1	Acanthiza_apicalis	736620	Acanthiza apicalis
otu1033	Acanthiza chrysorrhoa	yertho1	Acanthiza_chrysorrhoa	808269	Acanthiza chrysorrhoa
otu1032	Acanthiza inornata	westho1	Acanthiza_inornata	736610	Acanthiza inornata
otu3514	no_match	no_match	Gerygone	918680	Gerygone
otu3515	no_match	no_match	Smicrornis	918677	Smicrornis
otu1020	no_match	no_match	Pyrrholaemus	201675	Pyrrholaemus
otu1024	Sericornis nouhuysi	larscr1	Sericornis_nouhuysi	45224	Sericornis nouhuysi
otu1025	Sericornis frontalis	whbscr1	Sericornis_frontalis	144077	Sericornis frontalis
otu1023	Sericornis spilodera	pabscr1	Sericornis_spilodera	3599286	Sericornis spilodera
otu1022	no_match	no_match	Crateroscelis	576545	Crateroscelis
otu3520	no_match	no_match	Chthonicola	5852573	Chthonicola
otu3521	no_match	no_match	Hylacola	3599467	Hylacola
otu3523	no_match	no_match	Dasyornis	73036	Dasyornis
otu3524	no_match	no_match	Pardalotus	598356	Pardalotus
otu1080	Psophodes cristatus	chiwed2	Psophodes_cristatus	3597923	Psophodes cristatus
otu3466	Cinclosoma castanotum	chequt1	Cinclosoma_castanotum	879898	Cinclosoma castanotum
otu1077	Cinclosoma cinnamomeum	ciqthr1	Cinclosoma_cinnamomeum	294601	Cinclosoma cinnamomeum
otu1078	Ptilorrhoa castanonota	cbjbab1	Ptilorrhoa_castanonota	665635	Ptilorrhoa castanonota
otu1079	Psophodes olivaceus	easwhi1	Psophodes_olivaceus	242579	Psophodes olivaceus
otu3464	no_match	no_match	Struthidea	635606	Struthidea
otu3465	no_match	no_match	Corcorax	659774	Corcorax
otu1084	Mohoua albicilla	whiteh1	Mohoua_albicilla	409116	Mohoua albicilla
otu3462	Mohoua novaeseelandiae	pipipi1	Finschia_novaeseelandiae	4947751	Finschia novaeseelandiae
otu3458	no_match	no_match	Falcunculus	965224	Falcunculus
otu3459	no_match	no_match	Oreoica	540003	Oreoica
otu3460	no_match	no_match	Rhagologus	96016	Rhagologus
otu3457	no_match	no_match	Pitohui	749721	Pitohui
otu3456	no_match	no_match	Colluricincla	175392	Colluricincla
otu1103	Pachycephala hypoxantha	borwhi1	Pachycephala_hypoxantha	717312	Pachycephala hypoxantha
otu1102	Pachycephala rufiventris	rufwhi1	Pachycephala_rufiventris	346147	Pachycephala rufiventris
otu1101	Pachycephala pectoralis	golwhi1	Pachycephala_pectoralis	896904	Pachycephala pectoralis
otu1083	Daphoenositta chrysoptera	varsit8	Daphoenositta_chrysoptera	439404	Daphoenositta chrysoptera
otu1129	Rhipidura leucophrys	wilwag1	Rhipidura_leucophrys	467517	Rhipidura leucophrys
otu1130	Rhipidura rufifrons	ruffan1	Rhipidura_rufifrons	26185	Rhipidura rufifrons
otu1131	Rhipidura perlata	spofan1	Rhipidura_perlata	631582	Rhipidura perlata
otu3429	no_match	no_match	Dicrurus	72474	Dicrurus
otu3430	no_match	no_match	Chaetorhynchus	310382	Chaetorhynchus
otu3428	no_match	no_match	Terpsiphone	537964	Terpsiphone
otu3424	no_match	no_match	Trochocercus	20990	Trochocercus
otu1163	Grallina cyanoleuca	maglar1	Grallina_cyanoleuca	754846	Grallina cyanoleuca
otu1164	no_match	no_match	Chasiempis	893770	Chasiempis
otu1166	Myiagra alecto	shifly1	Myiagra_alecto	931453	Myiagra alecto
otu3420	Symposiachrus guttula	spwmon1	Monarcha_guttula	355983	Symposiachrus guttula
otu3425	no_match	no_match	Lamprolia	817405	Lamprolia
otu1158	no_match	no_match	Metabolus	355979	Metabolus
otu3427	no_match	no_match	Hypothymis	72471	Hypothymis
otu1120	Batis capensis	capbat1	Batis_capensis	1038728	Batis capensis
otu1121	Batis senegalensis	senbat1	Batis_senegalensis	3597947	Batis senegalensis
otu1122	Philentoma velata	mabphi2	Philentoma_velatum	692855	Philentoma velata
otu1123	Philentoma pyrhoptera	ruwphi2	Philentoma_pyrhopterum	692858	Philentoma pyrhoptera
otu3435	not_a_bird	not_a_bird	Leptopterus_madagascarinus	None	None
otu1125	no_match	no_match	Tephrodornis_gularis	656025	Tephrodornis gularis
otu1126	Tephrodornis pondicerianus	comwoo1	Tephrodornis_pondicerianus	961529	Tephrodornis pondicerianus
otu3432	Prionops plumatus	whihel1	Prionops_plumata	269023	Prionops plumatus
otu1127	Prionops retzii	rethel1	Prionops_retzii	724315	Prionops retzii
otu1119	Platysteira castanea	chweye1	Platysteira_castanea	471073	Dyaphorophyia castanea
otu1118	Platysteira cyanea	btweye2	Platysteira_cyanea	21003	Platysteira cyanea
otu3446	no_match	no_match	Nilaus	252047	Nilaus
otu1112	Laniarius barbarus	comgon1	Laniarius_barbarus	617805	Laniarius barbarus
otu1113	Laniarius ferrugineus	soubou1	Laniarius_ferrugineus	92681	Laniarius ferrugineus
otu1117	Telophorus sulfureopectus	subbus1	Telophorus_sulfureopectus	419137	Telophorus sulfureopectus
otu1116	Telophorus olivaceus	olibus1	Telophorus_olivaceus	3597889	Telophorus olivaceus
otu1115	no_match	no_match	Telophorus_quadricolor	3597885	Telophorus quadricolor
otu1114	Telophorus zeylonus	bokmak1	Telophorus_zeylonus	672867	Telophorus zeylonus
otu3449	no_match	no_match	Tchagra	775147	Tchagra
otu3450	no_match	no_match	Dryoscopus	891276	Dryoscopus
otu3451	no_match	no_match	Malaconotus	20997	Malaconotus
otu1104	Aegithina tiphia	comior1	Aegithina_tiphia	1054561	Aegithina tiphia
otu1254	Campephaga quiscalina	putcus1	Campephaga_quiscalina	3597988	Campephaga quiscalina
otu1255	Campephaga phoenicea	rescus1	Campephaga_phoenicea	3597987	Campephaga phoenicea
otu3390	no_match	no_match	Lalage	489929	Lalage (genus in Deuterostomia)
otu3389	no_match	no_match	Coracina	808266	Coracina
otu3391	no_match	no_match	Pericrocotus	269016	Pericrocotus
otu3393	not_a_bird	not_a_bird	Sphecotheres_flaviventris	None	None
otu1218	Sphecotheres vieilloti	ausfig1	Sphecotheres_vieilloti	319134	Sphecotheres vieilloti
otu3394	no_match	no_match	Oriolus	631323	Oriolus
otu1258	Artamus cyanopterus	duswoo1	Artamus_cyanopterus	310380	Artamus cyanopterus
otu1256	Artamus cinereus	blfwoo1	Artamus_cinereus	563266	Artamus cinereus
otu1257	Artamus superciliosus	whbwoo5	Artamus_superciliosus	563269	Artamus superciliosus
otu3383	no_match	no_match	Pityriasis	656023	Pityriasis
otu1264	Peltops montanus	moupel1	Peltops_montanus	72045	Peltops montanus
otu3379	no_match	no_match	Gymnorhina	613403	Gymnorhina
otu3380	no_match	no_match	Cracticus	439419	Cracticus
otu3381	no_match	no_match	Strepera	319141	Strepera
otu3403	no_match	no_match	Manucodia	551809	Manucodia
otu1202	no_match	no_match	Astrapia	23685	Astrapia
otu3399	no_match	no_match	Diphyllodes	551813	Diphyllodes
otu3400	no_match	no_match	Cicinnurus	499636	Cicinnurus
otu1204	no_match	no_match	Pteridophora	291935	Pteridophora
otu1203	Paradisaea minor	lbopar1	Paradisaea_minor	762101	Paradisaea minor
otu1209	Ptiloris magnificus	magrif3	Ptiloris_magnificus	635591	Ptiloris magnificus
otu1208	Ptiloris paradiseus	parrif1	Ptiloris_paradiseus	30732	Ptiloris paradiseus
otu3402	no_match	no_match	Epimachus	515152	Epimachus
otu1195	Melampitta lugubris	lesmel1	Melampitta_lugubris	1015951	Melampitta lugubris
otu3416	no_match	no_match	Cyanocorax	906629	Cyanocorax
otu3409	no_match	no_match	Platysmurus	320093	Platysmurus
otu3410	no_match	no_match	Pica	776480	Pica
otu3411	no_match	no_match	Perisoreus	906627	Perisoreus
otu3408	no_match	no_match	Nucifraga	140436	Nucifraga
otu1192	Corvus albus	piecro1	Corvus_albus	711837	Corvus albus
otu1194	Corvus mellori	litrav1	Corvus_mellori	289472	Corvus mellori
otu1193	Corvus brachyrhynchos	amecro	Corvus_brachyrhynchos	331952	Corvus brachyrhynchos
otu3412	no_match	no_match	Cyanocitta	30735	Cyanocitta
otu3413	no_match	no_match	Aphelocoma	175628	Aphelocoma
otu3414	no_match	no_match	Platylophus	106249	Platylophus (genus in Opisthokonta)
otu3415	no_match	no_match	Dendrocitta	320098	Dendrocitta
otu1074	Vireo olivaceus	reevir1	Vireo_olivaceus	604019	Vireo olivaceus
otu1075	Vireo altiloquus	bkwvir	Vireo_altiloquus	48944	Vireo altiloquus
otu1073	Vireo solitarius	buhvir	Vireo_solitarius	48934	Vireo solitarius
otu1072	Vireo griseus	whevir	Vireo_griseus	621714	Vireo griseus
otu1070	Hylophilus flavipes	scrgre1	Hylophilus_flavipes	3598063	Hylophilus flavipes
otu1071	Tunchiornis ochraceiceps luteifrons	tacgre5	Hylophilus_ochraceiceps	669572	Hylophilus ochraceiceps
otu1069	Cyclarhis gujanensis	rubpep1	Cyclarhis_gujanensis	621721	Cyclarhis gujanensis
otu3486	no_match	no_match	Corvinella	901157	Corvinella
otu1063	Lanius minor	legshr2	Lanius_minor	143572	Lanius minor
otu1064	Lanius collurio	rebshr1	Lanius_collurio	489155	Lanius collurio
otu1061	Lanius tigrinus	tigshr1	Lanius_tigrinus	666133	Lanius tigrinus
otu1062	Lanius senator	wooshr1	Lanius_senator	326782	Lanius senator
otu1067	Lanius nubicus	masshr1	Lanius_nubicus	879200	Lanius nubicus
otu1066	Lanius ludovicianus	logshr	Lanius_ludovicianus	551815	Lanius ludovicianus
otu1065	Lanius excubitor	norshr1	Lanius_excubitor	146937	Lanius excubitor
otu1068	Lanius collaris	soufis1	Lanius_collaris	869006	Lanius collaris
otu1058	Eurocephalus anguitimens	whcshr1	Eurocephalus_anguitimens	326783	Eurocephalus anguitimens
otu3487	Eurocephalus ruppelli	whrshr1	Eurocephalus_rueppellii	3597873	Eurocephalus ruppelli
otu3491	Pomatostomus isidorei	negbab1	Garritornis_isidorei	565806	Pomatostomus isidorei
otu1056	Pomatostomus superciliosus	whbbab3	Pomatostomus_superciliosus	565802	Pomatostomus superciliosus
otu1055	Pomatostomus temporalis	gycbab1	Pomatostomus_temporalis	565800	Pomatostomus temporalis
otu1054	Orthonyx temminckii	soulog1	Orthonyx_temminckii	191995	Orthonyx temminckii
otu1053	Irena puella	asfblu1	Irena_puella	647178	Irena puella
otu1050	Chloropsis sonnerati	grglea1	Chloropsis_sonnerati	388836	Chloropsis sonnerati
otu1051	Chloropsis cyanopogon	leglea1	Chloropsis_cyanopogon	608137	Chloropsis cyanopogon
otu1052	Chloropsis aurifrons	goflea1	Chloropsis_aurifrons	7490	Chloropsis aurifrons
otu1038	Petroica multicolor	pacrob2	Petroica_multicolor	474164	Petroica multicolor
otu3507	Melanodryas cucullata	hoorob1	Petroica_cucullata	1015946	Melanodryas cucullata
otu1037	Petroica goodenovii	recrob1	Petroica_goodenovii	247355	Petroica goodenovii
otu3506	no_match	no_match	Pachycephalopsis	1066406	Pachycephalopsis
otu1044	no_match	no_match	Monachella	683371	Monachella
otu1047	Eopsaltria australis	yelrob1	Eopsaltria_australis	465916	Eopsaltria australis
otu1046	Eopsaltria griseogularis	gybrob1	Eopsaltria_griseogularis	746860	Eopsaltria griseogularis
otu3499	Tregellasia leucops	whfrob1	Eopsaltria_leucops	699631	Tregellasia leucops
otu3500	Tregellasia capito	payrob1	Eopsaltria_capito	1023134	Tregellasia capito
otu3501	no_match	no_match	Heteromyias	5340783	Heteromyias
otu1043	no_match	no_match	Drymodes	1061824	Drymodes
otu3505	not_a_bird	not_a_bird	Microeca_leucophaea	None	None
otu1042	Microeca flavigaster	lebfly3	Microeca_flavigaster	746863	Microeca flavigaster
otu947	Atrichornis clamosus	nosbir1	Atrichornis_clamosus	1031586	Atrichornis clamosus
otu950	Menura alberti	alblyr1	Menura_alberti	428578	Menura alberti
otu949	Menura novaehollandiae	suplyr1	Menura_novaehollandiae	531206	Menura novaehollandiae
otu948	Atrichornis rufescens	rusbir1	Atrichornis_rufescens	3598363	Atrichornis rufescens
otu952	Ailuroedus crassirostris	grecat1	Ailuroedus_crassirostris	776470	Ailuroedus crassirostris
otu956	Chlamydera nuchalis	grebow1	Chlamydera_nuchalis	202353	Chlamydera nuchalis
otu957	Chlamydera maculata	spobow1	Chlamydera_maculata	107081	Chlamydera maculata
otu955	Chlamydera cerviniventris	fabbow1	Chlamydera_cerviniventris	226694	Chlamydera cerviniventris
otu954	Chlamydera lauterbachi	yebbow1	Chlamydera_lauterbachi	793510	Chlamydera lauterbachi
otu3563	no_match	no_match	Ptilonorhynchus	30731	Ptilonorhynchus
otu951	Ailuroedus buccoides	whecat1	Ailuroedus_buccoides	257441	Ailuroedus buccoides
otu944	Climacteris rufus	ruftre3	Climacteris_rufa	531212	Climacteris rufus
otu945	Climacteris picumnus	brotre2	Climacteris_picumnus	308793	Climacteris picumnus
otu3554	Cormobates leucophaea	whttre3	Cormobates_leucophaea	884906	Cormobates leucophaeus
otu2264	Pterocles senegallus	sposan1	Pterocles_senegallus	3596809	Pterocles senegallus
otu2263	Pterocles burchelli	bursan1	Pterocles_burchelli	3596810	Pterocles burchelli
otu2262	Pterocles decoratus	blfsan1	Pterocles_decoratus	3596811	Pterocles decoratus
otu2261	Pterocles bicinctus	dobsan1	Pterocles_bicinctus	498328	Pterocles bicinctus
otu2265	Pterocles gutturalis	yetsan1	Pterocles_gutturalis	57819	Pterocles gutturalis
otu2906	no_match	no_match	Pedionomus	163950	Pedionomus
otu2905	no_match	no_match	Attagis	427703	Attagis
otu2225	Thinocorus orbignyianus	gybsee1	Thinocorus_orbignyianus	628490	Thinocorus orbignyianus
otu2224	Thinocorus rumicivorus	leasee1	Thinocorus_rumicivorus	481916	Thinocorus rumicivorus
otu2228	Gallinago undulata	giasni1	Gallinago_undulata	227768	Gallinago undulata
otu2229	Gallinago megala	swisni1	Gallinago_megala	518139	Gallinago megala
otu2230	Gallinago stenura	pitsni	Gallinago_stenura	45306	Gallinago stenura
otu2923	no_match	no_match	Scolopax	244704	Scolopax
otu2919	no_match	no_match	Numenius	193426	Numenius
otu2913	no_match	no_match	Arenaria	821756	Arenaria (genus in Deuterostomia)
otu2912	no_match	no_match	Micropalama	5559012	Micropalama
otu2911	no_match	no_match	Tryngites	809002	Tryngites
otu2256	Calidris alba	sander	Calidris_alba	654824	Calidris alba
otu2260	Calidris pusilla	semsan	Calidris_pusilla	1092981	Calidris pusilla
otu2259	Calidris minutilla	leasan	Calidris_minutilla	654822	Calidris minutilla
otu2257	Calidris melanotos	pecsan	Calidris_melanotos	57825	Calidris melanotos
otu2251	Tringa melanoleuca	greyel	Tringa_melanoleuca	304017	Tringa melanoleuca
otu2252	Tringa flavipes	lesyel	Tringa_flavipes	55408	Tringa flavipes
otu2916	no_match	no_match	Phalaropus	214791	Phalaropus
otu2918	no_match	no_match	Limnodromus	1080870	Limnodromus
otu2917	no_match	no_match	Limosa	1080868	Limosa
otu2218	Irediparra gallinacea	cocjac1	Irediparra_gallinacea	332002	Irediparra gallinacea
otu2900	no_match	no_match	Actophilornis	977436	Actophilornis
otu2901	no_match	no_match	Jacana	332001	Jacana
otu2223	Rostratula benghalensis	grpsni1	Rostratula_benghalensis	5276	Rostratula benghalensis
otu2132	Burhinus superciliaris	petkne1	Burhinus_superciliaris	214783	Burhinus superciliaris
otu2133	Burhinus bistriatus	dstkne	Burhinus_bistriatus	57829	Burhinus bistriatus
otu2134	Burhinus capensis	sptkne1	Burhinus_capensis	427706	Burhinus capensis
otu2135	Burhinus vermiculatus	watkne1	Burhinus_vermiculatus	214781	Burhinus vermiculatus
otu2931	no_match	no_match	Anarhynchus	703811	Anarhynchus
otu2932	no_match	no_match	Charadrius	112946	Charadrius
otu2179	Vanellus cayanus	pielap1	Vanellus_cayanus	454019	Vanellus cayanus
otu2181	Vanellus chilensis	soulap1	Vanellus_chilensis	661803	Vanellus chilensis
otu2180	Vanellus tricolor	banlap1	Vanellus_tricolor	3596976	Vanellus tricolor
otu2184	Vanellus leucurus	whtlap1	Vanellus_leucurus	3596986	Vanellus leucurus
otu2183	Vanellus coronatus	crolap1	Vanellus_coronatus	3596979	Vanellus coronatus
otu2182	Vanellus senegallus	watlap1	Vanellus_senegallus	3596972	Vanellus senegallus
otu2185	Vanellus resplendens	andlap1	Vanellus_resplendens	242776	Vanellus resplendens
otu2934	not_a_bird	not_a_bird	Eudromias	None	None
otu2933	no_match	no_match	Oreopholus	661808	Oreopholus
otu2935	no_match	no_match	Pluvialis	917053	Pluvialis
otu2145	Haematopus unicolor	varoys1	Haematopus_unicolor	80079	Haematopus unicolor
otu2146	Haematopus ostralegus	euroys1	Haematopus_ostralegus	225423	Haematopus ostralegus
otu2143	Haematopus leucopodus	magoys1	Haematopus_leucopodus	317730	Haematopus leucopodus
otu2144	Haematopus bachmani	blkoys	Haematopus_bachmani	234685	Haematopus bachmani
otu2941	no_match	no_match	Himantopus	274627	Himantopus (genus in Opisthokonta)
otu2942	no_match	no_match	Recurvirostra	917050	Recurvirostra
otu2940	no_match	no_match	Cladorhynchus	703809	Cladorhynchus
otu2131	Chionis albus	snoshe2	Chionis_alba	57827	Chionis alba
otu2950	no_match	no_match	Dromas	960243	Dromas
otu2188	Glareola maldivarum	oripra	Glareola_maldivarum	180488	Glareola maldivarum
otu2187	Stiltia isabella	auspra1	Stiltia_isabella	129398	Stiltia isabella
otu2193	Uria aalge	commur	Uria_aalge	820016	Uria aalge
otu2963	no_match	no_match	Cepphus	280903	Cepphus
otu2964	no_match	no_match	Brachyramphus	280896	Brachyramphus
otu2966	no_match	no_match	Cerorhinca	454477	Cerorhinca
otu2965	no_match	no_match	Fratercula	1014289	Fratercula
otu2967	no_match	no_match	Lunda	5852514	Lunda
otu2211	Larus hyperboreus	glagul	Larus_hyperboreus	515357	Larus hyperboreus
otu2210	Larus argentatus	hergul	Larus_argentatus	791957	Larus argentatus
otu2212	Larus glaucoides	y00478	Larus_glaucoides	1061403	Larus glaucoides
otu2213	Larus marinus	gbbgul	Larus_marinus	887691	Larus marinus
otu2954	Chlidonias niger	blkter	Sterna_nigra	234666	Chlidonias niger
otu2216	Thalasseus bergii	grcter1	Sterna_bergii	341034	Sterna bergii
otu2215	Sterna hirundo	comter	Sterna_hirundo	1057459	Sterna hirundo
otu2214	Sterna hirundinacea	soater1	Sterna_hirundinacea	738509	Sterna hirundinacea
otu2209	Rynchops niger	blkski	Rynchops_niger	738512	Rynchops niger
otu2961	not_a_bird	not_a_bird	Catharacta	None	None
otu2960	no_match	no_match	Stercorarius	742632	Stercorarius
otu2978	no_match	no_match	Phalcoboenus	438658	Phalcoboenus
otu2977	no_match	no_match	Milvago	1015192	Milvago
otu2976	Ibycter americanus	retcar2	Daptrius_americanus	438659	Daptrius americanus
otu2979	no_match	no_match	Polyborus	591273	Caracara
otu2276	Falco tinnunculus	eurkes	Falco_tinnunculus	534514	Falco tinnunculus
otu2277	Falco rupicoloides	grekes1	Falco_rupicoloides	624973	Falco rupicoloides
otu2281	Falco sparverius	amekes	Falco_sparverius	964519	Falco sparverius
otu2275	Falco vespertinus	reffal1	Falco_vespertinus	964523	Falco vespertinus
otu2280	Falco berigora	brofal1	Falco_berigora	877343	Falco berigora
otu2278	Falco novaeseelandiae	nezfal1	Falco_novaeseelandiae	877341	Falco novaeseelandiae
otu2279	Falco columbarius	merlin	Falco_columbarius	786443	Falco columbarius
otu2975	no_match	no_match	Microhierax	438654	Microhierax
otu2980	no_match	no_match	Herpetotheres	438656	Herpetotheres
otu2981	no_match	no_match	Micrastur	1015202	Micrastur
otu2986	no_match	no_match	Harpagus	919201	Harpagus
otu2298	Circus cyaneus	norhar1	Circus_cyaneus	581831	Circus cyaneus
otu2299	Circus assimilis	spohar1	Circus_assimilis	766823	Circus assimilis
otu2300	Circus buffoni	lowhar1	Circus_buffoni	766824	Circus buffoni
otu2297	Circus aeruginosus	wemhar1	Circus_aeruginosus	263139	Circus aeruginosus
otu2989	no_match	no_match	Accipiter	786432	Accipiter
otu2302	Buteo jamaicensis	rethaw	Buteo_jamaicensis	509839	Buteo jamaicensis
otu2301	Geranoaetus polyosoma exsul	varhaw2	Buteo_polyosoma	458097	Buteo polyosoma
otu2992	no_match	no_match	Aegypius	786448	Aegypius
otu2993	no_match	no_match	Gyps	263138	Gyps
otu2990	no_match	no_match	Gypaetus	891413	Gypaetus
otu2991	no_match	no_match	Neophron	891419	Neophron
otu2994	no_match	no_match	Pandion	509844	Pandion
otu2995	no_match	no_match	Sagittarius	1036187	Sagittarius
otu2319	Aechmophorus clarkii	clagre	Aechmophorus_clarkii	1064229	Aechmophorus clarkii
otu2318	Aechmophorus occidentalis	wesgre	Aechmophorus_occidentalis	758343	Aechmophorus occidentalis
otu2321	Podiceps auritus	horgre	Podiceps_auritus	726164	Podiceps auritus
otu2320	Podilymbus podiceps	pibgre	Podilymbus_podiceps	962399	Podilymbus podiceps
otu3084	no_match	no_match	Ixobrychus	892224	Ixobrychus
otu3083	no_match	no_match	Botaurus	729489	Botaurus
otu2358	Bubulcus ibis ibis	categr1	Bubulcus_ibis	729476	Bubulcus ibis
otu3075	Ardea alba	greegr	Casmerodius_albus	625779	Ardea alba
otu2363	Ardea goliath	golher1	Ardea_goliath	3596743	Ardea goliath
otu2362	Ardea herodias	grbher3	Ardea_herodias	744564	Ardea herodias
otu2364	Ardea sumatrana	grbher2	Ardea_sumatrana	3596745	Ardea sumatrana
otu2361	Ardea melanocephala	blhher1	Ardea_melanocephala	3596741	Ardea melanocephala
otu2360	Ardea pacifica	pacher1	Ardea_pacifica	868640	Ardea pacifica
otu2355	Nycticorax caledonicus	runher1	Nycticorax_caledonicus	868633	Nycticorax caledonicus
otu2356	Nycticorax nycticorax	bcnher	Nycticorax_nycticorax	313126	Nycticorax nycticorax
otu3079	no_match	no_match	Nyctanassa	244690	Nyctanassa
otu3082	Butorides striata	strher	Butorides_striatus_striatus	618202	Butorides striata
otu3080	not_a_bird	not_a_bird	Butorides_striatus_javanicus	None	None
otu3081	Butorides virescens	grnher	Butorides_striatus_virescens	154822	Butorides virescens
otu3069	no_match	no_match	Syrigma	892217	Syrigma
otu3067	Egretta novaehollandiae	whfher1	Hydranassa_novaehollandiae	1032052	Ardea novaehollandiae
otu3068	Egretta caerulea	libher	Hydranassa_caerulea	892214	Egretta caerulea
otu2370	Egretta vinaceigula	slaegr1	Egretta_vinaceigula	3596778	Egretta vinaceigula
otu2369	Egretta garzetta	litegr	Egretta_garzetta	273425	Egretta garzetta
otu2368	Egretta thula	snoegr	Egretta_thula	126087	Egretta thula
otu3086	no_match	no_match	Tigrisoma	307211	Tigrisoma
otu3085	no_match	no_match	Cochlearius	154816	Cochlearius
otu2371	Scopus umbretta	hamerk1	Scopus_umbretta	464704	Scopus umbretta
otu2384	Plegadis ridgwayi	punibi1	Plegadis_ridgwayi	480125	Plegadis ridgwayi
otu2383	Plegadis falcinellus	gloibi	Plegadis_falcinellus	848593	Plegadis falcinellus
otu2382	Plegadis chihi	whfibi	Plegadis_chihi	242774	Plegadis chihi
otu3052	no_match	no_match	Bostrychia	3596729	Bostrychia (genus in Opisthokonta)
otu3051	no_match	no_match	Platalea	5559022	Platalea
otu2389	Threskiornis spinicollis	stnibi1	Threskiornis_spinicollis	3596718	Threskiornis spinicollis
otu2388	Threskiornis aethiopicus	sacibi2	Threskiornis_aethiopicus	413795	Threskiornis aethiopicus
otu3054	no_match	no_match	Eudocimus	689774	Eudocimus (genus in Deuterostomia)
otu2377	no_match	no_match	Cercibis	3596730	Cercibis
otu2380	no_match	no_match	Mesembrinibis	1027754	Mesembrinibis
otu3056	no_match	no_match	Theristicus	575348	Theristicus
otu3033	no_match	no_match	Jabiru	1041426	Jabiru
otu2390	Mycteria ibis	yebsto1	Mycteria_ibis	464693	Mycteria ibis
otu3030	no_match	no_match	Ephippiorhynchus	848608	Ephippiorhynchus
otu2393	Ciconia ciconia	whisto1	Ciconia_ciconia	363031	Ciconia ciconia
otu3032	no_match	no_match	Leptoptilos	464690	Leptoptilos
otu3039	no_match	no_match	Coragyps	317000	Coragyps
otu2398	Cathartes burrovianus	lyhvul1	Cathartes_burrovianus	316998	Cathartes burrovianus
otu2399	Cathartes aura	turvul	Cathartes_aura	9106	Cathartes aura
otu3036	no_match	no_match	Sarcoramphus	819164	Sarcoramphus
otu3035	no_match	no_match	Gymnogyps	316997	Gymnogyps
otu3034	no_match	no_match	Vultur	363020	Vultur
otu2409	Balaeniceps rex	shoebi1	Balaeniceps_rex	464697	Balaeniceps rex
otu2408	Pelecanus occidentalis	brnpel	Pelecanus_occidentalis	329999	Pelecanus occidentalis
otu2407	Pelecanus conspicillatus	auspel1	Pelecanus_conspicillatus	986358	Pelecanus conspicillatus
otu2404	Pelecanus erythrorhynchos	amwpel	Pelecanus_erythrorhynchos	316989	Pelecanus erythrorhynchos
otu2405	Pelecanus rufescens	pibpel1	Pelecanus_rufescens	901986	Pelecanus rufescens
otu2406	Pelecanus onocrotalus	grwpel1	Pelecanus_onocrotalus	427899	Pelecanus onocrotalus
otu2422	Gavia stellata	retloo	Gavia_stellata	1057044	Gavia stellata
otu2421	Gavia immer	comloo	Gavia_immer	1057518	Gavia immer
otu2432	Pterodroma arminjoniana	tripet1	Pterodroma_arminjoniana	666330	Pterodroma arminjoniana
otu2433	Pterodroma cookii	coopet	Pterodroma_cookii	845415	Pterodroma cookii
otu2434	Pterodroma hasitata	bkcpet	Pterodroma_hasitata	271036	Pterodroma hasitata
otu2435	Pterodroma hypoleuca	bonpet	Pterodroma_hypoleuca	797520	Pterodroma hypoleuca
otu3020	Aphrodroma brevirostris	kerpet2	Pterodroma_brevirostris	3595633	Aphrodroma brevirostris
otu3015	no_match	no_match	Thalassoica	656579	Thalassoica
otu3014	no_match	no_match	Pachyptila	854632	Pachyptila
otu2444	Ardenna grisea	sooshe	Puffinus_griseus	726166	Puffinus griseus
otu3012	no_match	no_match	Calonectris	944662	Calonectris
otu3021	no_match	no_match	Macronectes	854607	Macronectes
otu2428	Pelecanoides urinatrix	codpet1	Pelecanoides_urinatrix	904486	Pelecanoides urinatrix
otu2427	Pelecanoides georgicus	sgdpet1	Pelecanoides_georgicus	904485	Pelecanoides georgicus
otu3024	Phoebastria irrorata	wavalb	Diomedea_irrorata	320282	Phoebastria irrorata
otu2449	Diomedea epomophora epomophora	royalb2	Diomedea_epomophora	904499	Diomedea epomophora
otu3022	Phoebastria immutabilis	layalb	Diomedea_immutabilis	320286	Phoebastria immutabilis
otu3025	Phoebastria nigripes	bkfalb	Diomedea_nigripes	320288	Phoebastria nigripes
otu2447	Thalassarche chrysostoma	gyhalb	Diomedea_chrysostoma	320280	Diomedea chrysostoma
otu3027	Thalassarche cauta	whcalb1	Diomedea_cauta	320278	Thalassarche cauta
otu3026	Thalassarche bulleri	bulalb2	Diomedea_bulleri	844475	Thalassarche bulleri
otu3009	no_match	no_match	Oceanites	656590	Oceanites
otu2425	Oceanodroma hornbyi	rispet1	Oceanodroma_hornbyi	3595642	Oceanodroma hornbyi
otu2426	Oceanodroma leucorhoa	lcspet	Oceanodroma_leucorhoa	944658	Oceanodroma leucorhoa
otu2424	Oceanodroma furcata	ftspet	Oceanodroma_furcata	603908	Oceanodroma furcata
otu3003	no_match	no_match	Aptenodytes	494369	Aptenodytes
otu3002	no_match	no_match	Pygoscelis	494365	Pygoscelis
otu3001	no_match	no_match	Megadyptes	929063	Megadyptes
otu2414	Spheniscus demersus	jacpen1	Spheniscus_demersus	60417	Spheniscus demersus
otu2413	Eudyptula minor	litpen1	Eudyptula_minor	613299	Eudyptula minor
otu2412	Fregata minor	grefri	Fregata_minor	285638	Fregata minor
otu2411	Fregata magnificens	magfri	Fregata_magnificens	330000	Fregata magnificens
otu2410	Fregata ariel	lesfri	Fregata_ariel	906504	Fregata ariel
otu3060	no_match	no_match	Phoenicopterus_ruber_ruber	472423	Phoenicopterus ruber ruber
otu3061	Phoenicopterus roseus	grefla3	Phoenicopterus_ruber_roseus	595567	Phoenicopterus roseus
otu2376	Phoenicopterus chilensis	chifla1	Phoenicopterus_chilensis	960220	Phoenicopterus chilensis
otu2372	Phoeniconaias minor	lesfla1	Phoenicopterus_minor	1030753	Phoenicoparrus minor
otu2373	Phoenicoparrus jamesi	jamfla1	Phoenicopterus_jamesi	1030759	Phoenicoparrus jamesi
otu2374	Phoenicoparrus andinus	andfla2	Phoenicopterus_andinus	1030749	Phoenicoparrus andinus
otu3090	no_match	no_match	Morus	752683	Morus (genus in Opisthokonta)
otu2326	Sula nebouxii	bfoboo	Sula_nebouxii	429615	Sula nebouxii
otu2324	Sula dactylatra	masboo	Sula_dactylatra	170197	Sula dactylatra
otu2325	Sula leucogaster	brnboo	Sula_leucogaster	1030310	Sula leucogaster
otu2330	Anhinga rufa	darter3	Anhinga_rufa	986356	Anhinga rufa
otu2332	Microcarbo coronatus	crocor1	Phalacrocorax_africanus	3600675	Microcarbo africanus
otu2333	Phalacrocorax pelagicus	pelcor	Phalacrocorax_pelagicus	744568	Phalacrocorax pelagicus
otu2336	Phalacrocorax auritus	doccor	Phalacrocorax_auritus	170200	Phalacrocorax auritus
otu3093	Phalacrocorax brasilianus	neocor	Phalacrocorax_olivaceus	109023	Nannopterum brasilianus
otu2335	Phalacrocorax carbo	grecor	Phalacrocorax_carbo	969841	Phalacrocorax carbo
otu2334	Phalacrocorax carunculatus	rofsha1	Phalacrocorax_carunculatus	3600684	Leucocarbo carunculatus
otu2331	Microcarbo melanoleucos	lipcor1	Phalacrocorax_melanoleucos	9838	Phalacrocorax melanoleucos
otu2322	Phaethon aethereus	rebtro	Phaethon_aethereus	330009	Phaethon aethereus
otu2323	Phaethon lepturus	whttro	Phaethon_lepturus	855119	Phaethon lepturus
otu2887	no_match	no_match	Rhynochetos	86676	Rhynochetos
otu2886	no_match	no_match	Cariama	966327	Cariama
otu2122	Psophia crepitans	gywtru1	Psophia_crepitans	915643	Psophia crepitans
otu2124	Heliornis fulica	sungre1	Heliornis_fulica	440618	Heliornis fulica
otu2123	Aramus guarauna	limpki	Aramus_guarauna	1095362	Aramus guarauna
otu2126	no_match	no_match	Grus_rubicunda	972481	Grus rubicunda
otu2125	Antigone canadensis	sancra	Grus_canadensis	257929	Grus canadensis
otu2881	no_match	no_match	Anthropoides	881445	Anthropoides
otu2882	no_match	no_match	Balearica	928349	Balearica
otu2892	no_match	no_match	Ardeotis	966314	Ardeotis
otu2891	no_match	no_match	Lissotis	5025	Lissotis
otu2113	Eupodotis ruficrista	recbus1	Lophotis_ruficrista	5031	Lophotis ruficrista
otu2110	Eupodotis vigorsii	karbus1	Eupodotis_vigorsii	3600030	Eupodotis vigorsii
otu2889	no_match	no_match	Afrotis	1041318	Afrotis
otu2109	Eurypyga helias	sunbit1	Eurypyga_helias	86680	Eurypyga helias
otu2878	no_match	no_match	Gallirallus	1041543	Gallirallus
otu2877	no_match	no_match	Rallus	440612	Rallus
otu2082	Porphyrio martinica	purgal2	Porphyrio_martinica	381387	Porphyrio martinica
otu2868	Porphyrio poliocephalus	purswa3	Porphyrio_poliocephalus	967838	Porphyrio poliocephalus
otu2081	Porphyrio mantelli	takahe2	Porphyrio_mantelli	553409	Porphyrio mantelli
otu2080	Porphyrio porphyrio	purswa1	Porphyrio_porphyrio	148209	Porphyrio porphyrio
otu2083	Porphyrio flavirostris	azugal1	Porphyrio_flavirostris	1023131	Porphyrio flavirostris
otu2872	no_match	no_match	Amaurornis	380188	Amaurornis
otu2871	no_match	no_match	Porzana	32331	Porzana
otu2073	Fulica cristata	rekcoo1	Fulica_cristata	521836	Fulica cristata
otu2074	Fulica americana	y00475	Fulica_americana	570965	Fulica americana
otu2875	no_match	no_match	Gallinula	1041540	Gallinula
otu2876	no_match	no_match	Gallicrex	943595	Gallicrex
otu2864	no_match	no_match	Columbina	935135	Columbina
otu2865	no_match	no_match	Scardafella	177605	Scardafella
otu2859	no_match	no_match	Streptopelia	549522	Streptopelia
otu2025	Columba livia	rocpig	Columba_livia	938416	Columba livia
otu2857	no_match	no_match	Geotrygon	449653	Geotrygon
otu2856	no_match	no_match	Leptotila	664463	Leptotila
otu2051	Zenaida asiatica	whwdov	Zenaida_asiatica	715580	Zenaida asiatica
otu2050	Zenaida auriculata	eardov1	Zenaida_auriculata	873990	Zenaida auriculata
otu2049	Zenaida macroura	moudov	Zenaida_macroura	183576	Zenaida macroura
otu2860	no_match	no_match	Macropygia	358716	Macropygia
otu2862	no_match	no_match	Phaps	28964	Phaps
otu2861	no_match	no_match	Chalcophaps	1032057	Chalcophaps
otu2863	no_match	no_match	Claravis	83286	Claravis
otu574	Aegotheles cristatus	auonig1	Aegotheles_cristatus	540033	Aegotheles cristatus
otu2814	no_match	no_match	Eurostopodus	726315	Eurostopodus
otu586	Chordeiles minor	comnig	Chordeiles_minor	870594	Chordeiles minor
otu585	Chordeiles acutipennis	lesnig	Chordeiles_acutipennis	484902	Chordeiles acutipennis
otu594	Caprimulgus europaeus	eurnig1	Caprimulgus_europaeus	178687	Caprimulgus europaeus
otu593	Caprimulgus macrurus	latnig2	Caprimulgus_macrurus	624319	Caprimulgus macrurus
otu592	Hydropsalis cayennensis	whtnig1	Caprimulgus_cayennensis	604421	Caprimulgus cayennensis
otu591	Nyctidromus albicollis	compau	Nyctidromus_albicollis	1014896	Nyctidromus albicollis
otu587	Antrostomus carolinensis	chwwid	Caprimulgus_carolinensis	416426	Caprimulgus carolinensis
otu588	Antrostomus vociferus	whip-p1	Caprimulgus_vociferus	1039515	Caprimulgus vociferus
otu589	Phalaenoptilus nuttallii	compoo	Phalaenoptilus_nuttallii	701551	Phalaenoptilus nuttallii
otu590	Chordeiles nacunda	nacnig1	Podager_nacunda	741570	Podager nacunda
otu595	Caprimulgus fossii	sqtnig1	Caprimulgus_fossii	960277	Caprimulgus fossii
otu2815	no_match	no_match	Steatornis	701547	Steatornis
otu2816	no_match	no_match	Nyctibius	178253	Nyctibius
otu2819	no_match	no_match	Batrachostomus	275129	Batrachostomus
otu575	Podargus strigoides	tawfro1	Podargus_strigoides	313120	Podargus strigoides
otu576	Podargus ocellatus	marfro1	Podargus_ocellatus	701555	Podargus ocellatus
otu2802	no_match	no_match	Tyto	1065605	Tyto
otu2801	Athene cunicularia	burowl	Speotyto	944695	Athene cunicularia
otu2795	no_match	no_match	Otus	1086553	Otus
otu566	Bubo virginianus	grhowl	Bubo_virginianus	509853	Bubo virginianus
otu567	Bubo scandiacus	snoowl1	Nyctea_scandiaca	514178	Bubo scandiacus
otu2793	no_match	no_match	Ketupa	445329	Ketupa
otu573	no_match	no_match	Lophostrix	178695	Lophostrix
otu572	Strix leptogrammica	brwowl1	Strix_leptogrammica	395194	Strix leptogrammica
otu569	Strix nebulosa	grgowl	Strix_nebulosa	395196	Strix nebulosa
otu570	Ciccaba virgata	motowl	Ciccaba_virgata	116486	Ciccaba virgata
otu571	Strix varia	brdowl	Strix_varia	509065	Strix varia
otu2794	no_match	no_match	Asio	509845	Asio
otu2797	no_match	no_match	Aegolius	509848	Aegolius
otu2796	no_match	no_match	Ninox	767822	Ninox
otu504	no_match	no_match	Xenoglaux	3595775	Xenoglaux
otu2800	no_match	no_match	Glaucidium	1070587	Glaucidium (genus in Opisthokonta)
otu2799	Athene brama	spoowl1	Athene	98069	Athene brama
otu2824	no_match	no_match	Crinifer	198670	Crinifer
otu497	Tauraco corythaix	knytur1	Tauraco_corythaix	772743	Tauraco corythaix
otu498	Tauraco porphyreolophus	puctur2	Tauraco_porphyreolophus	236083	Tauraco porphyreolophus
otu499	Tauraco hartlaubi	hartur1	Tauraco_hartlaubi	539134	Tauraco hartlaubi
otu2852	no_match	no_match	Threnetes	280507	Threnetes
otu2850	no_match	no_match	Glaucis	647416	Glaucis
otu2851	no_match	no_match	Phaethornis	174369	Phaethornis
otu2849	no_match	no_match	Eutoxeres	1078308	Eutoxeres
otu2845	no_match	no_match	Androdon	804119	Androdon
otu2847	no_match	no_match	Polytmus	975191	Polytmus
otu2846	no_match	no_match	Colibri	804122	Colibri
otu2848	no_match	no_match	Anthracothorax	13852	Anthracothorax
otu2844	no_match	no_match	Lesbia	396063	Lesbia
otu482	Coeligena bonapartei	gobsta1	Coeligena_bonapartei	245443	Coeligena bonapartei
otu2842	no_match	no_match	Aglaeactis	591138	Aglaeactis
otu2840	no_match	no_match	Campylopterus	294127	Campylopterus
otu2839	no_match	no_match	Thalurania	206228	Thalurania
otu483	Amazilia tzacatl	rtlhum	Amazilia_tzacatl	291862	Amazilia tzacatl
otu484	Amazilia rutila	cinhum1	Amazilia_rutila	116399	Amazilia rutila
otu485	Amazilia saucerottei	stvhum2	Amazilia_saucerrottei	690094	Amazilia saucerottei
otu2837	no_match	no_match	Lepidopyga	767067	Lepidopyga
otu2838	no_match	no_match	Chlorostilbon	1039521	Chlorostilbon
otu2841	no_match	no_match	Patagona	141988	Patagona
otu2833	no_match	no_match	Hemiprocne	697438	Hemiprocne
otu2829	no_match	no_match	Tachornis	501680	Tachornis
otu443	Chaetura pelagica	chiswi	Chaetura_pelagica	609785	Chaetura pelagica
otu2828	no_match	no_match	Rhaphidura	5852540	Rhaphidura (genus in Opisthokonta)
otu2826	no_match	no_match	Collocalia	385665	Collocalia
otu439	Apus affinis	litswi1	Apus_affinis	484897	Apus affinis
otu2830	no_match	no_match	Hirundapus	1078312	Hirundapus
otu2831	no_match	no_match	Cypseloides	586274	Cypseloides
otu2832	no_match	no_match	Streptoprocne	697413	Streptoprocne
otu2785	no_match	no_match	Trichoglossus	225736	Trichoglossus
otu385	Lophochroa leadbeateri	pincoc1	Cacatua_leadbeateri	209184	Cacatua leadbeateri
otu2779	Eolophus roseicapilla	galah	Cacatua_roseicapilla	3600321	Cacatua roseicapilla
otu2780	no_match	no_match	Nymphicus	262216	Nymphicus
otu2782	no_match	no_match	Aprosmictus	417922	Aprosmictus
otu2781	no_match	no_match	Alisterus	682886	Alisterus
otu2784	no_match	no_match	Platycercus	512910	Platycercus
otu2783	no_match	no_match	Calyptorhynchus	1045715	Calyptorhynchus
otu2774	no_match	no_match	Pionus	283086	Pionus
otu2775	no_match	no_match	Brotogeris	851006	Brotogeris
otu428	Ara severus	chfmac1	Ara_severa	789646	Ara severus
otu429	Ara ararauna	baymac	Ara_ararauna	1020127	Ara ararauna
otu2776	no_match	no_match	Amazona	135928	Amazona
otu2777	no_match	no_match	Poicephalus	225738	Poicephalus
otu340	Coccyzus erythropthalmus	bkbcuc	Coccyzus_erythropthalmus	891417	Coccyzus erythropthalmus
otu339	Coccyzus americanus	yebcuc	Coccyzus_americanus	891425	Coccyzus americanus
otu338	Coccycua pumila	dwacuc1	Coccyzus_pumilus	3596299	Coccyzus pumilus
otu2770	no_match	no_match	Saurothera	229924	Saurothera
otu2771	no_match	no_match	Piaya	891424	Piaya
otu2766	no_match	no_match	Centropus	1039514	Centropus
otu2765	no_match	no_match	Eudynamys	212181	Eudynamys
otu2764	no_match	no_match	Chrysococcyx	792622	Chrysococcyx
otu2763	no_match	no_match	Scythrops	119221	Scythrops
otu343	Cuculus poliocephalus	lescuc1	Cuculus_poliocephalus	550040	Cuculus poliocephalus
otu342	no_match	no_match	Cuculus_pallidus	1041427	Cuculus pallidus
otu341	Cuculus canorus	comcuc	Cuculus_canorus	792628	Cuculus canorus
otu344	Cuculus solitarius	reccuc1	Cuculus_solitarius	3596309	Cuculus solitarius
otu2762	no_match	no_match	Cacomantis	792625	Cacomantis
otu2757	no_match	no_match	Opisthocomus	70726	Opisthocomus
otu2756	no_match	no_match	Geococcyx	212185	Geococcyx
otu331	Crotophaga ani	smbani	Crotophaga_ani	267844	Crotophaga ani
otu330	Crotophaga sulcirostris	grbani	Crotophaga_sulcirostris	1041415	Crotophaga sulcirostris
otu329	Crotophaga major	greani1	Crotophaga_major	794915	Crotophaga major
otu328	Guira guira	guicuc1	Guira_guira	119219	Guira guira
otu324	Colius striatus	spemou2	Colius_striatus	462544	Colius striatus
otu322	Urocolius macrourus	blnmou1	Urocolius_macrourus	261311	Urocolius macrourus
otu323	Urocolius indicus	refmou1	Urocolius_indicus	1094061	Urocolius indicus
otu260	Phoeniculus purpureus	grewoo2	Phoeniculus_purpureus	238765	Phoeniculus purpureus
otu261	Rhinopomastus cyanomelas	cosbil1	Rhinopomastus_cyanomelas	49610	Rhinopomastus cyanomelas
otu262	Upupa epops	hoopoe	Upupa_epops	412129	Upupa epops
otu247	no_match	no_match	Berenicornis	159831	Berenicornis
otu2703	no_match	no_match	Anthracoceros	291855	Anthracoceros
otu2699	Bycanistes subcylindricus	bawhor2	Bycanistes_subcylindricus	159838	Bycanistes subcylindricus
otu2700	Bycanistes bucinator	truhor1	Bycanistes_bucinator	159839	Bycanistes bucinator
otu2698	no_match	no_match	Rhinoplax	248497	Rhinoplax
otu252	Buceros hydrocorax	rufhor1	Buceros_hydrocorax	595237	Buceros hydrocorax
otu251	Buceros rhinoceros	rhihor1	Buceros_rhinoceros	785189	Buceros rhinoceros
otu246	no_match	no_match	Aceros	211114	Aceros
otu257	Lophoceros pallidirostris	pabhor1	Tockus_pallidirostris	3600752	Tockus pallidirostris
otu254	Tockus flavirostris	eybhor1	Tockus_flavirostris	817584	Tockus flavirostris
otu253	Tockus deckeni	vddhor1	Tockus_deckeni	836533	Tockus deckeni
otu255	Tockus erythrorhynchus	rebhor1	Tockus_erythrorhynchus	1097401	Tockus erythrorhynchus
otu256	Tockus monteiri	monhor1	Tockus_monteiri	991307	Tockus monteiri
otu258	Lophoceros nasutus	afghor1	Tockus_nasutus	873953	Tockus nasutus
otu245	no_match	no_match	Anorrhinus	244224	Anorrhinus
otu243	Bucorvus abyssinicus	noghor1	Bucorvus_abyssinicus	991309	Bucorvus abyssinicus
otu2712	not_a_bird	not_a_bird	Bucorvus_cafer	3600769	Bucorvus cafer
otu2748	no_match	no_match	Apaloderma	291858	Apaloderma
otu284	Harpactes kasumba	rentro1	Harpactes_kasumba	861099	Harpactes kasumba
otu283	Harpactes whiteheadi	whitro1	Harpactes_whiteheadi	861101	Harpactes whiteheadi
otu282	Harpactes duvaucelii	scrtro1	Harpactes_duvaucelii	452894	Harpactes duvaucelii
otu2747	no_match	no_match	Trogon	1065611	Trogon
otu290	Leptosomus discolor	cuckoo1	Leptosomus_discolor	897867	Leptosomus discolor
otu2742	no_match	no_match	Eurystomus	372550	Eurystomus
otu286	Coracias caudatus	librol2	Coracias_caudata	244691	Coracias caudatus
otu285	Coracias benghalensis	indrol2	Coracias_benghalensis	3596441	Coracias benghalensis
otu291	Nyctyornis amictus	rbbeat1	Nyctyornis_amictus	524018	Nyctyornis amictus
otu295	Merops viridis	btbeat2	Merops_viridis	1009866	Merops viridis
otu296	Merops orientalis	grbeat1	Merops_orientalis	423282	Merops orientalis
otu292	Merops bulocki	rtbeat1	Merops_bulocki	704136	Merops bulocki
otu293	Merops albicollis	wtbeat1	Merops_albicollis	423284	Merops albicollis
otu294	Merops ornatus	rabeat1	Merops_ornatus	614658	Merops ornatus
otu302	Todus angustirostris	nabtod1	Todus_angustirostris	986892	Todus angustirostris
otu303	Todus subulatus	brbtod1	Todus_subulatus	986890	Todus subulatus
otu305	Ceyx erithaca	bkbkin1	Ceyx_erithacus	215691	Ceyx erithaca
otu307	Alcedo euryzona	blbkin2	Alcedo_euryzona	838173	Alcedo euryzona
otu309	Alcedo semitorquata	hackin1	Alcedo_semitorquata	838175	Alcedo semitorquata
otu308	Alcedo meninting	blekin1	Alcedo_meninting	838168	Alcedo meninting
otu306	Alcedo atthis	comkin1	Alcedo_atthis	549519	Alcedo atthis
otu304	Ispidina picta	afpkin1	Ispidina_picta	1097691	Ceyx pictus
otu3812	Todiramphus sanctus	sackin1	Halcyon_sancta	234470	Todiramphus sanctus
otu319	Melidora macrorrhina	hobkin1	Melidora_macrorrhina	757734	Melidora macrorrhina
otu320	Tanysiptera galatea	copkin1	Tanysiptera_galatea	234476	Tanysiptera galatea
otu321	Halcyon senegalensis	wookin1	Halcyon_senegalensis	234474	Halcyon senegalensis
otu2725	no_match	no_match	Chloroceryle	1039520	Chloroceryle
otu2721	Megaceryle alcyon	belkin1	Ceryle_alcyon	839181	Megaceryle alcyon
otu2722	Megaceryle torquata	rinkin1	Ceryle_torquata	314750	Megaceryle torquata
otu2723	Megaceryle maxima	giakin3	Ceryle_maxima	209417	Megaceryle maxima
otu314	Ceryle rudis	piekin1	Ceryle_rudis	26085	Ceryle rudis
otu297	no_match	no_match	Eumomota	1079772	Eumomota
otu299	Momotus momota	bucmot4	Momotus_momota	989081	Momotus momota
otu2731	no_match	no_match	Baryphthengus	483801	Baryphthengus
otu298	no_match	no_match	Electron	1050055	Electron
otu234	Galbalcyrhynchus leucotis	whejac1	Galbalcyrhynchus_leucotis	3600697	Galbalcyrhynchus leucotis
otu230	Galbula albirostris	yebjac1	Galbula_albirostris	383931	Galbula albirostris
otu231	Galbula pastazae	cocjac2	Galbula_pastazae	484894	Galbula pastazae
otu232	Galbula galbula	grtjac1	Galbula_galbula	784518	Galbula galbula
otu233	Galbula cyanescens	blfjac1	Galbula_cyanescens	1009856	Galbula cyanescens
otu2687	no_match	no_match	Chelidoptera	616258	Chelidoptera
otu242	Malacoptila fusca	whcpuf1	Malacoptila_fusca	574523	Malacoptila fusca
otu241	Malacoptila fulvogularis	blspuf1	Malacoptila_fulvogularis	3600703	Malacoptila fulvogularis
otu240	Malacoptila mystacalis	moupuf1	Malacoptila_mystacalis	3600704	Malacoptila mystacalis
otu2684	no_match	no_match	Monasa	574531	Monasa
otu2685	no_match	no_match	Bucco	483803	Bucco (genus in Opisthokonta)
otu2686	no_match	no_match	Nonnula	308593	Nonnula
otu3697	no_match	no_match	Turnix	365489	Turnix
otu2646	no_match	no_match	Anseranas	714466	Anseranas
otu74	Chauna torquata	souscr1	Chauna_torquata	860132	Chauna torquata
otu73	Chauna chavaria	norscr1	Chauna_chavaria	241848	Chauna chavaria
otu2645	no_match	no_match	Anhima	1086565	Anhima
otu2655	no_match	no_match	Dendrocygna	662607	Dendrocygna
otu2652	no_match	no_match	Branta	714463	Branta
otu2651	no_match	no_match	Melanitta	948665	Melanitta
otu2650	no_match	no_match	Aix	765192	Aix
otu64	Mareca strepera	gadwal	Anas_strepera	30856	Anas strepera
otu62	Anas platyrhynchos	mallar3	Anas_platyrhynchos	765167	Anas platyrhynchos
otu63	Anas acuta	norpin	Anas_acuta	855474	Anas acuta
otu2653	no_match	no_match	Cygnus	5559047	Cygnus
otu2654	no_match	no_match	Oxyura	88395	Oxyura (genus in Opisthokonta)
otu2642	no_match	no_match	Callipepla	728094	Callipepla
otu2641	no_match	no_match	Guttera	684042	Guttera
otu2640	no_match	no_match	Numida	684050	Numida
otu2637	no_match	no_match	Pavo	453587	Pavo
otu2636	no_match	no_match	Gallus	153562	Gallus
otu2638	no_match	no_match	Lophura	624441	Lophura (genus in Opisthokonta)
otu2635	no_match	no_match	Coturnix	1098759	Coturnix
otu2634	no_match	no_match	Synoicus	5859857	Synoicus
otu94	Pternistis natalensis	natfra2	Francolinus_natalensis	55592	Francolinus natalensis
otu95	Pternistis capensis	capfra2	Francolinus_capensis	681142	Francolinus capensis
otu2633	no_match	no_match	Alectoris	51351	Alectoris
otu2639	no_match	no_match	Meleagris	446481	Meleagris
otu2630	no_match	no_match	Alectura	570959	Alectura
otu2627	no_match	no_match	Chamaepetes	963343	Chamaepetes
otu161	Penelope montagnii	andgua1	Penelope_montagnii	188772	Penelope montagnii
otu160	Pipile pipile	trpgua1	Pipile_pipile	157735	Pipile pipile
otu159	Penelope albipennis	whwgua1	Penelope_albipennis	174442	Penelope albipennis
otu2628	no_match	no_match	Crax	979429	Crax
otu2629	no_match	no_match	Ortalis	109892	Ortalis (genus in Deuterostomia)
otu2619	no_match	no_match	Crypturellus	870604	Crypturellus
otu2620	no_match	no_match	Eudromia	292460	Eudromia (genus in Deuterostomia)
otu12	Nothoprocta cinerascens	brutin1	Nothoprocta_cinerascens	292464	Nothoprocta cinerascens
otu10	Nothoprocta perdicaria	chitin1	Nothoprocta_perdicaria	402446	Nothoprocta perdicaria
otu11	Nothoprocta curvirostris	cubtin1	Nothoprocta_curvirostris	3600806	Nothoprocta curvirostris
otu2617	no_match	no_match	Struthio	292466	Struthio
otu2618	no_match	no_match	Rhea	857863	Rhea
otu1	Apteryx australis	sobkiw1	Apteryx_australis	241834	Apteryx australis
otu2	Apteryx haastii	grskiw1	Apteryx_haastii	241836	Apteryx haastii
otu3	Apteryx owenii	liskiw1	Apteryx_owenii	241844	Apteryx owenii
otu2616	no_match	no_match	Dromaius	283193	Dromaius
otu2615	no_match	no_match	Casuarius	589156	Casuarius
