otu_id	^clo:ClementsTaxonName2019	^clo:speciescode2019	^ot:originalLabel	^ot:ottId	^ot:ottTaxonName
otu45	not_a_bird	not_a_bird	Spalax_nehringi	884738	Nannospalax nehringi
otu46	not_a_bird	not_a_bird	Spalax_leucodon	936600	Nannospalax leucodon
otu44	not_a_bird	not_a_bird	Spalax_ehrenbergi	936616	Nannospalax ehrenbergi
otu47	not_a_bird	not_a_bird	Spalax_graecus	508591	Spalax graecus
otu49	not_a_bird	not_a_bird	Spalax_zemni	584369	Spalax zemni
otu50	not_a_bird	not_a_bird	Spalax_arenarius	508584	Spalax arenarius
otu51	not_a_bird	not_a_bird	Spalax_giganteus	3608581	Spalax giganteus
otu52	not_a_bird	not_a_bird	Spalax_uralensis	3608584	Spalax uralensis
otu48	not_a_bird	not_a_bird	Spalax_microphthalmus	181588	Spalax microphthalmus
otu1080	not_a_bird	not_a_bird	Gerbillus_dasyurus	438464	Dipodillus dasyurus
otu94	not_a_bird	not_a_bird	Tatera_indica	818707	Tatera indica
otu95	not_a_bird	not_a_bird	Meriones_vinogradovi	3608992	Meriones vinogradovi
otu99	not_a_bird	not_a_bird	Meriones_crassus	404788	Meriones crassus
otu100	not_a_bird	not_a_bird	Meriones_dahli	3608991	Meriones dahli
otu97	not_a_bird	not_a_bird	Meriones_libycus	404790	Meriones libycus
otu96	not_a_bird	not_a_bird	Meriones_meridianus	473225	Meriones meridianus
otu98	not_a_bird	not_a_bird	Meriones_tristrami	438468	Meriones tristrami
otu101	not_a_bird	not_a_bird	Meriones_persicus	3608993	Meriones persicus
otu102	not_a_bird	not_a_bird	Meriones_tamariscinus	79088	Meriones tamariscinus
otu103	not_a_bird	not_a_bird	Rhombomys_opimus	504792	Rhombomys opimus
otu56	not_a_bird	not_a_bird	Lemmus_sibiricus	1024554	Lemmus sibiricus
otu57	not_a_bird	not_a_bird	Lemmus_lemmus	934731	Lemmus lemmus
otu58	not_a_bird	not_a_bird	Myopus_schisticolor	490530	Myopus schisticolor
otu69	not_a_bird	not_a_bird	Arvicola_scherman	496185	Arvicola scherman
otu68	not_a_bird	not_a_bird	Arvicola_amphibius	684847	Arvicola amphibius
otu67	not_a_bird	not_a_bird	Arvicola_sapidus	1035813	Arvicola sapidus
otu59	not_a_bird	not_a_bird	Dicrostonyx_torquatus	603156	Dicrostonyx torquatus
otu54	not_a_bird	not_a_bird	Ellobius_talpinus	904714	Ellobius talpinus
otu53	not_a_bird	not_a_bird	Ellobius_lutescens	664072	Ellobius lutescens
otu55	not_a_bird	not_a_bird	Prometheomys_schaposchnikowi	662401	Prometheomys schaposchnikowi
otu78	not_a_bird	not_a_bird	Microtus_oeconomus	1051081	Microtus oeconomus
otu76	not_a_bird	not_a_bird	Microtus_agrestis	754333	Microtus agrestis
otu77	not_a_bird	not_a_bird	Microtus_cabrerae	713373	Microtus cabrerae
otu93	not_a_bird	not_a_bird	Microtus_bavaricus	965605	Microtus bavaricus
otu90	not_a_bird	not_a_bird	Microtus_subterraneus	965600	Microtus subterraneus
otu91	not_a_bird	not_a_bird	Microtus_tatricus	965599	Microtus tatricus
otu92	not_a_bird	not_a_bird	Microtus_daghestanicus	1049258	Microtus daghestanicus
otu83	not_a_bird	not_a_bird	Microtus_savii	509535	Microtus savii
otu84	not_a_bird	not_a_bird	Microtus_brachycercus	995351	Microtus brachycercus
otu81	not_a_bird	not_a_bird	Microtus_gerbei	1049264	Microtus gerbei
otu82	not_a_bird	not_a_bird	Microtus_felteni	1049261	Microtus felteni
otu88	not_a_bird	not_a_bird	Microtus_lusitanicus	509533	Microtus lusitanicus
otu89	not_a_bird	not_a_bird	Microtus_thomasi	1061324	Microtus thomasi
otu87	not_a_bird	not_a_bird	Microtus_duodecimcostatus	509531	Microtus duodecimcostatus
otu85	not_a_bird	not_a_bird	Microtus_multiplex	965604	Microtus multiplex
otu86	not_a_bird	not_a_bird	Microtus_majori	610970	Microtus majori
otu79	not_a_bird	not_a_bird	Microtus_gregalis	50538	Lasiopodomys gregalis
otu72	not_a_bird	not_a_bird	Microtus_arvalis	449577	Microtus arvalis
otu71	not_a_bird	not_a_bird	Microtus_levis	163267	Microtus levis
otu74	not_a_bird	not_a_bird	Microtus_schidlovskii	3608494	Microtus schidlovskii
otu73	not_a_bird	not_a_bird	Microtus_socialis	803141	Microtus socialis
otu75	not_a_bird	not_a_bird	Microtus_guentheri	1049266	Microtus guentheri
otu80	not_a_bird	not_a_bird	Microtus_middendorffii	1040390	Alexandromys middendorffii
otu70	not_a_bird	not_a_bird	Lagurus_lagurus	1073069	Lagurus lagurus
otu64	not_a_bird	not_a_bird	Chionomys_nivalis	472722	Chionomys nivalis
otu66	not_a_bird	not_a_bird	Chionomys_gud	90548	Chionomys gud
otu65	not_a_bird	not_a_bird	Chionomys_roberti	1049255	Chionomys roberti
otu63	not_a_bird	not_a_bird	Dinaromys_bogdanovi	929331	Dinaromys bogdanovi
otu62	not_a_bird	not_a_bird	Myodes_glareolus	1051603	Myodes glareolus
otu61	not_a_bird	not_a_bird	Myodes_rutilus	686197	Myodes rutilus
otu60	not_a_bird	not_a_bird	Myodes_rufocanus	563745	Myodes rufocanus
otu18	not_a_bird	not_a_bird	Allocricetulus_eversmanni	753012	Allocricetulus eversmanni
otu19	not_a_bird	not_a_bird	Cricetus_cricetus	391625	Cricetus cricetus
otu24	not_a_bird	not_a_bird	Cricetulus_migratorius	159169	Cricetulus migratorius
otu21	not_a_bird	not_a_bird	Mesocricetus_raddei	904716	Mesocricetus raddei
otu22	not_a_bird	not_a_bird	Mesocricetus_newtoni	904706	Mesocricetus newtoni
otu20	not_a_bird	not_a_bird	Mesocricetus_brandti	391628	Mesocricetus brandti
otu23	not_a_bird	not_a_bird	Mesocricetus_auratus	391631	Mesocricetus auratus
otu43	not_a_bird	not_a_bird	Calomyscus_urartensis	3608195	Calomyscus urartensis
otu36	not_a_bird	not_a_bird	Apodemus_witherbyi	926226	Apodemus witherbyi
otu35	not_a_bird	not_a_bird	Apodemus_flavicollis	1088760	Apodemus flavicollis
otu38	not_a_bird	not_a_bird	Apodemus_hyrcanicus	3608834	Apodemus hyrcanicus
otu37	not_a_bird	not_a_bird	Apodemus_alpicola	1085351	Apodemus alpicola
otu40	not_a_bird	not_a_bird	Apodemus_uralensis	1087647	Apodemus uralensis
otu39	not_a_bird	not_a_bird	Apodemus_sylvaticus	794922	Apodemus sylvaticus
otu41	not_a_bird	not_a_bird	Apodemus_ponticus	883091	Apodemus ponticus
otu34	not_a_bird	not_a_bird	Apodemus_agrarius	351537	Apodemus agrarius
otu32	not_a_bird	not_a_bird	Apodemus_mystacinus	1085349	Apodemus mystacinus
otu33	not_a_bird	not_a_bird	Apodemus_epimelas	397731	Apodemus epimelas
otu31	not_a_bird	not_a_bird	Mus_musculus	542509	Mus musculus
otu29	not_a_bird	not_a_bird	Mus_macedonicus	845973	Mus macedonicus
otu30	not_a_bird	not_a_bird	Mus_spretus	542521	Mus spretus
otu28	not_a_bird	not_a_bird	Mus_spicilegus	845976	Mus spicilegus
otu42	not_a_bird	not_a_bird	Micromys_minutus	211375	Micromys minutus
otu26	not_a_bird	not_a_bird	Acomys_cilicicus	173081	Acomys cilicicus
otu27	not_a_bird	not_a_bird	Acomys_minous	747232	Acomys minous
otu25	not_a_bird	not_a_bird	Acomys_nesiotes	747230	Acomys nesiotes
otu14	not_a_bird	not_a_bird	Sicista_betulina	1052919	Sicista betulina
otu12	not_a_bird	not_a_bird	Sicista_armenica	3608076	Sicista armenica
otu11	not_a_bird	not_a_bird	Sicista_caucasica	3608077	Sicista caucasica
otu8	not_a_bird	not_a_bird	Sicista_kluchorica	3608081	Sicista kluchorica
otu9	not_a_bird	not_a_bird	Sicista_strandi	3608083	Sicista strandi
otu15	not_a_bird	not_a_bird	Sicista_severtzovi	3608078	Sicista severtzovi
otu10	not_a_bird	not_a_bird	Sicista_kazbegica	55949	Sicista kazbegica
otu13	not_a_bird	not_a_bird	Sicista_subtilis	3608079	Sicista subtilis
otu6	not_a_bird	not_a_bird	Stylodipus_telum	910652	Stylodipus telum
otu7	not_a_bird	not_a_bird	Dipus_sagitta	475308	Dipus sagitta
otu17	not_a_bird	not_a_bird	Pygeretmus_platyurus	3608059	Pygeretmus platyurus
otu16	not_a_bird	not_a_bird	Pygeretmus_pumilio	1062845	Pygeretmus pumilio
otu2	not_a_bird	not_a_bird	Allactaga_major	852287	Allactaga major
otu5	not_a_bird	not_a_bird	Allactaga_sibirica	814883	Allactaga sibirica
otu1	not_a_bird	not_a_bird	Allactaga_elater	475305	Scarturus elater
otu4	not_a_bird	not_a_bird	Allactaga_williamsi	164961	Allactaga williamsi
otu3	not_a_bird	not_a_bird	Allactaga_euphratica	739520	Allactaga euphratica
otu105	not_a_bird	not_a_bird	Castor_fiber	1048188	Castor fiber
otu107	not_a_bird	not_a_bird	Hystrix_indica	276719	Hystrix indica
otu106	not_a_bird	not_a_bird	Hystrix_cristata	220326	Hystrix cristata
otu117	not_a_bird	not_a_bird	Marmota_marmota	630991	Marmota marmota
otu116	not_a_bird	not_a_bird	Marmota_bobak	531857	Marmota bobak
otu115	not_a_bird	not_a_bird	Marmota_baibacina	491812	Marmota baibacina
otu112	not_a_bird	not_a_bird	Spermophilus_major	782280	Spermophilus major
otu113	not_a_bird	not_a_bird	Spermophilus_citellus	454537	Spermophilus citellus
otu114	not_a_bird	not_a_bird	Spermophilus_fulvus	782286	Spermophilus fulvus
otu108	not_a_bird	not_a_bird	Spermophilus_xanthoprymnus	833683	Spermophilus xanthoprymnus
otu109	not_a_bird	not_a_bird	Spermophilus_pygmaeus	141533	Spermophilus pygmaeus
otu110	not_a_bird	not_a_bird	Spermophilus_suslicus	208068	Spermophilus suslicus
otu111	not_a_bird	not_a_bird	Spermophilus_musicus	782264	Spermophilus musicus
otu118	not_a_bird	not_a_bird	Tamias_sibiricus	659097	Tamias sibiricus
otu121	not_a_bird	not_a_bird	Pteromys_volans	384219	Pteromys volans
otu120	not_a_bird	not_a_bird	Sciurus_vulgaris	286193	Sciurus vulgaris
otu119	not_a_bird	not_a_bird	Sciurus_anomalus	568460	Sciurus anomalus
otu127	not_a_bird	not_a_bird	Myomimus_setzeri	3608165	Myomimus setzeri
otu126	not_a_bird	not_a_bird	Myomimus_roachi	1038448	Myomimus roachi
otu124	not_a_bird	not_a_bird	Eliomys_melanurus	1038450	Eliomys melanurus
otu125	not_a_bird	not_a_bird	Eliomys_quercinus	964576	Eliomys quercinus
otu123	not_a_bird	not_a_bird	Dryomys_laniger	1038452	Dryomys laniger
otu122	not_a_bird	not_a_bird	Dryomys_nitedula	909552	Dryomys nitedula
otu128	not_a_bird	not_a_bird	Muscardinus_avellanarius	664079	Muscardinus avellanarius
otu129	not_a_bird	not_a_bird	Glis_glis	185345	Glis glis
otu137	not_a_bird	not_a_bird	Oryctolagus_cuniculus	864596	Oryctolagus cuniculus
otu135	not_a_bird	not_a_bird	Lepus_capensis	864613	Lepus capensis
otu136	not_a_bird	not_a_bird	Lepus_tolai	426231	Lepus tolai
otu133	not_a_bird	not_a_bird	Lepus_europaeus	864607	Lepus europaeus
otu132	not_a_bird	not_a_bird	Lepus_corsicanus	29165	Lepus corsicanus
otu131	not_a_bird	not_a_bird	Lepus_castroviejoi	264104	Lepus castroviejoi
otu134	not_a_bird	not_a_bird	Lepus_granatensis	29167	Lepus granatensis
otu130	not_a_bird	not_a_bird	Lepus_timidus	167565	Lepus timidus
otu138	not_a_bird	not_a_bird	Ochotona_hyperborea	258378	Ochotona hyperborea
otu139	not_a_bird	not_a_bird	Ochotona_pusilla	444057	Ochotona pusilla
otu149	not_a_bird	not_a_bird	Bison_bonasus	907684	Bison bonasus
otu147	not_a_bird	not_a_bird	Gazella_subgutturosa	363049	Gazella subgutturosa
otu148	not_a_bird	not_a_bird	Saiga_tatarica	274566	Saiga tatarica
otu143	not_a_bird	not_a_bird	Ovis_aries	70819	Ovis aries
otu1184	not_a_bird	not_a_bird	Ovis_orientalis	821414	Ovis orientalis
otu146	not_a_bird	not_a_bird	Capra_ibex	698617	Capra ibex
otu144	not_a_bird	not_a_bird	Capra_caucasica	698611	Capra caucasica
otu145	not_a_bird	not_a_bird	Capra_pyrenaica	338215	Capra pyrenaica
otu140	not_a_bird	not_a_bird	Rupicapra_pyrenaica	698621	Rupicapra pyrenaica
otu141	not_a_bird	not_a_bird	Rupicapra_rupicapra	798039	Rupicapra rupicapra
otu153	not_a_bird	not_a_bird	Rangifer_tarandus	410153	Rangifer tarandus
otu152	not_a_bird	not_a_bird	Capreolus_pygargus	199368	Capreolus pygargus
otu151	not_a_bird	not_a_bird	Capreolus_capreolus	460517	Capreolus capreolus
otu150	not_a_bird	not_a_bird	Alces_alces	460509	Alces alces
otu155	not_a_bird	not_a_bird	Dama_dama	906310	Dama dama
otu154	not_a_bird	not_a_bird	Cervus_elaphus	936014	Cervus elaphus
otu156	not_a_bird	not_a_bird	Sus_scrofa	730013	Sus scrofa
otu167	not_a_bird	not_a_bird	Ursus_arctos	872567	Ursus arctos
otu168	not_a_bird	not_a_bird	Ursus_maritimus	10732	Ursus maritimus
otu176	not_a_bird	not_a_bird	Vormela_peregusna	1031807	Vormela peregusna
otu175	not_a_bird	not_a_bird	Mustela_erminea	681184	Mustela erminea
otu170	not_a_bird	not_a_bird	Mustela_nivalis	354525	Mustela nivalis
otu173	not_a_bird	not_a_bird	Mustela_sibirica	549525	Mustela sibirica
otu174	not_a_bird	not_a_bird	Mustela_lutreola	923105	Mustela lutreola
otu172	not_a_bird	not_a_bird	Mustela_putorius	923126	Mustela putorius
otu171	not_a_bird	not_a_bird	Mustela_eversmanii	3612699	Mustela eversmanii
otu169	not_a_bird	not_a_bird	Lutra_lutra	348036	Lutra lutra
otu180	not_a_bird	not_a_bird	Martes_zibellina	681187	Martes zibellina
otu179	not_a_bird	not_a_bird	Martes_martes	532122	Martes martes
otu178	not_a_bird	not_a_bird	Martes_foina	348047	Martes foina
otu177	not_a_bird	not_a_bird	Gulo_gulo	178247	Gulo gulo
otu181	not_a_bird	not_a_bird	Meles_leucurus	822221	Meles leucurus
otu182	not_a_bird	not_a_bird	Meles_meles	923113	Meles meles
otu186	not_a_bird	not_a_bird	Vulpes_vulpes	821964	Vulpes vulpes
otu185	not_a_bird	not_a_bird	Vulpes_corsac	523960	Vulpes corsac
otu1231	not_a_bird	not_a_bird	Alopex_lagopus	775766	Vulpes lagopus
otu183	not_a_bird	not_a_bird	Canis_aureus	621168	Canis aureus
otu184	not_a_bird	not_a_bird	Canis_lupus	247341	Canis lupus
otu157	not_a_bird	not_a_bird	Lynx_lynx	886829	Lynx lynx
otu158	not_a_bird	not_a_bird	Lynx_pardinus	442049	Lynx pardinus
otu160	not_a_bird	not_a_bird	Felis_margarita	983177	Felis margarita
otu159	not_a_bird	not_a_bird	Felis_silvestris	563163	Felis silvestris
otu161	not_a_bird	not_a_bird	Felis_chaus	983181	Felis chaus
otu1206	not_a_bird	not_a_bird	Otocolobus_manul	86183	Otocolobus manul
otu163	not_a_bird	not_a_bird	Panthera_pardus	42324	Panthera pardus
otu166	not_a_bird	not_a_bird	Hyaena_hyaena	383901	Hyaena hyaena
otu165	not_a_bird	not_a_bird	Herpestes_ichneumon	749636	Herpestes ichneumon
otu164	not_a_bird	not_a_bird	Genetta_genetta	194343	Genetta genetta
otu189	not_a_bird	not_a_bird	Rhinolophus_mehelyi	626350	Rhinolophus mehelyi
otu190	not_a_bird	not_a_bird	Rhinolophus_euryale	353435	Rhinolophus euryale
otu192	not_a_bird	not_a_bird	Rhinolophus_blasii	766065	Rhinolophus blasii
otu193	not_a_bird	not_a_bird	Rhinolophus_ferrumequinum	867388	Rhinolophus ferrumequinum
otu191	not_a_bird	not_a_bird	Rhinolophus_hipposideros	610867	Rhinolophus hipposideros
otu194	not_a_bird	not_a_bird	Tadarida_teniotis	190910	Tadarida teniotis
otu195	not_a_bird	not_a_bird	Miniopterus_schreibersii	238425	Miniopterus schreibersii
otu202	not_a_bird	not_a_bird	Eptesicus_bottae	1055363	Eptesicus bottae
otu203	not_a_bird	not_a_bird	Eptesicus_serotinus	15443	Eptesicus serotinus
otu205	not_a_bird	not_a_bird	Eptesicus_nilssonii	493714	Eptesicus nilssonii
otu204	not_a_bird	not_a_bird	Eptesicus_bobrinskoi	873668	Eptesicus bobrinskoi
otu226	not_a_bird	not_a_bird	Pipistrellus_maderensis	924729	Pipistrellus maderensis
otu227	not_a_bird	not_a_bird	Pipistrellus_kuhlii	867394	Pipistrellus kuhlii
otu230	not_a_bird	not_a_bird	Pipistrellus_pygmaeus	366823	Pipistrellus pygmaeus
otu229	not_a_bird	not_a_bird	Pipistrellus_pipistrellus	867410	Pipistrellus pipistrellus
otu228	not_a_bird	not_a_bird	Pipistrellus_nathusii	867399	Pipistrellus nathusii
otu206	not_a_bird	not_a_bird	Vespertilio_murinus	190920	Vespertilio murinus
otu208	not_a_bird	not_a_bird	Nyctalus_lasiopterus	342724	Nyctalus lasiopterus
otu209	not_a_bird	not_a_bird	Nyctalus_azoreum	286039	Nyctalus azoreum
otu211	not_a_bird	not_a_bird	Nyctalus_noctula	261435	Nyctalus noctula
otu210	not_a_bird	not_a_bird	Nyctalus_leisleri	342721	Nyctalus leisleri
otu218	not_a_bird	not_a_bird	Myotis_dasycneme	353897	Myotis dasycneme
otu217	not_a_bird	not_a_bird	Myotis_capaccinii	353431	Myotis capaccinii
otu216	not_a_bird	not_a_bird	Myotis_daubentonii	407052	Myotis daubentonii
otu225	not_a_bird	not_a_bird	Myotis_bechsteinii	342718	Myotis bechsteinii
otu219	not_a_bird	not_a_bird	Myotis_schaubi	878681	Myotis schaubi
otu220	not_a_bird	not_a_bird	Myotis_nattereri	1008252	Myotis nattereri
otu221	not_a_bird	not_a_bird	Myotis_emarginatus	1080294	Myotis emarginatus
otu222	not_a_bird	not_a_bird	Myotis_myotis	966432	Myotis myotis
otu224	not_a_bird	not_a_bird	Myotis_punicus	1015040	Myotis punicus
otu223	not_a_bird	not_a_bird	Myotis_blythii	1080286	Myotis blythii
otu215	not_a_bird	not_a_bird	Myotis_brandtii	353460	Myotis brandtii
otu214	not_a_bird	not_a_bird	Myotis_hajastanicus	888165	Myotis hajastanicus
otu212	not_a_bird	not_a_bird	Myotis_mystacinus	353458	Myotis mystacinus
otu213	not_a_bird	not_a_bird	Myotis_nipalensis	840250	Myotis nipalensis
otu1246	not_a_bird	not_a_bird	Pipistrellus_savii	1080298	Hypsugo savii
otu199	not_a_bird	not_a_bird	Plecotus_kolombatovici	580539	Plecotus kolombatovici
otu198	not_a_bird	not_a_bird	Plecotus_austriacus	1080291	Plecotus austriacus
otu200	not_a_bird	not_a_bird	Plecotus_teneriffae	264117	Plecotus teneriffae
otu201	not_a_bird	not_a_bird	Plecotus_auritus	350140	Plecotus auritus
otu197	not_a_bird	not_a_bird	Barbastella_leucomelas	1011492	Barbastella leucomelas
otu196	not_a_bird	not_a_bird	Barbastella_barbastellus	647747	Barbastella barbastellus
otu188	not_a_bird	not_a_bird	Rousettus_aegyptiacus	813034	Rousettus aegyptiacus
otu245	not_a_bird	not_a_bird	Atelerix_algirus	805535	Atelerix algirus
otu244	not_a_bird	not_a_bird	Erinaceus_europaeus	796660	Erinaceus europaeus
otu243	not_a_bird	not_a_bird	Erinaceus_roumanicus	1089938	Erinaceus roumanicus
otu242	not_a_bird	not_a_bird	Erinaceus_concolor	782352	Erinaceus concolor
otu241	not_a_bird	not_a_bird	Hemiechinus_auritus	968064	Hemiechinus auritus
otu273	not_a_bird	not_a_bird	Neomys_fodiens	112409	Neomys fodiens
otu275	not_a_bird	not_a_bird	Neomys_anomalus	276756	Neomys anomalus
otu274	not_a_bird	not_a_bird	Neomys_teres	1086292	Neomys teres
otu259	not_a_bird	not_a_bird	Sorex_alpinus	180332	Sorex alpinus
otu269	not_a_bird	not_a_bird	Sorex_caecutiens	992413	Sorex caecutiens
otu268	not_a_bird	not_a_bird	Sorex_isodon	112411	Sorex isodon
otu267	not_a_bird	not_a_bird	Sorex_raddei	112404	Sorex raddei
otu261	not_a_bird	not_a_bird	Sorex_coronatus	885247	Sorex coronatus
otu263	not_a_bird	not_a_bird	Sorex_antinorii	64859	Sorex antinorii
otu262	not_a_bird	not_a_bird	Sorex_araneus	633213	Sorex araneus
otu264	not_a_bird	not_a_bird	Sorex_granarius	885245	Sorex granarius
otu265	not_a_bird	not_a_bird	Sorex_satunini	885241	Sorex satunini
otu266	not_a_bird	not_a_bird	Sorex_tundrensis	112398	Sorex tundrensis
otu260	not_a_bird	not_a_bird	Sorex_samniticus	885282	Sorex samniticus
otu272	not_a_bird	not_a_bird	Sorex_minutissimus	992417	Sorex minutissimus
otu270	not_a_bird	not_a_bird	Sorex_minutus	112413	Sorex minutus
otu271	not_a_bird	not_a_bird	Sorex_volnuchini	180328	Sorex volnuchini
otu253	not_a_bird	not_a_bird	Crocidura_serezkyensis	3614498	Crocidura serezkyensis
otu254	not_a_bird	not_a_bird	Crocidura_arispa	3614576	Crocidura arispa
otu250	not_a_bird	not_a_bird	Crocidura_canariensis	3285	Crocidura canariensis
otu1291	not_a_bird	not_a_bird	Crocidura_pachyura	7067952	Crocidura pachyura
otu249	not_a_bird	not_a_bird	Crocidura_sicula	314772	Crocidura sicula
otu251	not_a_bird	not_a_bird	Crocidura_leucodon	1019807	Crocidura leucodon
otu252	not_a_bird	not_a_bird	Crocidura_caspica	578624	Crocidura caspica
otu246	not_a_bird	not_a_bird	Crocidura_russula	809504	Crocidura russula
otu248	not_a_bird	not_a_bird	Crocidura_zimmermanni	314774	Crocidura zimmermanni
otu255	not_a_bird	not_a_bird	Crocidura_armenica	3614494	Crocidura armenica
otu256	not_a_bird	not_a_bird	Crocidura_suaveolens	596802	Crocidura suaveolens
otu258	not_a_bird	not_a_bird	Diplomesodon_pulchellum	850886	Diplomesodon pulchellum
otu257	not_a_bird	not_a_bird	Suncus_etruscus	353437	Suncus etruscus
otu231	not_a_bird	not_a_bird	Talpa_occidentalis	366965	Talpa occidentalis
otu238	not_a_bird	not_a_bird	Talpa_levantis	626278	Talpa levantis
otu237	not_a_bird	not_a_bird	Talpa_stankovici	850321	Talpa stankovici
otu235	not_a_bird	not_a_bird	Talpa_davidiana	3614243	Talpa davidiana
otu232	not_a_bird	not_a_bird	Talpa_caeca	353440	Talpa caeca
otu236	not_a_bird	not_a_bird	Talpa_caucasica	626275	Talpa caucasica
otu233	not_a_bird	not_a_bird	Talpa_europaea	222362	Talpa europaea
otu234	not_a_bird	not_a_bird	Talpa_romana	1003027	Talpa romana
otu239	not_a_bird	not_a_bird	Desmana_moschata	60434	Desmana moschata
otu240	not_a_bird	not_a_bird	Galemys_pyrenaicus	510297	Galemys pyrenaicus
otu714	not_a_bird	not_a_bird	Hemidactylus_turcicus	666114	Hemidactylus turcicus
otu713	not_a_bird	not_a_bird	Cyrtopodion_caspium	406919	Tenuidactylus caspius
otu712	not_a_bird	not_a_bird	Cyrtopodion_scabrum	983343	Cyrtopodion scabrum
otu710	not_a_bird	not_a_bird	Cyrtopodion_russowii	212500	Mediodactylus russowii
otu711	not_a_bird	not_a_bird	Stenodactylus_grandiceps	828991	Stenodactylus grandiceps
otu709	not_a_bird	not_a_bird	Cyrtopodion_kotschyi	4122837	Mediodactylus kotschyi
otu708	not_a_bird	not_a_bird	Cyrtopodion_heterocercum	406928	Mediodactylus heterocercus
otu707	not_a_bird	not_a_bird	Alsophylax_pipiens	4122797	Alsophylax laevis
otu720	not_a_bird	not_a_bird	Tarentola_gomerensis	666107	Tarentola gomerensis
otu719	not_a_bird	not_a_bird	Tarentola_delalandii	666108	Tarentola delalandii
otu718	not_a_bird	not_a_bird	Tarentola_boettgeri	666110	Tarentola boettgeri
otu717	not_a_bird	not_a_bird	Tarentola_bischoffi	None	None
otu716	not_a_bird	not_a_bird	Tarentola_angustimentalis	666109	Tarentola angustimentalis
otu715	not_a_bird	not_a_bird	Tarentola_mauritanica	190161	Tarentola mauritanica
otu721	not_a_bird	not_a_bird	Asaccus_elisae	936719	Asaccus elisae
otu722	not_a_bird	not_a_bird	Euleptes_europaea	723082	Euleptes europaea
otu739	not_a_bird	not_a_bird	Ablepharus_kitaibelii	71362	Ablepharus kitaibelii
otu738	not_a_bird	not_a_bird	Ablepharus_chernovi	157495	Ablepharus chernovi
otu737	not_a_bird	not_a_bird	Ablepharus_budaki	157490	Ablepharus budaki
otu724	not_a_bird	not_a_bird	Chalcides_chalcides	1024072	Chalcides chalcides
otu725	not_a_bird	not_a_bird	Chalcides_striatus	236042	Chalcides striatus
otu731	not_a_bird	not_a_bird	Chalcides_ocellatus	570395	Chalcides ocellatus
otu730	not_a_bird	not_a_bird	Chalcides_bedriagai	367750	Chalcides bedriagai
otu728	not_a_bird	not_a_bird	Chalcides_viridanus	1066421	Chalcides viridanus
otu729	not_a_bird	not_a_bird	Chalcides_simonyi	570400	Chalcides simonyi
otu727	not_a_bird	not_a_bird	Chalcides_sexlineatus	49640	Chalcides sexlineatus
otu726	not_a_bird	not_a_bird	Chalcides_bistriatus	236042	Chalcides striatus
otu736	not_a_bird	not_a_bird	Ophiomorus_punctatissimus	1023753	Ophiomorus punctatissimus
otu732	not_a_bird	not_a_bird	Eumeces_schneideri	1023747	Eumeces schneideri
otu735	not_a_bird	not_a_bird	Trachylepis_vittata	529667	Heremites vittatus
otu734	not_a_bird	not_a_bird	Trachylepis_septemtaeniata	48628	Heremites septemtaeniatus
otu733	not_a_bird	not_a_bird	Trachylepis_aurata	8286	Heremites auratus
otu723	not_a_bird	not_a_bird	Ablepharus_pannonicus	1016680	Ablepharus pannonicus
otu850	not_a_bird	not_a_bird	Laudakia_stellio	913396	Stellagama stellio
otu851	not_a_bird	not_a_bird	Laudakia_caucasia	138221	Paralaudakia caucasia
otu856	not_a_bird	not_a_bird	Phrynocephalus_helioscopus	2421	Phrynocephalus helioscopus
otu855	not_a_bird	not_a_bird	Phrynocephalus_guttatus	2423	Phrynocephalus guttatus
otu854	not_a_bird	not_a_bird	Phrynocephalus_persicus	866699	Phrynocephalus persicus
otu853	not_a_bird	not_a_bird	Phrynocephalus_mystaceus	1090809	Phrynocephalus mystaceus
otu852	not_a_bird	not_a_bird	Trapelus_agilis	631612	Trapelus agilis
otu849	not_a_bird	not_a_bird	Chamaeleo_chamaeleon	824527	Chamaeleo chamaeleon
otu848	not_a_bird	not_a_bird	Chamaeleo_africanus	824524	Chamaeleo africanus
otu847	not_a_bird	not_a_bird	Varanus_griseus	690600	Varanus griseus
otu844	not_a_bird	not_a_bird	Pseudopus_apodus	1040087	Pseudopus apodus
otu845	not_a_bird	not_a_bird	Anguis_cephallonica	1040069	Anguis cephallonica
otu846	not_a_bird	not_a_bird	Anguis_fragilis	449663	Anguis fragilis
otu927	not_a_bird	not_a_bird	Eryx_miliaris	1072298	Eryx miliaris
otu926	not_a_bird	not_a_bird	Eryx_jaculus	546146	Eryx jaculus
otu910	not_a_bird	not_a_bird	Vipera_kaznakovi	847386	Vipera kaznakovi
otu914	not_a_bird	not_a_bird	Vipera_dinniki	579234	Vipera dinniki
otu913	not_a_bird	not_a_bird	Vipera_lotievi	347778	Vipera lotievi
otu912	not_a_bird	not_a_bird	Vipera_renardi	497595	Vipera renardi
otu911	not_a_bird	not_a_bird	Vipera_eriwanensis	671009	Vipera eriwanensis
otu915	not_a_bird	not_a_bird	Vipera_ursinii	267857	Vipera ursinii
otu916	not_a_bird	not_a_bird	Vipera_seoanei	18037	Vipera seoanei
otu917	not_a_bird	not_a_bird	Vipera_nikolskii	590877	Vipera berus nikolskii
otu918	not_a_bird	not_a_bird	Vipera_berus	579239	Vipera berus
otu908	not_a_bird	not_a_bird	Vipera_aspis	78572	Vipera aspis
otu909	not_a_bird	not_a_bird	Vipera_latastei	825623	Vipera latastei
otu906	not_a_bird	not_a_bird	Vipera_ammodytes	78576	Vipera ammodytes
otu907	not_a_bird	not_a_bird	Vipera_transcaucasiana	495283	Vipera transcaucasiana
otu905	not_a_bird	not_a_bird	Pseudocerastes_persicus	11900	Pseudocerastes persicus
otu919	not_a_bird	not_a_bird	Macrovipera_schweizeri	590883	Macrovipera schweizeri
otu920	not_a_bird	not_a_bird	Macrovipera_lebetina	78579	Macrovipera lebetina
otu922	not_a_bird	not_a_bird	Montivipera_xanthina	590878	Montivipera xanthina
otu923	not_a_bird	not_a_bird	Montivipera_albizona	18038	Montivipera albizona
otu924	not_a_bird	not_a_bird	Montivipera_wagneri	883128	Montivipera wagneri
otu921	not_a_bird	not_a_bird	Montivipera_raddei	18042	Montivipera raddei
otu925	not_a_bird	not_a_bird	Gloydius_intermedius	498989	Gloydius intermedius
otu904	not_a_bird	not_a_bird	Malpolon_monspessulanus	904539	Malpolon monspessulanus
otu860	not_a_bird	not_a_bird	Natrix_maura	931749	Natrix maura
otu861	not_a_bird	not_a_bird	Natrix_natrix	1010557	Natrix natrix
otu862	not_a_bird	not_a_bird	Natrix_tessellata	931751	Natrix tessellata
otu865	not_a_bird	not_a_bird	Elaphe_sauromates	288031	Elaphe sauromates
otu864	not_a_bird	not_a_bird	Elaphe_quatuorlineata	1669	Elaphe quatuorlineata
otu863	not_a_bird	not_a_bird	Elaphe_dione	1670	Elaphe dione
otu866	not_a_bird	not_a_bird	Zamenis_hohenackeri	284751	Zamenis hohenackeri
otu867	not_a_bird	not_a_bird	Zamenis_persica	859568	Zamenis persicus
otu871	not_a_bird	not_a_bird	Zamenis_longissimus	284753	Zamenis longissimus
otu869	not_a_bird	not_a_bird	Zamenis_situla	859565	Zamenis situla
otu870	not_a_bird	not_a_bird	Rhinechis_scalaris	1662	Zamenis scalaris
otu868	not_a_bird	not_a_bird	Zamenis_lineatus	859569	Zamenis lineatus
otu872	not_a_bird	not_a_bird	Coronella_girondica	1020856	Coronella girondica
otu873	not_a_bird	not_a_bird	Coronella_austriaca	859562	Coronella austriaca
otu903	not_a_bird	not_a_bird	Macroprotodon_cucullatus	695105	Macroprotodon cucullatus
otu902	not_a_bird	not_a_bird	Macroprotodon_mauritanicus	1043969	Macroprotodon mauritanicus
otu901	not_a_bird	not_a_bird	Macroprotodon_brevis	568079	Macroprotodon brevis
otu878	not_a_bird	not_a_bird	Eirenis_modestus	503455	Eirenis modestus
otu879	not_a_bird	not_a_bird	Eirenis_aurolineatus	301575	Eirenis aurolineatus
otu880	not_a_bird	not_a_bird	Eirenis_lineomaculatus	825877	Eirenis lineomaculatus
otu881	not_a_bird	not_a_bird	Eirenis_rothii	825883	Eirenis rothii
otu886	not_a_bird	not_a_bird	Eirenis_medus	825889	Eirenis medus
otu887	not_a_bird	not_a_bird	Eirenis_thospitis	704894	Eirenis thospitis
otu888	not_a_bird	not_a_bird	Eirenis_hakkariensis	825876	Eirenis hakkariensis
otu883	not_a_bird	not_a_bird	Eirenis_barani	301571	Eirenis barani
otu884	not_a_bird	not_a_bird	Eirenis_eiselti	301573	Eirenis eiselti
otu885	not_a_bird	not_a_bird	Eirenis_punctatolineatus	301577	Eirenis punctatolineatus
otu882	not_a_bird	not_a_bird	Eirenis_levantinus	301572	Eirenis levantinus
otu889	not_a_bird	not_a_bird	Eirenis_decemlineatus	825874	Eirenis decemlineatus
otu892	not_a_bird	not_a_bird	Hierophis_gemonensis	1053209	Hierophis gemonensis
otu891	not_a_bird	not_a_bird	Dolichophis_cypriensis	1004953	Dolichophis cypriensis
otu890	not_a_bird	not_a_bird	Hierophis_viridiflavus	1053207	Hierophis viridiflavus
otu877	not_a_bird	not_a_bird	Dolichophis_caspius	195971	Dolichophis caspius
otu876	not_a_bird	not_a_bird	Dolichophis_schmidti	527056	Dolichophis schmidti
otu875	not_a_bird	not_a_bird	Dolichophis_jugularis	1053202	Dolichophis jugularis
otu897	not_a_bird	not_a_bird	Hemorrhois_hippocrepis	1053210	Hemorrhois hippocrepis
otu898	not_a_bird	not_a_bird	Hemorrhois_algirus	1053203	Hemorrhois algirus
otu900	not_a_bird	not_a_bird	Hemorrhois_nummifer	527057	Hemorrhois nummifer
otu899	not_a_bird	not_a_bird	Hemorrhois_ravergieri	1053213	Hemorrhois ravergieri
otu895	not_a_bird	not_a_bird	Platyceps_collaris	527046	Platyceps collaris
otu896	not_a_bird	not_a_bird	Platyceps_najadum	527052	Platyceps najadum
otu894	not_a_bird	not_a_bird	Platyceps_ventromaculatus	527047	Platyceps ventromaculatus
otu893	not_a_bird	not_a_bird	Spalerosophis_diadema	1053208	Spalerosophis diadema
otu874	not_a_bird	not_a_bird	Telescopus_fallax	913529	Telescopus fallax
otu857	not_a_bird	not_a_bird	Leptotyphlops_macrorhynchus	865623	Myriopholis macrorhyncha
otu858	not_a_bird	not_a_bird	Rhinotyphlops_episcopus	4120019	Letheobia episcopus
otu859	not_a_bird	not_a_bird	Typhlops_vermicularis	443568	Xerotyphlops vermicularis
otu742	not_a_bird	not_a_bird	Gallotia_stehlini	405614	Gallotia stehlini
otu743	not_a_bird	not_a_bird	Gallotia_atlantica	931411	Gallotia atlantica
otu747	not_a_bird	not_a_bird	Gallotia_galloti	405615	Gallotia galloti
otu748	not_a_bird	not_a_bird	Gallotia_caesaris	564417	Gallotia caesaris
otu746	not_a_bird	not_a_bird	Gallotia_intermedia	828417	Gallotia intermedia
otu744	not_a_bird	not_a_bird	Gallotia_simonyi	448576	Gallotia simonyi
otu745	not_a_bird	not_a_bird	Gallotia_bravoana	768061	Gallotia bravoana
otu750	not_a_bird	not_a_bird	Psammodromus_algirus	963735	Psammodromus algirus
otu749	not_a_bird	not_a_bird	Psammodromus_hispanicus	963744	Psammodromus hispanicus
otu754	not_a_bird	not_a_bird	Dalmatolacerta_oxycephala	551219	Dalmatolacerta oxycephala
otu755	not_a_bird	not_a_bird	Hellenolacerta_graeca	551229	Hellenolacerta graeca
otu802	not_a_bird	not_a_bird	Algyroides_fitzingeri	80028	Algyroides fitzingeri
otu803	not_a_bird	not_a_bird	Algyroides_marchi	738471	Algyroides marchi
otu805	not_a_bird	not_a_bird	Dinarolacerta_mosorensis	1079837	Dinarolacerta mosorensis
otu804	not_a_bird	not_a_bird	Dinarolacerta_montenegrina	243061	Dinarolacerta montenegrina
otu807	not_a_bird	not_a_bird	Algyroides_moreoticus	738472	Algyroides moreoticus
otu806	not_a_bird	not_a_bird	Algyroides_nigropunctatus	738461	Algyroides nigropunctatus
otu777	not_a_bird	not_a_bird	Iranolacerta_brandtii	562759	Iranolacerta brandtii
otu800	not_a_bird	not_a_bird	Darevskia_valentini	1020911	Darevskia valentini
otu799	not_a_bird	not_a_bird	Darevskia_rudis	920119	Darevskia rudis
otu798	not_a_bird	not_a_bird	Darevskia_portschinskii	1020905	Darevskia portschinskii
otu801	not_a_bird	not_a_bird	Darevskia_parvula	1071230	Darevskia parvula
otu792	not_a_bird	not_a_bird	Darevskia_caucasica	920117	Darevskia caucasica
otu793	not_a_bird	not_a_bird	Darevskia_daghestanica	1020908	Darevskia daghestanica
otu794	not_a_bird	not_a_bird	Darevskia_mixta	920121	Darevskia mixta
otu795	not_a_bird	not_a_bird	Darevskia_armeniaca	247864	Darevskia armeniaca
otu796	not_a_bird	not_a_bird	Darevskia_dahli	676168	Darevskia dahli
otu797	not_a_bird	not_a_bird	Darevskia_clarkorum	1071236	Darevskia clarkorum
otu791	not_a_bird	not_a_bird	Darevskia_derjugini	1071234	Darevskia derjugini
otu783	not_a_bird	not_a_bird	Darevskia_raddei	1071228	Darevskia raddei
otu784	not_a_bird	not_a_bird	Darevskia_sapphirina	42644	Darevskia sapphirina
otu785	not_a_bird	not_a_bird	Darevskia_bendimahiensis	42645	Darevskia bendimahiensis
otu788	not_a_bird	not_a_bird	Darevskia_nairensis	235052	Darevskia raddei nairensis
otu786	not_a_bird	not_a_bird	Darevskia_unisexualis	319131	Darevskia unisexualis
otu787	not_a_bird	not_a_bird	Darevskia_uzzelli	42643	Darevskia uzzelli
otu789	not_a_bird	not_a_bird	Darevskia_rostombekovi	471368	Darevskia rostombekowi
otu790	not_a_bird	not_a_bird	Darevskia_chlorogaster	1047888	Darevskia chlorogaster
otu782	not_a_bird	not_a_bird	Darevskia_praticola	1020913	Darevskia praticola
otu778	not_a_bird	not_a_bird	Darevskia_saxicola	1071240	Darevskia saxicola
otu781	not_a_bird	not_a_bird	Darevskia_alpina	495077	Darevskia alpina
otu780	not_a_bird	not_a_bird	Darevskia_lindholmi	1071232	Darevskia lindholmi
otu779	not_a_bird	not_a_bird	Darevskia_brauneri	558360	Darevskia brauneri
otu776	not_a_bird	not_a_bird	Parvilacerta_parva	333424	Parvilacerta parva
otu774	not_a_bird	not_a_bird	Anatololacerta_danfordi	551201	Anatololacerta danfordi
otu775	not_a_bird	not_a_bird	Anatololacerta_oertzeni	551217	Anatololacerta oertzeni
otu773	not_a_bird	not_a_bird	Anatololacerta_anatolica	551213	Anatololacerta anatolica
otu765	not_a_bird	not_a_bird	Iberolacerta_horvathi	331147	Iberolacerta horvathi
otu769	not_a_bird	not_a_bird	Iberolacerta_monticola	531466	Iberolacerta monticola
otu770	not_a_bird	not_a_bird	Iberolacerta_cyreni	531463	Iberolacerta cyreni
otu771	not_a_bird	not_a_bird	Iberolacerta_martinezricai	875902	Iberolacerta martinezricai
otu772	not_a_bird	not_a_bird	Iberolacerta_galani	684176	Iberolacerta galani
otu768	not_a_bird	not_a_bird	Iberolacerta_bonnali	10059	Iberolacerta bonnali
otu767	not_a_bird	not_a_bird	Iberolacerta_aranica	10058	Iberolacerta aranica
otu766	not_a_bird	not_a_bird	Iberolacerta_aurelioi	10061	Iberolacerta aurelioi
otu756	not_a_bird	not_a_bird	Timon_lepidus	430811	Timon lepidus
otu758	not_a_bird	not_a_bird	Lacerta_bilineata	516199	Lacerta bilineata
otu759	not_a_bird	not_a_bird	Lacerta_viridis	220527	Lacerta viridis
otu764	not_a_bird	not_a_bird	Lacerta_schreiberi	1014441	Lacerta schreiberi
otu763	not_a_bird	not_a_bird	Lacerta_media	235051	Lacerta media
otu762	not_a_bird	not_a_bird	Lacerta_trilineata	46633	Lacerta trilineata
otu761	not_a_bird	not_a_bird	Lacerta_pamphylica	516198	Lacerta pamphylica
otu760	not_a_bird	not_a_bird	Lacerta_agilis	862848	Lacerta agilis
otu757	not_a_bird	not_a_bird	Lacerta_strigata	758342	Lacerta strigata
otu810	not_a_bird	not_a_bird	Zootoca_vivipara	87626	Zootoca vivipara
otu809	not_a_bird	not_a_bird	Archaeolacerta_bedriagae	332834	Archaeolacerta bedriagae
otu831	not_a_bird	not_a_bird	Timon_princeps	430808	Timon princeps
otu830	not_a_bird	not_a_bird	Teira_dugesii	373392	Teira dugesii
otu827	not_a_bird	not_a_bird	Podarcis_tiliguerta	588053	Podarcis tiliguerta
otu829	not_a_bird	not_a_bird	Podarcis_raffonei	588059	Podarcis raffonei
otu828	not_a_bird	not_a_bird	Podarcis_wagleriana	588054	Podarcis waglerianus
otu813	not_a_bird	not_a_bird	Podarcis_muralis	744397	Podarcis muralis
otu814	not_a_bird	not_a_bird	Podarcis_vaucheri	165070	Podarcis vaucheri
otu815	not_a_bird	not_a_bird	Podarcis_hispanica	968467	Podarcis hispanicus
otu817	not_a_bird	not_a_bird	Podarcis_carbonelli	240643	Podarcis bocagei
otu816	not_a_bird	not_a_bird	Podarcis_bocagei	240643	Podarcis bocagei
otu818	not_a_bird	not_a_bird	Podarcis_atrata	359031	Podarcis atrata
otu819	not_a_bird	not_a_bird	Podarcis_lilfordi	24280	Podarcis lilfordi
otu820	not_a_bird	not_a_bird	Podarcis_pityusensis	24281	Podarcis pityusensis
otu823	not_a_bird	not_a_bird	Podarcis_melisellensis	588058	Podarcis melisellensis
otu824	not_a_bird	not_a_bird	Podarcis_taurica	738462	Podarcis tauricus
otu826	not_a_bird	not_a_bird	Podarcis_gaigeae	240639	Podarcis gaigeae
otu825	not_a_bird	not_a_bird	Podarcis_milensis	240633	Podarcis milensis
otu822	not_a_bird	not_a_bird	Podarcis_peloponnesiaca	240632	Podarcis peloponnesiacus
otu821	not_a_bird	not_a_bird	Podarcis_erhardii	239623	Podarcis erhardii
otu812	not_a_bird	not_a_bird	Podarcis_sicula	588048	Podarcis siculus
otu811	not_a_bird	not_a_bird	Podarcis_filfolensis	588057	Podarcis filfolensis
otu808	not_a_bird	not_a_bird	Apathya_cappadocica	93375	Apathya cappadocica
otu753	not_a_bird	not_a_bird	Phoenicolacerta_cyanisparsa	357139	Phoenicolacerta cyanisparsa
otu752	not_a_bird	not_a_bird	Phoenicolacerta_troodica	106046	Phoenicolacerta troodica
otu751	not_a_bird	not_a_bird	Phoenicolacerta_laevis	656204	Phoenicolacerta laevis
otu832	not_a_bird	not_a_bird	Ophisops_elegans	710246	Ophisops elegans
otu833	not_a_bird	not_a_bird	Acanthodactylus_erythrurus	418798	Acanthodactylus erythrurus
otu836	not_a_bird	not_a_bird	Acanthodactylus_grandis	4124628	Acanthodactylus grandis
otu835	not_a_bird	not_a_bird	Acanthodactylus_boskianus	995811	Acanthodactylus boskianus
otu834	not_a_bird	not_a_bird	Acanthodactylus_schreiberi	219896	Acanthodactylus schreiberi
otu837	not_a_bird	not_a_bird	Mesalina_brevirostris	415247	Mesalina brevirostris
otu840	not_a_bird	not_a_bird	Eremias_strauchi	38602	Eremias strauchi
otu841	not_a_bird	not_a_bird	Eremias_persica	260379	Eremias persica
otu842	not_a_bird	not_a_bird	Eremias_scripta	314034	Eremias scripta
otu843	not_a_bird	not_a_bird	Eremias_pleskei	638604	Eremias pleskei
otu839	not_a_bird	not_a_bird	Eremias_arguta	862851	Eremias arguta
otu838	not_a_bird	not_a_bird	Eremias_velox	1030348	Eremias velox
otu741	not_a_bird	not_a_bird	Blanus_strauchi	707063	Blanus strauchi
otu740	not_a_bird	not_a_bird	Blanus_cinereus	236037	Blanus cinereus
otu678	Cygnus olor	mutswa	Cygnus_olor	140314	Cygnus olor
otu1944	Cygnus columbianus	tunswa	Cygnus_columbianus	207360	Cygnus columbianus
otu680	Cygnus cygnus	whoswa	Cygnus_cygnus	817994	Cygnus cygnus
otu681	Branta bernicla	brant	Branta_bernicla	135287	Branta bernicla
otu682	Branta canadensis	cangoo	Branta_canadensis	714461	Branta canadensis
otu683	Branta leucopsis	bargoo	Branta_leucopsis	799124	Branta leucopsis
otu684	Anser brachyrhynchus	pifgoo	Anser_brachyrhynchus	970372	Anser brachyrhynchus
otu687	Anser fabalis	taibeg1	Anser_fabalis	325140	Anser fabalis
otu686	Anser erythropus	lwfgoo	Anser_erythropus	691333	Anser erythropus
otu685	Anser anser	gragoo	Anser_anser	190887	Anser anser
otu677	Oxyura leucocephala	whhduc1	Oxyura_leucocephala	579099	Oxyura leucocephala
otu676	Oxyura jamaicensis	rudduc	Oxyura_jamaicensis	88378	Oxyura jamaicensis
otu664	Bucephala clangula	comgol	Bucephala_clangula	166683	Bucephala clangula
otu665	Melanitta fusca	whwsco3	Melanitta_fusca	972541	Melanitta fusca
otu666	Melanitta nigra	blksco1	Melanitta_nigra	948668	Melanitta nigra
otu669	Mergellus albellus	smew	Mergellus_albellus	166692	Mergellus albellus
otu668	Mergus serrator	rebmer	Mergus_serrator	662625	Mergus serrator
otu667	Mergus merganser	commer	Mergus_merganser	88388	Mergus merganser
otu663	Histrionicus histrionicus	harduc	Histrionicus_histrionicus	679317	Histrionicus histrionicus
otu661	Somateria mollissima	comeid	Somateria_mollissima	785961	Somateria mollissima
otu662	Somateria spectabilis	kineid	Somateria_spectabilis	633262	Somateria spectabilis
otu1919	Mareca penelope	eurwig	Anas_penelope	765180	Mareca penelope
otu1920	Mareca strepera	gadwal	Anas_strepera	30856	Mareca strepera
otu659	Anas platyrhynchos	mallar3	Anas_platyrhynchos	765167	Anas platyrhynchos
otu658	Anas acuta	norpin	Anas_acuta	855474	Anas acuta
otu660	Anas crecca	gnwtea	Anas_crecca	656799	Anas crecca
otu657	Spatula querquedula	gargan	Anas_querquedula	604176	Anas querquedula
otu656	Spatula clypeata	norsho	Anas_clypeata	656794	Anas clypeata
otu653	Clangula hyemalis	lotduc	Clangula_hyemalis	316879	Clangula hyemalis
otu670	Marmaronetta angustirostris	martea1	Marmaronetta_angustirostris	552052	Marmaronetta angustirostris
otu675	Aythya ferina	compoc	Aythya_ferina	817989	Aythya ferina
otu673	Aythya marila	gresca	Aythya_marila	1044561	Aythya marila
otu674	Aythya fuligula	tufduc	Aythya_fuligula	817992	Aythya fuligula
otu672	Aythya nyroca	ferduc	Aythya_nyroca	789865	Aythya nyroca
otu671	Netta rufina	recpoc	Netta_rufina	693335	Netta rufina
otu652	Aix galericulata	manduc	Aix_galericulata	765197	Aix galericulata
otu651	Tadorna tadorna	comshe	Tadorna_tadorna	30847	Tadorna tadorna
otu650	Tadorna ferruginea	rudshe	Tadorna_ferruginea	282323	Tadorna ferruginea
otu649	Alopochen aegyptiaca	egygoo	Alopochen_aegyptiacus	693339	Alopochen aegyptiaca
otu688	Perdix perdix	grypar	Perdix_perdix	102712	Perdix perdix
otu695	Chrysolophus pictus	golphe	Chrysolophus_pictus	521325	Chrysolophus pictus
otu696	Phasianus colchicus	rinphe	Phasianus_colchicus	102719	Phasianus colchicus
otu697	Syrmaticus reevesii	reephe1	Syrmaticus_reevesii	572176	Syrmaticus reevesii
otu692	Tetrao mlokosiewiczi	caugro1	Tetrao_mlokosiewiczi	168727	Lyrurus mlokosiewiczi
otu693	Tetrao tetrix	blagro1	Tetrao_tetrix	725154	Lyrurus tetrix
otu691	Tetrao urogallus	wescap1	Tetrao_urogallus	484331	Tetrao urogallus
otu1955	Lagopus muta	rocpta1	Lagopus_muta	504006	Lagopus muta
otu689	Lagopus lagopus	wilpta	Lagopus_lagopus	444614	Lagopus lagopus
otu694	Tetrastes bonasia	hazgro1	Bonasa_bonasia	259105	Tetrastes bonasia
otu700	Tetraogallus caucasicus	causno1	Tetraogallus_caucasicus	3596071	Tetraogallus caucasicus
otu699	Tetraogallus caspius	cassno1	Tetraogallus_caspius	436875	Tetraogallus caspius
otu701	Coturnix coturnix	comqua1	Coturnix_coturnix	1098760	Coturnix coturnix
otu703	Alectoris chukar	chukar	Alectoris_chukar	51358	Alectoris chukar
otu704	Alectoris graeca	rocpar2	Alectoris_graeca	356743	Alectoris graeca
otu702	Alectoris rufa	relpar1	Alectoris_rufa	51360	Alectoris rufa
otu705	Alectoris barbara	barpar2	Alectoris_barbara	356747	Alectoris barbara
otu698	Francolinus francolinus	blkfra	Francolinus_francolinus	676796	Francolinus francolinus
otu706	Colinus virginianus	norbob	Colinus_virginianus	204709	Colinus virginianus
otu614	Gavia arctica	arcloo	Gavia_arctica	1085739	Gavia arctica
otu615	Gavia immer	comloo	Gavia_immer	1057518	Gavia immer
otu613	Gavia stellata	retloo	Gavia_stellata	1057044	Gavia stellata
otu609	Ciconia nigra	blasto1	Ciconia_nigra	549527	Ciconia nigra
otu608	Ciconia ciconia	whisto1	Ciconia_ciconia	363031	Ciconia ciconia
otu607	Phalacrocorax carbo	grecor	Phalacrocorax_carbo	969841	Phalacrocorax carbo
otu1871	Phalacrocorax aristotelis	eursha1	Phalacrocorax_aristotelis	1021952	Gulosus aristotelis
otu605	Morus bassanus	norgan	Morus_bassanus	675103	Morus bassanus
otu604	Pelecanus crispus	dalpel1	Pelecanus_crispus	427900	Pelecanus crispus
otu602	Plegadis falcinellus	gloibi	Plegadis_falcinellus	848593	Plegadis falcinellus
otu603	Platalea leucorodia	eurspo1	Platalea_leucorodia	317305	Platalea leucorodia
otu599	Egretta garzetta	litegr	Egretta_garzetta	273425	Egretta garzetta
otu598	Bubulcus ibis ibis	categr1	Bubulcus_ibis	729476	Bubulcus ibis
otu597	Ardea purpurea	purher1	Ardea_purpurea	273431	Ardea purpurea
otu596	Ardea cinerea	graher1	Ardea_cinerea	119222	Ardea cinerea
otu1860	Ardea alba	greegr	Egretta_alba	625779	Ardea alba
otu600	Ardeola ralloides	squher1	Ardeola_ralloides	947047	Ardeola ralloides
otu601	Nycticorax nycticorax	bcnher	Nycticorax_nycticorax	313126	Nycticorax nycticorax
otu594	Botaurus stellaris	grebit1	Botaurus_stellaris	273438	Botaurus stellaris
otu593	Ixobrychus minutus	litbit1	Ixobrychus_minutus	145222	Ixobrychus minutus
otu612	Hydrobates pelagicus	bripet	Hydrobates_pelagicus	656589	Hydrobates pelagicus
otu611	Oceanodroma leucorhoa	lcspet	Oceanodroma_leucorhoa	944658	Hydrobates leucorhous
otu610	Fulmarus glacialis	norful	Fulmarus_glacialis	1028832	Fulmarus glacialis
otu629	Tetrax tetrax	litbus1	Tetrax_tetrax	5027	Tetrax tetrax
otu630	Otis tarda	grebus1	Otis_tarda	458651	Otis tarda
otu628	Clamator glandarius	grscuc1	Clamator_glandarius	494374	Clamator glandarius
otu627	Cuculus saturatus	himcuc1	Cuculus_saturatus	549514	Cuculus saturatus
otu626	Cuculus canorus	comcuc	Cuculus_canorus	792628	Cuculus canorus
otu616	Grus grus	comcra	Grus_grus	589064	Grus grus
otu617	Anthropoides virgo	demcra1	Anthropoides_virgo	414347	Anthropoides virgo
otu622	Gallinula chloropus	commoo3	Gallinula_chloropus	1041541	Gallinula chloropus
otu621	Fulica atra	eurcoo	Fulica_atra	1041538	Fulica atra
otu619	Zapornia parva	litcra1	Porzana_parva	3599944	Porzana parva
otu618	Zapornia pusilla pusilla	baicra3	Porzana_pusilla	32330	Porzana pusilla
otu620	Porzana porzana	spocra1	Porzana_porzana	795161	Porzana porzana
otu625	Porphyrio porphyrio	purswa1	Porphyrio_porphyrio	148209	Porphyrio porphyrio
otu624	Rallus aquaticus	watrai1	Rallus_aquaticus	32323	Rallus aquaticus
otu623	Crex crex	corcra	Crex_crex	897460	Crex crex
otu526	Cepphus grylle	blkgui	Cepphus_grylle	280901	Cepphus grylle
otu525	Alle alle	doveki	Alle_alle	280899	Alle alle
otu524	Alca torda	razorb	Alca_torda	855485	Alca torda
otu523	Uria lomvia	thbmur	Uria_lomvia	551817	Uria lomvia
otu522	Uria aalge	commur	Uria_aalge	820016	Uria aalge
otu527	Fratercula arctica	atlpuf	Fratercula_arctica	864865	Fratercula arctica
otu528	Rissa tridactyla pollicaris	bklkit2	Rissa_tridactyla	585161	Rissa tridactyla
otu532	Ichthyaetus ichthyaetus	gbhgul2	Larus_ichthyaetus	993037	Ichthyaetus ichthyaetus
otu533	Ichthyaetus audouinii	audgul1	Larus_audouinii	802818	Ichthyaetus audouinii
otu534	Ichthyaetus melanocephalus	medgul1	Larus_melanocephalus	414141	Ichthyaetus melanocephalus
otu540	Larus canus	mewgul	Larus_canus	855472	Larus canus
otu1804	Larus fuscus	lbbgul	Larus_fuscus	887701	Larus fuscus
otu1803	Larus cachinnans	casgul2	Larus_cachinnans	1092580	Larus cachinnans
otu537	Larus hyperboreus	glagul	Larus_hyperboreus	515357	Larus hyperboreus
otu536	Larus argentatus	hergul	Larus_argentatus	791957	Larus argentatus
otu535	Larus marinus	gbbgul	Larus_marinus	887691	Larus marinus
otu531	Chroicocephalus genei	slbgul1	Larus_genei	993045	Chroicocephalus genei
otu530	Chroicocephalus ridibundus	bkhgul	Larus_ridibundus	938670	Chroicocephalus ridibundus
otu529	Hydrocoloeus minutus	litgul	Larus_minutus	80679	Hydrocoloeus minutus
otu541	Pagophila eburnea	ivogul	Pagophila_eburnea	154126	Pagophila eburnea
otu542	Gelochelidon nilotica macrotarsa	gubter3	Gelochelidon_nilotica	1021956	Gelochelidon nilotica
otu547	Hydroprogne caspia	caster1	Sterna_caspia	651058	Hydroprogne caspia
otu546	Sternula albifrons	litter1	Sterna_albifrons	293653	Sternula albifrons
otu551	Thalasseus sandvicensis	santer1	Sterna_sandvicensis	154128	Thalasseus sandvicensis
otu550	Sterna paradisaea	arcter	Sterna_paradisaea	809006	Sterna paradisaea
otu548	Sterna dougallii	roster	Sterna_dougallii	285543	Sterna dougallii
otu549	Sterna hirundo	comter	Sterna_hirundo	1057459	Sterna hirundo
otu544	Chlidonias niger	blkter	Chlidonias_niger	234666	Chlidonias niger
otu545	Chlidonias leucopterus	whwter	Chlidonias_leucopterus	915891	Chlidonias leucopterus
otu1808	Chlidonias hybrida	whiter2	Chlidonias_hybrida	915886	Chlidonias hybridus
otu521	Stercorarius skua	gresku1	Stercorarius_skua	742633	Stercorarius skua
otu520	Stercorarius pomarinus	pomjae	Stercorarius_pomarinus	219032	Stercorarius pomarinus
otu519	Stercorarius parasiticus	parjae	Stercorarius_parasiticus	742640	Stercorarius parasiticus
otu518	Stercorarius longicaudus	lotjae	Stercorarius_longicaudus	742641	Stercorarius longicaudus
otu552	Glareola nordmanni	blwpra1	Glareola_nordmanni	271792	Glareola nordmanni
otu553	Glareola pratincola	colpra	Glareola_pratincola	980449	Glareola pratincola
otu572	Arenaria interpres	rudtur	Arenaria_interpres	821753	Arenaria interpres
otu571	Calidris falcinellus	brbsan	Limicola_falcinellus	651066	Limicola falcinellus
otu567	Calidris temminckii	temsti	Calidris_temminckii	149072	Calidris temminckii
otu568	Calidris maritima	pursan	Calidris_maritima	855479	Calidris maritima
otu569	Calidris minuta	litsti	Calidris_minuta	271793	Calidris minuta
otu570	Calidris alpina	dunlin	Calidris_alpina	887705	Calidris alpina
otu566	Calidris pugnax	ruff	Philomachus_pugnax	1090732	Calidris pugnax
otu562	Tringa nebularia	comgre	Tringa_nebularia	917055	Tringa nebularia
otu561	Tringa erythropus	spored	Tringa_erythropus	596861	Tringa erythropus
otu564	Tringa glareola	woosan	Tringa_glareola	341975	Tringa glareola
otu565	Tringa totanus	comred1	Tringa_totanus	917056	Tringa totanus
otu563	Tringa stagnatilis	marsan	Tringa_stagnatilis	1030678	Tringa stagnatilis
otu560	Tringa ochropus	grnsan	Tringa_ochropus	165976	Tringa ochropus
otu559	Actitis hypoleucos	comsan	Actitis_hypoleucos	792983	Actitis hypoleucos
otu556	Xenus cinereus	tersan	Xenus_cinereus	917049	Xenus cinereus
otu1822	Phalaropus fulicarius	redpha1	Phalaropus_fulicarius	809003	Phalaropus fulicaria
otu558	Phalaropus lobatus	renpha	Phalaropus_lobatus	57821	Phalaropus lobatus
otu576	Gallinago media	gresni1	Gallinago_media	848007	Gallinago media
otu575	Gallinago stenura	pitsni	Gallinago_stenura	45306	Gallinago stenura
otu574	Gallinago gallinago	comsni	Gallinago_gallinago	615378	Gallinago gallinago
otu573	Scolopax rusticola	eurwoo	Scolopax_rusticola	1010551	Scolopax rusticola
otu577	Lymnocryptes minimus	jacsni	Lymnocryptes_minimus	615387	Lymnocryptes minimus
otu578	Limosa lapponica	batgod	Limosa_lapponica	304018	Limosa lapponica
otu579	Limosa limosa	bktgod	Limosa_limosa	719086	Limosa limosa
otu555	Numenius phaeopus	whimbr	Numenius_phaeopus	1080871	Numenius phaeopus
otu554	Numenius arquata	eurcur	Numenius_arquata	971518	Numenius arquata
otu585	Pluvialis squatarola	bkbplo	Pluvialis_squatarola	917054	Pluvialis squatarola
otu584	Pluvialis apricaria	eugplo	Pluvialis_apricaria	795155	Pluvialis apricaria
otu1853	Charadrius morinellus	eurdot	Eudromias_morinellus	238463	Charadrius morinellus
otu589	Charadrius dubius	lirplo	Charadrius_dubius	274628	Charadrius dubius
otu590	Charadrius asiaticus	casplo1	Charadrius_asiaticus	3597000	Charadrius asiaticus
otu591	Charadrius alexandrinus	kenplo1	Charadrius_alexandrinus	112947	Charadrius alexandrinus
otu592	Charadrius hiaticula	corplo	Charadrius_hiaticula	425445	Charadrius hiaticula
otu587	Vanellus vanellus	norlap	Vanellus_vanellus	413796	Vanellus vanellus
otu586	Vanellus gregarius	soclap1	Vanellus_gregarius	3596988	Vanellus gregarius
otu581	Himantopus himantopus	bkwsti	Himantopus_himantopus	364171	Himantopus himantopus
otu582	Haematopus ostralegus	euroys1	Haematopus_ostralegus	225423	Haematopus ostralegus
otu583	Recurvirostra avosetta	pieavo1	Recurvirostra_avosetta	917051	Recurvirostra avosetta
otu580	Burhinus oedicnemus	eutkne1	Burhinus_oedicnemus	261314	Burhinus oedicnemus
otu328	Tyto alba	brnowl	Tyto_alba	1065606	Tyto alba
otu321	Strix nebulosa	grgowl	Strix_nebulosa	395196	Strix nebulosa
otu322	Strix uralensis	uraowl1	Strix_uralensis	427903	Strix uralensis
otu323	Strix aluco	tawowl1	Strix_aluco	116522	Strix aluco
otu320	Bubo bubo	eueowl1	Bubo_bubo	402453	Bubo bubo
otu1584	Bubo scandiacus	snoowl1	Bubo_scandiaca	514178	Bubo scandiacus
otu318	Asio otus	loeowl	Asio_otus	1060752	Asio otus
otu317	Asio flammeus	sheowl	Asio_flammeus	509846	Asio flammeus
otu316	Otus scops	eursco1	Otus_scops	921080	Otus scops
otu326	Athene noctua	litowl1	Athene_noctua	427150	Athene noctua
otu327	Aegolius funereus	borowl	Aegolius_funereus	735586	Aegolius funereus
otu325	Glaucidium passerinum	eupowl1	Glaucidium_passerinum	1072145	Glaucidium passerinum
otu324	Surnia ulula	nohowl	Surnia_ulula	440408	Surnia ulula
otu315	Merops apiaster	eubeat1	Merops_apiaster	755107	Merops apiaster
otu314	Coracias garrulus	eurrol1	Coracias_garrulus	372551	Coracias garrulus
otu313	Alcedo atthis	comkin1	Alcedo_atthis	549519	Alcedo atthis
otu302	Jynx torquilla	eurwry	Jynx_torquilla	467846	Jynx torquilla
otu304	Picoides tridactylus	ettwoo1	Picoides_tridactylus	178448	Picoides tridactylus
otu1568	Dendrocopos leucotos	whbwoo1	Dendrocopos_leucotos	309879	Dendrocopos leucotos
otu1570	Dendrocopos syriacus	syrwoo1	Dendrocopos_syriacus	792919	Dendrocopos syriacus
otu307	Dendrocoptes medius	miswoo1	Dendrocopos_medius	499959	Dendrocopos medius
otu308	Dryobates minor	leswoo1	Dendrocopos_minor	701710	Dendrocopos minor
otu306	Dendrocopos major	grswoo	Dendrocopos_major	348848	Dendrocopos major
otu311	Picus viridis	eugwoo2	Picus_viridis	1010553	Picus viridis
otu310	Picus canus	gyfwoo1	Picus_canus	226445	Picus canus
otu309	Dryocopus martius	blawoo1	Dryocopus_martius	459335	Dryocopus martius
otu312	Upupa epops	hoopoe	Upupa_epops	412129	Upupa epops
otu301	Pandion haliaetus	osprey	Pandion_haliaetus	509837	Pandion haliaetus
otu296	Gyps fulvus	eurgri1	Gyps_fulvus	549517	Gyps fulvus
otu295	Aegypius monachus	cinvul1	Aegypius_monachus	786449	Aegypius monachus
otu294	Circaetus gallicus	shteag1	Circaetus_gallicus	581835	Circaetus gallicus
otu277	Hieraaetus pennatus	booeag1	Hieraaetus_pennatus	541562	Hieraaetus pennatus
otu1541	Aquila fasciata	boneag2	Aquila_fasciatus	283160	Hieraaetus fasciatus
otu280	Clanga pomarina	leseag1	Aquila_pomarina	588041	Aquila pomarina
otu279	Clanga clanga	grseag1	Aquila_clanga	325816	Aquila clanga
otu278	Aquila chrysaetos	goleag	Aquila_chrysaetos	263127	Aquila chrysaetos
otu281	Haliaeetus albicilla	whteag	Haliaeetus_albicilla	263118	Haliaeetus albicilla
otu282	Milvus migrans	blakit1	Milvus_migrans	548448	Milvus migrans
otu283	Milvus milvus	redkit1	Milvus_milvus	38956	Milvus milvus
otu285	Buteo rufinus	lolbuz1	Buteo_rufinus	545325	Buteo rufinus
otu286	Buteo buteo	combuz1	Buteo_buteo	119214	Buteo buteo
otu284	Buteo lagopus	rolhaw	Buteo_lagopus	188484	Buteo lagopus
otu293	Circus pygargus	monhar1	Circus_pygargus	766811	Circus pygargus
otu292	Circus macrourus	palhar1	Circus_macrourus	766813	Circus macrourus
otu291	Circus cyaneus	norhar1	Circus_cyaneus	581831	Circus cyaneus
otu290	Circus aeruginosus	wemhar1	Circus_aeruginosus	263139	Circus aeruginosus
otu289	Accipiter gentilis	norgos	Accipiter_gentilis	786433	Accipiter gentilis
otu288	Accipiter nisus	eurspa1	Accipiter_nisus	238460	Accipiter nisus
otu287	Accipiter brevipes	levspa1	Accipiter_brevipes	767922	Accipiter brevipes
otu298	Neophron percnopterus	egyvul1	Neophron_percnopterus	891414	Neophron percnopterus
otu299	Gypaetus barbatus	lammer1	Gypaetus_barbatus	317001	Gypaetus barbatus
otu297	Pernis apivorus	euhbuz1	Pernis_apivorus	1035863	Pernis apivorus
otu300	Elanus caeruleus	bkskit1	Elanus_caeruleus	192480	Elanus caeruleus
otu513	Falco peregrinus	perfal	Falco_peregrinus	786435	Falco peregrinus
otu516	Falco cherrug	sakfal1	Falco_cherrug	1001807	Falco cherrug
otu515	Falco biarmicus	lanfal1	Falco_biarmicus	48174	Falco biarmicus
otu514	Falco rusticolus	gyrfal	Falco_rusticolus	759238	Falco rusticolus
otu517	Falco columbarius	merlin	Falco_columbarius	786443	Falco columbarius
otu512	Falco tinnunculus	eurkes	Falco_tinnunculus	534514	Falco tinnunculus
otu511	Falco naumanni	leskes1	Falco_naumanni	624976	Falco naumanni
otu510	Falco vespertinus	reffal1	Falco_vespertinus	964523	Falco vespertinus
otu509	Falco eleonorae	elefal1	Falco_eleonorae	352519	Falco eleonorae
otu508	Falco subbuteo	eurhob	Falco_subbuteo	137527	Falco subbuteo
otu329	Oriolus oriolus	eugori2	Oriolus_oriolus	299687	Oriolus oriolus
otu344	Pyrrhocorax graculus	yebcho1	Pyrrhocorax_graculus	140440	Pyrrhocorax graculus
otu345	Pyrrhocorax pyrrhocorax	rebcho1	Pyrrhocorax_pyrrhocorax	662798	Pyrrhocorax pyrrhocorax
otu343	Garrulus glandarius	eurjay1	Garrulus_glandarius	140432	Garrulus glandarius
otu338	Nucifraga caryocatactes	eurnut1	Nucifraga_caryocatactes	140439	Nucifraga caryocatactes
otu339	Corvus monedula	eurjac	Corvus_monedula	711848	Corvus monedula
otu340	Corvus corone	carcro1	Corvus_corone	711844	Corvus corone
otu341	Corvus corax	comrav	Corvus_corax	140425	Corvus corax
otu342	Corvus frugilegus	rook1	Corvus_frugilegus	219955	Corvus frugilegus
otu337	Pica pica	eurmag1	Pica_pica	776471	Pica pica
otu336	Perisoreus infaustus	sibjay1	Perisoreus_infaustus	140438	Perisoreus infaustus
otu1600	Cyanopica cyanus	azwmag2	Cyanopica_cyanus	636378	Cyanopica cyanus
otu334	Lanius excubitor	norshr1	Lanius_excubitor	146937	Lanius excubitor
otu333	Lanius nubicus	masshr1	Lanius_nubicus	879200	Lanius nubicus
otu330	Lanius collurio	rebshr1	Lanius_collurio	489155	Lanius collurio
otu331	Lanius minor	legshr2	Lanius_minor	143572	Lanius minor
otu332	Lanius senator	wooshr1	Lanius_senator	326782	Lanius senator
otu394	Cyanistes caeruleus	blutit	Parus_caeruleus	746120	Cyanistes caeruleus
otu395	Cyanistes cyanus	azutit2	Parus_cyanus	222479	Cyanistes cyanus
otu398	Poecile montanus	wiltit1	Parus_montanus	17269	Poecile montanus
otu399	Poecile cinctus	gyhchi	Parus_cinctus	951128	Poecile cinctus
otu397	Poecile lugubris	somtit3	Parus_lugubris	171829	Poecile lugubris
otu396	Poecile palustris	martit2	Parus_palustris	17260	Poecile palustris
otu393	Periparus ater	coatit2	Parus_ater	746130	Periparus ater
otu392	Parus major	gretit1	Parus_major	515143	Parus major
otu391	Lophophanes cristatus	cretit2	Parus_cristatus	73152	Lophophanes cristatus
otu390	Remiz pendulinus	euptit1	Remiz_pendulinus	746137	Remiz pendulinus
otu416	Phylloscopus trochiloides	grewar3	Phylloscopus_trochiloides	726314	Phylloscopus trochiloides
otu415	Phylloscopus inornatus	yebwar3	Phylloscopus_inornatus	930297	Abrornis inornata
otu414	Phylloscopus borealis	arcwar1	Phylloscopus_borealis	256518	Seicercus borealis
otu412	Phylloscopus collybita	comchi1	Phylloscopus_collybita	726307	Phylloscopus collybita
otu413	Phylloscopus trochilus	wlwwar	Phylloscopus_trochilus	96282	Phylloscopus trochilus
otu410	Phylloscopus bonelli	webwar1	Phylloscopus_bonelli	151803	Phylloscopus bonelli
otu411	Phylloscopus sibilatrix	woowar	Phylloscopus_sibilatrix	726302	Phylloscopus sibilatrix
otu417	Aegithalos caudatus	lottit1	Aegithalos_caudatus	467867	Aegithalos caudatus
otu418	Cettia cetti	cetwar1	Cettia_cetti	1010418	Cettia cetti
otu429	Sylvia atricapilla	blackc1	Sylvia_atricapilla	726312	Sylvia atricapilla
otu430	Sylvia borin	garwar1	Sylvia_borin	261410	Sylvia borin
otu434	Sylvia undata	darwar1	Sylvia_undata	486275	Sylvia undata
otu433	Sylvia sarda	marwar1	Sylvia_sarda	435633	Sylvia sarda
otu435	Sylvia melanocephala	sarwar1	Sylvia_melanocephala	1093905	Curruca melanocephala
otu436	Sylvia cantillans	subwar1	Sylvia_cantillans	185242	Sylvia cantillans
otu431	Sylvia conspicillata	spewar2	Sylvia_conspicillata	961447	Curruca conspicillata
otu432	Sylvia ruppeli	ruewar1	Sylvia_rueppelli	671213	Sylvia rueppelli
otu437	Sylvia communis	grewhi1	Sylvia_communis	862895	Sylvia communis
otu438	Sylvia curruca	leswhi4	Sylvia_curruca	463174	Sylvia curruca
otu439	Sylvia hortensis	weowar2	Sylvia_hortensis	961451	Sylvia hortensis
otu440	Sylvia nisoria	barwar1	Sylvia_nisoria	961457	Sylvia nisoria
otu428	Cisticola juncidis	zitcis1	Cisticola_juncidis	24056	Cisticola juncidis
otu419	Riparia riparia	banswa	Riparia_riparia	922718	Riparia riparia
otu1687	Ptyonoprogne rupestris	eurcrm1	Hirundo_rupestris	641120	Ptyonoprogne rupestris
otu1688	Delichon urbicum	cohmar1	Delichon_urbicum	36109	Delichon urbicum
otu421	Hirundo rustica	barswa	Hirundo_rustica	1040135	Hirundo rustica
otu420	Cecropis daurica	rerswa1	Hirundo_daurica	641125	Cecropis daurica
otu427	Locustella lanceolata	lanwar	Locustella_lanceolata	480675	Locustella lanceolata
otu426	Locustella naevia	cogwar1	Locustella_naevia	480673	Locustella naevia
otu425	Locustella luscinioides	savwar1	Locustella_luscinioides	419848	Locustella luscinioides
otu424	Locustella fluviatilis	eurwar2	Locustella_fluviatilis	433841	Locustella fluviatilis
otu442	Acrocephalus melanopogon	mouwar1	Acrocephalus_melanopogon	383150	Acrocephalus melanopogon
otu443	Acrocephalus paludicola	aquwar1	Acrocephalus_paludicola	383152	Acrocephalus paludicola
otu441	Acrocephalus schoenobaenus	sedwar1	Acrocephalus_schoenobaenus	1071378	Acrocephalus schoenobaenus
otu448	Acrocephalus arundinaceus	grrwar1	Acrocephalus_arundinaceus	800677	Acrocephalus arundinaceus
otu447	Acrocephalus agricola	padwar1	Acrocephalus_agricola	383143	Acrocephalus agricola
otu446	Acrocephalus dumetorum	blrwar1	Acrocephalus_dumetorum	383146	Acrocephalus dumetorum
otu444	Acrocephalus scirpaceus	eurwar1	Acrocephalus_scirpaceus	726310	Acrocephalus scirpaceus
otu445	Acrocephalus palustris	marwar3	Acrocephalus_palustris	383147	Acrocephalus palustris
otu1717	Iduna caligata	boowar1	Hippolais_caligata	433847	Iduna caligata
otu453	Iduna pallida	eaowar1	Hippolais_pallida	433845	Iduna pallida
otu451	Hippolais polyglotta	melwar1	Hippolais_polyglotta	433853	Hippolais polyglotta
otu450	Hippolais icterina	ictwar1	Hippolais_icterina	433851	Hippolais icterina
otu449	Hippolais olivetorum	oltwar1	Hippolais_olivetorum	433850	Hippolais olivetorum
otu400	Panurus biarmicus	bearee1	Panurus_biarmicus	3599884	Panurus biarmicus
otu401	Melanocorypha calandra	callar1	Melanocorypha_calandra	110605	Melanocorypha calandra
otu403	Galerida cristata	crelar2	Galerida_cristata	207745	Galerida cristata
otu404	Galerida theklae	thelar1	Galerida_theklae	1089983	Galerida theklae
otu405	Alauda arvensis	skylar	Alauda_arvensis	312548	Alauda arvensis
otu402	Lullula arborea	woolar1	Lullula_arborea	781902	Lullula arborea
otu406	Eremophila alpestris	horlar	Eremophila_alpestris	998122	Eremophila alpestris
otu409	Chersophilus duponti	duplar1	Chersophilus_duponti	876889	Chersophilus duponti
otu408	Alaudala rufescens	lstlar3	Calandrella_rufescens	781908	Calandrella rufescens
otu407	Calandrella brachydactyla	gstlar1	Calandrella_brachydactyla	947049	Calandrella brachydactyla
otu454	Montifringilla nivalis	whwsno1	Montifringilla_nivalis	567983	Montifringilla nivalis
otu455	Petronia petronia	rocpet1	Petronia_petronia	407760	Petronia petronia
otu456	Passer montanus	eutspa	Passer_montanus	44870	Passer montanus
otu457	Passer domesticus	houspa	Passer_domesticus	745175	Passer domesticus
otu458	Passer hispaniolensis	spaspa1	Passer_hispaniolensis	9416	Passer hispaniolensis
otu474	Fringilla montifringilla	brambl	Fringilla_montifringilla	28332	Fringilla montifringilla
otu473	Fringilla coelebs	comcha	Fringilla_coelebs	828694	Fringilla coelebs
otu491	Coccothraustes coccothraustes	hawfin	Coccothraustes_coccothraustes	1083711	Coccothraustes coccothraustes
otu490	Pyrrhula pyrrhula	eurbul	Pyrrhula_pyrrhula	1083726	Pyrrhula pyrrhula
otu489	Pinicola enucleator	pingro	Pinicola_enucleator	341471	Pinicola enucleator
otu475	Carpodacus erythrinus	comros	Carpodacus_erythrinus	815418	Carpodacus erythrinus
otu1741	Chloris chloris	eurgre1	Carduelis_chloris	1083715	Chloris chloris
otu482	Serinus serinus	eurser1	Serinus_serinus	1083724	Serinus serinus
otu481	no_match	no_match	Serinus_citrinella	328907	Serinus citrinella
otu487	Linaria cannabina	eurlin1	Carduelis_cannabina	637969	Linaria cannabina
otu488	Linaria flavirostris	twite1	Carduelis_flavirostris	6379	Linaria flavirostris
otu486	Spinus spinus	eursis	Carduelis_spinus	167338	Spinus spinus
otu484	Acanthis flammea	comred	Carduelis_flammea	38566	Acanthis flammea
otu485	Acanthis hornemanni	hoared	Carduelis_hornemanni	6367	Acanthis hornemanni
otu483	Carduelis carduelis	eurgol	Carduelis_carduelis	1083719	Carduelis carduelis
otu480	Loxia leucoptera	whwcro	Loxia_leucoptera	1060528	Loxia leucoptera
otu479	Loxia scotica	scocro1	Loxia_scotica	682433	Loxia scotica
otu478	Loxia pytyopsittacus	parcro2	Loxia_pytyopsittacus	438238	Loxia pytyopsittacus
otu477	Loxia curvirostra	redcro	Loxia_curvirostra	298778	Loxia curvirostra
otu460	Calcarius lapponicus	laplon	Calcarius_lapponicus	420995	Calcarius lapponicus
otu459	Plectrophenax nivalis	snobun	Plectrophenax_nivalis	453764	Plectrophenax nivalis
otu472	not_a_bird	not_a_bird	Miliaria_calandra	None	None
otu464	Emberiza caesia	crebun2	Emberiza_caesia	679086	Emberiza caesia
otu465	Emberiza hortulana	ortbun1	Emberiza_hortulana	145223	Emberiza hortulana
otu463	Emberiza cia	rocbun1	Emberiza_cia	846944	Emberiza cia
otu462	Emberiza citrinella	yellow2	Emberiza_citrinella	828708	Emberiza citrinella
otu461	Emberiza cirlus	cirbun1	Emberiza_cirlus	845178	Emberiza cirlus
otu466	Emberiza melanocephala	blhbun1	Emberiza_melanocephala	178468	Emberiza melanocephala
otu467	Emberiza rustica	rusbun	Emberiza_rustica	7068450	Emberiza rustica
otu468	Emberiza aureola	yebbun	Emberiza_aureola	45309	Schoeniclus aureolus
otu469	Emberiza pusilla	litbun	Emberiza_pusilla	340338	Emberiza pusilla
otu471	Emberiza schoeniclus	reebun	Emberiza_schoeniclus	711856	Emberiza schoeniclus
otu470	Emberiza pallasi	palbun	Emberiza_pallasi	1018614	Emberiza pallasi
otu501	Motacilla alba	whiwag	Motacilla_alba	695336	Motacilla alba
otu500	Motacilla flava	eaywag1	Motacilla_flava	645461	Motacilla flava
otu499	Motacilla citreola	citwag	Motacilla_citreola	842438	Motacilla citreola
otu498	Motacilla cinerea	grywag	Motacilla_cinerea	489154	Motacilla cinerea
otu492	Anthus campestris	tawpip1	Anthus_campestris	695343	Anthus campestris
otu494	Anthus trivialis	trepip	Anthus_trivialis	695340	Anthus trivialis
otu493	Anthus hodgsoni	olbpip	Anthus_hodgsoni	28330	Anthus hodgsoni
otu497	Anthus spinoletta	watpip1	Anthus_spinoletta	695342	Anthus spinoletta
otu496	Anthus pratensis	meapip1	Anthus_pratensis	870543	Anthus pratensis
otu495	Anthus cervinus	retpip	Anthus_cervinus	695341	Anthus cervinus
otu506	Estrilda astrild	comwax	Estrilda_astrild	901156	Estrilda astrild
otu502	Prunella atrogularis	bltacc1	Prunella_atrogularis	626446	Prunella atrogularis
otu503	Prunella collaris	alpacc1	Prunella_collaris	699625	Prunella collaris
otu504	Prunella montanella	sibacc	Prunella_montanella	95302	Prunella montanella
otu505	Prunella modularis	dunnoc1	Prunella_modularis	875990	Prunella modularis
otu381	Regulus ignicapilla	firecr1	Regulus_ignicapillus	3599741	Regulus ignicapilla
otu382	Regulus regulus	goldcr1	Regulus_regulus	3599889	Regulus regulus
otu383	Bombycilla garrulus	bohwax	Bombycilla_garrulus	613881	Bombycilla garrulus
otu384	Sitta europaea	eurnut2	Sitta_europaea	82242	Sitta europaea
otu385	Sitta neumayer	rocnut1	Sitta_neumayer	1076198	Sitta neumayer
otu386	Troglodytes troglodytes	winwre4	Troglodytes_troglodytes	259813	Troglodytes troglodytes
otu389	Tichodroma muraria	wallcr1	Tichodroma_muraria	452744	Tichodroma muraria
otu387	Certhia brachydactyla	shttre1	Certhia_brachydactyla	1007172	Certhia brachydactyla
otu388	Certhia familiaris	eurtre1	Certhia_familiaris	1007196	Certhia familiaris
otu380	Sturnus vulgaris	eursta	Sturnus_vulgaris	565813	Sturnus vulgaris
otu379	Sturnus unicolor	sposta1	Sturnus_unicolor	366470	Sturnus unicolor
otu378	Pastor roseus	rossta2	Sturnus_roseus	844091	Sturnus roseus
otu371	Turdus viscivorus	misthr1	Turdus_viscivorus	1002259	Turdus viscivorus
otu377	Turdus philomelos	sonthr1	Turdus_philomelos	1082345	Turdus philomelos
otu372	Turdus merula	eurbla	Turdus_merula	568572	Turdus merula
otu373	Turdus pilaris	fieldf	Turdus_pilaris	1050514	Turdus pilaris
otu375	Turdus torquatus	rinouz1	Turdus_torquatus	754977	Turdus torquatus
otu374	Turdus ruficollis	retthr1	Turdus_ruficollis	906450	Turdus ruficollis
otu376	Turdus iliacus	redwin	Turdus_iliacus	906449	Turdus iliacus
otu1635	Zoothera dauma	scathr8	Zoothera_dauma	653917	Zoothera dauma
otu369	Cinclus cinclus	whtdip1	Cinclus_cinclus	496009	Cinclus cinclus
otu346	Muscicapa striata	spofly1	Muscicapa_striata	116518	Muscicapa striata
otu348	Tarsiger cyanurus	refblu	Tarsiger_cyanurus	131992	Luscinia cyanura
otu352	Ficedula parva	rebfly	Ficedula_parva	416087	Ficedula parva
otu351	Ficedula hypoleuca	eupfly1	Ficedula_hypoleuca	22300	Ficedula hypoleuca
otu350	Ficedula albicollis	colfly1	Ficedula_albicollis	107840	Ficedula albicollis
otu349	Ficedula semitorquata	semfly1	Ficedula_semitorquata	629342	Ficedula semitorquata
otu355	Luscinia luscinia	thrnig1	Luscinia_luscinia	113980	Luscinia luscinia
otu356	Luscinia megarhynchos	comnig1	Luscinia_megarhynchos	961118	Luscinia megarhynchos
otu354	Luscinia svecica	blueth	Luscinia_svecica	274225	Luscinia svecica
otu353	Calliope calliope	sibrub	Luscinia_calliope	94170	Calliope calliope
otu357	Phoenicurus ochruros	blared1	Phoenicurus_ochruros	33133	Phoenicurus ochruros
otu358	Phoenicurus phoenicurus	comred2	Phoenicurus_phoenicurus	1093902	Phoenicurus phoenicurus
otu359	Monticola saxatilis	rtrthr1	Monticola_saxatilis	957844	Monticola saxatilis
otu360	Monticola solitarius	burthr	Monticola_solitarius	653933	Monticola solitarius
otu361	Oenanthe hispanica	blewhe1	Oenanthe_hispanica	554159	Oenanthe hispanica
otu362	Oenanthe pleschanka	piewhe1	Oenanthe_pleschanka	936541	Oenanthe pleschanka
otu364	Oenanthe isabellina	isawhe1	Oenanthe_isabellina	33124	Oenanthe isabellina
otu365	Oenanthe oenanthe	norwhe	Oenanthe_oenanthe	1092950	Oenanthe oenanthe
otu363	Oenanthe leucura	blawhe1	Oenanthe_leucura	410713	Oenanthe leucura
otu366	Saxicola rubetra	whinch1	Saxicola_rubetra	170383	Saxicola rubetra
otu367	Saxicola torquatus	afrsto1	Saxicola_torquata	825641	Saxicola torquata
otu347	Erithacus rubecula	eurrob1	Erithacus_rubecula	507122	Erithacus rubecula
otu1633	Cercotrichas galactotes	rutscr1	Erythropygia_galactotes	727908	Cercotrichas galactotes
otu507	Psittacula krameri	rorpar	Psittacula_krameri	1020124	Psittacula krameri
otu636	Columba palumbus	cowpig1	Columba_palumbus	938408	Columba palumbus
otu637	Columba livia	rocpig	Columba_livia	938416	Columba livia
otu638	Columba oenas	stodov1	Columba_oenas	921832	Columba oenas
otu639	Streptopelia decaocto	eucdov	Streptopelia_decaocto	277818	Streptopelia decaocto
otu640	Streptopelia turtur	eutdov	Streptopelia_turtur	801237	Streptopelia turtur
otu641	Pterocles alchata	pitsan1	Pterocles_alchata	3596807	Pterocles alchata
otu642	Pterocles orientalis	blbsan1	Pterocles_orientalis	789254	Pterocles orientalis
otu631	Podiceps nigricollis	eargre	Podiceps_nigricollis	651477	Podiceps nigricollis
otu634	Podiceps grisegena	rengre	Podiceps_grisegena	740071	Podiceps grisegena
otu633	Podiceps cristatus	grcgre1	Podiceps_cristatus	92263	Podiceps cristatus
otu632	Podiceps auritus	horgre	Podiceps_auritus	726164	Podiceps auritus
otu635	Tachybaptus ruficollis	litgre1	Tachybaptus_ruficollis	1010578	Tachybaptus ruficollis
otu643	Apus apus	comswi	Apus_apus	609788	Apus apus
otu645	Apus caffer	whrswi1	Apus_caffer	1031972	Apus caffer
otu644	Apus pallidus	palswi3	Apus_pallidus	323626	Apus pallidus
otu1911	Apus melba	alpswi1	Tachymarptis_melba	795151	Tachymarptis melba
otu647	Caprimulgus europaeus	eurnig1	Caprimulgus_europaeus	178687	Caprimulgus europaeus
otu648	Caprimulgus ruficollis	rennig1	Caprimulgus_ruficollis	3597076	Caprimulgus ruficollis
otu938	not_a_bird	not_a_bird	Testudo_hermanni	207422	Testudo hermanni
otu939	not_a_bird	not_a_bird	Testudo_graeca	207423	Testudo graeca
otu940	not_a_bird	not_a_bird	Testudo_marginata	344622	Testudo marginata
otu935	not_a_bird	not_a_bird	Mauremys_rivulata	1078568	Mauremys rivulata
otu936	not_a_bird	not_a_bird	Mauremys_caspica	552142	Mauremys caspica
otu937	not_a_bird	not_a_bird	Mauremys_leprosa	26437	Mauremys leprosa
otu942	not_a_bird	not_a_bird	Emys_trinacris	592138	Emys trinacris
otu941	not_a_bird	not_a_bird	Emys_orbicularis	733093	Emys orbicularis
otu934	not_a_bird	not_a_bird	Rafetus_euphraticus	623208	Rafetus euphraticus
otu933	not_a_bird	not_a_bird	Trionyx_triunguis	598954	Trionyx triunguis
otu1006	not_a_bird	not_a_bird	Pelobates_cultripes	703772	Pelobates cultripes
otu1007	not_a_bird	not_a_bird	Pelobates_fuscus	233459	Pelobates fuscus
otu1008	not_a_bird	not_a_bird	Pelobates_syriacus	1026962	Pelobates syriacus
otu1004	not_a_bird	not_a_bird	Pelodytes_punctatus	509557	Pelodytes punctatus
otu1005	not_a_bird	not_a_bird	Pelodytes_ibericus	809927	Pelodytes ibericus
otu1003	not_a_bird	not_a_bird	Pelodytes_caucasicus	233454	Pelodytes caucasicus
otu1014	not_a_bird	not_a_bird	Bufo_boulengeri	312348	Bufotes boulengeri
otu1015	not_a_bird	not_a_bird	Bufo_siculus	920930	Bufotes siculus
otu1018	not_a_bird	not_a_bird	Bufo_variabilis	828601	Bufotes variabilis
otu1016	not_a_bird	not_a_bird	Bufo_balearicus	312339	Bufotes balearicus
otu1017	not_a_bird	not_a_bird	Bufo_viridis	962317	Bufotes viridis
otu1021	not_a_bird	not_a_bird	Bufo_verrucosissimus	773115	Bufo verrucosissimus
otu1020	not_a_bird	not_a_bird	Bufo_bufo	889350	Bufo bufo
otu1019	not_a_bird	not_a_bird	Bufo_calamita	436364	Epidalea calamita
otu1009	not_a_bird	not_a_bird	Hyla_meridionalis	423712	Hyla meridionalis
otu1013	not_a_bird	not_a_bird	Hyla_savignyi	610583	Hyla savignyi
otu1012	not_a_bird	not_a_bird	Hyla_intermedia	584844	Hyla intermedia
otu1011	not_a_bird	not_a_bird	Hyla_arborea	677266	Hyla arborea
otu1010	not_a_bird	not_a_bird	Hyla_sarda	622680	Hyla sarda
otu1034	not_a_bird	not_a_bird	Rana_dalmatina	886093	Rana dalmatina
otu1037	not_a_bird	not_a_bird	Rana_iberica	875536	Rana iberica
otu1038	not_a_bird	not_a_bird	Rana_italica	487647	Rana italica
otu1039	not_a_bird	not_a_bird	Rana_pyrenaica	572749	Rana pyrenaica
otu1040	not_a_bird	not_a_bird	Rana_arvalis	448372	Rana arvalis
otu1041	not_a_bird	not_a_bird	Rana_temporaria	14718	Rana temporaria
otu1042	not_a_bird	not_a_bird	Rana_tavasensis	384657	Rana tavasensis
otu1043	not_a_bird	not_a_bird	Rana_macrocnemis	842743	Rana macrocnemis
otu1044	not_a_bird	not_a_bird	Rana_holtzi	842743	Rana macrocnemis
otu1036	not_a_bird	not_a_bird	Rana_latastei	871814	Rana latastei
otu1035	not_a_bird	not_a_bird	Rana_graeca	886097	Rana graeca
otu1030	not_a_bird	not_a_bird	Rana_shqiperica	941209	Pelophylax shqipericus
otu1031	not_a_bird	not_a_bird	Rana_bergeri	442787	Pelophylax bergeri
otu1032	not_a_bird	not_a_bird	Rana_esculenta	14708	Pelophylax ridibundus
otu1033	not_a_bird	not_a_bird	Rana_lessonae	386601	Pelophylax lessonae
otu1024	not_a_bird	not_a_bird	Rana_bedriagae	968743	Pelophylax bedriagae
otu1025	not_a_bird	not_a_bird	Rana_cerigensis	742983	Pelophylax cerigensis
otu1026	not_a_bird	not_a_bird	Rana_caralitana	67958	Pelophylax caralitanus
otu1027	not_a_bird	not_a_bird	Rana_kurtmuelleri	557127	Pelophylax kurtmuelleri
otu1028	not_a_bird	not_a_bird	Rana_ridibunda	14708	Pelophylax ridibundus
otu1029	not_a_bird	not_a_bird	Pelophylax_cretensis	538075	Pelophylax cretensis
otu1023	not_a_bird	not_a_bird	Rana_epeirotica	1071564	Pelophylax epeiroticus
otu1022	not_a_bird	not_a_bird	Rana_perezi	14696	Pelophylax perezi
otu997	not_a_bird	not_a_bird	Discoglossus_montalentii	233448	Discoglossus montalentii
otu996	not_a_bird	not_a_bird	Discoglossus_sardus	233470	Discoglossus sardus
otu995	not_a_bird	not_a_bird	Discoglossus_pictus	465082	Discoglossus pictus
otu999	not_a_bird	not_a_bird	Discoglossus_jeanneae	703767	Discoglossus jeanneae
otu998	not_a_bird	not_a_bird	Discoglossus_galganoi	461369	Discoglossus galganoi
otu992	not_a_bird	not_a_bird	Alytes_dickhilleni	558315	Alytes dickhilleni
otu993	not_a_bird	not_a_bird	Alytes_muletensis	461376	Alytes muletensis
otu994	not_a_bird	not_a_bird	Alytes_obstetricans	118036	Alytes obstetricans
otu991	not_a_bird	not_a_bird	Alytes_cisternasii	385874	Alytes cisternasii
otu1002	not_a_bird	not_a_bird	Bombina_variegata	991539	Bombina variegata
otu1001	not_a_bird	not_a_bird	Bombina_pachypus	558313	Bombina pachypus
otu1000	not_a_bird	not_a_bird	Bombina_bombina	991559	Bombina bombina
otu984	not_a_bird	not_a_bird	Hydromantes_italicus	637551	Hydromantes italicus
otu985	not_a_bird	not_a_bird	Hydromantes_ambrosii	953902	Hydromantes ambrosii
otu983	not_a_bird	not_a_bird	Hydromantes_strinatii	675246	Hydromantes strinatii
otu990	not_a_bird	not_a_bird	Hydromantes_genei	953923	Hydromantes genei
otu988	not_a_bird	not_a_bird	Hydromantes_flavus	637557	Hydromantes flavus
otu989	not_a_bird	not_a_bird	Hydromantes_supramontis	429633	Hydromantes supramontis
otu986	not_a_bird	not_a_bird	Hydromantes_sarrabusensis	675251	Hydromantes sarrabusensis
otu987	not_a_bird	not_a_bird	Hydromantes_imperialis	675243	Hydromantes imperialis
otu982	not_a_bird	not_a_bird	Proteus_anguinus	842080	Proteus anguinus
otu980	not_a_bird	not_a_bird	Chioglossa_lusitanica	499079	Chioglossa lusitanica
otu981	not_a_bird	not_a_bird	Mertensiella_caucasica	1066557	Mertensiella caucasica
otu973	not_a_bird	not_a_bird	Lyciasalamandra_luschani	1012890	Lyciasalamandra luschani
otu974	not_a_bird	not_a_bird	Lyciasalamandra_flavimembris	1024892	Lyciasalamandra flavimembris
otu975	not_a_bird	not_a_bird	Lyciasalamandra_billae	1024889	Lyciasalamandra billae
otu978	not_a_bird	not_a_bird	Lyciasalamandra_fazilae	1024882	Lyciasalamandra fazilae
otu976	not_a_bird	not_a_bird	Lyciasalamandra_antalyana	1024875	Lyciasalamandra antalyana
otu977	not_a_bird	not_a_bird	Lyciasalamandra_helverseni	227013	Lyciasalamandra helverseni
otu979	not_a_bird	not_a_bird	Lyciasalamandra_atifi	227016	Lyciasalamandra atifi
otu969	not_a_bird	not_a_bird	Salamandra_infraimmaculata	1024870	Salamandra infraimmaculata
otu968	not_a_bird	not_a_bird	Salamandra_salamandra	689975	Salamandra salamandra
otu972	not_a_bird	not_a_bird	Salamandra_lanzai	873622	Salamandra lanzai
otu971	not_a_bird	not_a_bird	Salamandra_atra	689978	Salamandra atra
otu970	not_a_bird	not_a_bird	Salamandra_corsica	958220	Salamandra corsica
otu946	not_a_bird	not_a_bird	Euproctus_montanus	861438	Euproctus montanus
otu947	not_a_bird	not_a_bird	Euproctus_platycephalus	861439	Euproctus platycephalus
otu952	not_a_bird	not_a_bird	Lissotriton_vulgaris	1041774	Lissotriton vulgaris
otu953	not_a_bird	not_a_bird	Lissotriton_montandoni	502192	Lissotriton montandoni
otu951	not_a_bird	not_a_bird	Lissotriton_italicus	502199	Lissotriton italicus
otu950	not_a_bird	not_a_bird	Lissotriton_helveticus	9366	Lissotriton helveticus
otu949	not_a_bird	not_a_bird	Lissotriton_boscai	830424	Lissotriton boscai
otu963	not_a_bird	not_a_bird	Ommatotriton_ophryticus	645229	Ommatotriton ophryticus
otu964	not_a_bird	not_a_bird	Ommatotriton_vittatus	865707	Ommatotriton vittatus
otu966	not_a_bird	not_a_bird	Neurergus_crocatus	288027	Neurergus crocatus
otu965	not_a_bird	not_a_bird	Neurergus_strauchii	288025	Neurergus strauchii
otu954	not_a_bird	not_a_bird	Calotriton_arnoldi	219305	Calotriton arnoldi
otu955	not_a_bird	not_a_bird	Calotriton_asper	861432	Calotriton asper
otu962	not_a_bird	not_a_bird	Triturus_macedonicus	455393	Triturus macedonicus
otu960	not_a_bird	not_a_bird	Triturus_cristatus	1041796	Triturus cristatus
otu961	not_a_bird	not_a_bird	Triturus_dobrogicus	1041781	Triturus dobrogicus
otu959	not_a_bird	not_a_bird	Triturus_karelinii	1041769	Triturus karelinii
otu958	not_a_bird	not_a_bird	Triturus_carnifex	1041783	Triturus carnifex
otu956	not_a_bird	not_a_bird	Triturus_pygmaeus	220082	Triturus pygmaeus
otu957	not_a_bird	not_a_bird	Triturus_marmoratus	1041767	Triturus marmoratus
otu948	not_a_bird	not_a_bird	Mesotriton_alpestris	159060	Ichthyosaura alpestris
otu967	not_a_bird	not_a_bird	Pleurodeles_waltl	566038	Pleurodeles waltl
otu944	not_a_bird	not_a_bird	Salamandrina_perspicillata	254332	Salamandrina perspicillata
otu945	not_a_bird	not_a_bird	Salamandrina_terdigitata	674678	Salamandrina terdigitata
otu943	not_a_bird	not_a_bird	Salamandrella_keyserlingii	1021848	Salamandrella keyserlingii
