otu_id	^clo:ClementsTaxonName2019	^clo:speciescode2019	^ot:originalLabel	^ot:ottId	^ot:ottTaxonName
otu777	Habia atrimaxillaris	bcatan1	Habia_atrimaxillaris	3597338	Habia atrimaxillaris
otu778	Habia fuscicauda	rtatan1	Habia_fuscicauda	972936	Habia fuscicauda
otu779	Habia gutturalis	soatan1	Habia_gutturalis	972933	Habia gutturalis
otu783	Chlorothraupis carmioli	olitan1	Chlorothraupis_carmioli	819311	Chlorothraupis carmioli
otu782	Chlorothraupis olivacea	lestan	Chlorothraupis_olivacea	596728	Chlorothraupis olivacea
otu781	Chlorothraupis stolzmanni	ocbtan1	Chlorothraupis_stolzmanni	23955	Chlorothraupis stolzmanni
otu780	Habia rubica	rcatan1	Habia_rubica	315827	Habia rubica
otu773	Piranga roseogularis	rottan1	Piranga_roseogularis	565242	Piranga roseogularis
otu768	Piranga olivacea	scatan	Piranga_olivacea	69808	Piranga olivacea
otu771	Piranga flava	heptan	Piranga_flava	1041102	Piranga flava
otu772	Piranga rubra	sumtan	Piranga_rubra	1075670	Piranga rubra
otu770	Piranga bidentata	flctan	Piranga_bidentata	1041108	Piranga bidentata
otu769	Piranga ludoviciana	westan	Piranga_ludoviciana	565244	Piranga ludoviciana
otu775	Piranga rubriceps	rehtan2	Piranga_rubriceps	565247	Piranga rubriceps
otu776	Piranga leucoptera	whwtan1	Piranga_leucoptera	1041104	Piranga leucoptera
otu774	Piranga erythrocephala	rehtan1	Piranga_erythrocephala	69804	Piranga erythrocephala
otu764	Caryothraustes canadensis	yeggro1	Caryothraustes_canadensis	596729	Caryothraustes canadensis
otu765	Caryothraustes poliogaster	blfgro1	Caryothraustes_poliogaster	23957	Caryothraustes poliogaster
otu766	Rhodothraupis celaeno	crcgro	Rhodothraupis_celaeno	545035	Rhodothraupis celaeno
otu767	Periporphyrus erythromelas	rabgro1	Periporphyrus_erythromelas	545040	Periporphyrus erythromelas
otu763	Cardinalis sinuatus	pyrrhu	Cardinalis_sinuatus	425446	Cardinalis sinuatus
otu762	Cardinalis phoeniceus	vercar1	Cardinalis_phoeniceus	489152	Cardinalis phoeniceus
otu761	Cardinalis cardinalis	norcar	Cardinalis_cardinalis	307364	Cardinalis cardinalis
otu757	Spiza americana	dickci	Spiza_americana	364334	Spiza americana
otu752	Amaurospiza concolor	blusee1	Amaurospiza_concolor	596726	Amaurospiza concolor
otu755	Cyanoloxia cyanoides	bubgro1	Cyanocompsa_cyanoides	486842	Cyanocompsa cyanoides
otu754	no_match	no_match	Cyanocompsa_brissonii	486836	Cyanocompsa brissonii
otu753	Cyanoloxia glaucocaerulea	glbgro1	Cyanoloxia_glaucocaerulea	75499	Cyanoloxia glaucocaerulea
otu756	Cyanocompsa parellina	blubun	Cyanocompsa_parellina	772205	Cyanocompsa parellina
otu748	Passerina leclancherii	orbbun1	Passerina_leclancherii	887253	Passerina leclancherii
otu749	Passerina ciris	paibun	Passerina_ciris	887250	Passerina ciris
otu750	Passerina versicolor	varbun	Passerina_versicolor	887258	Passerina versicolor
otu751	Passerina rositae	robbun1	Passerina_rositae	724916	Passerina rositae
otu747	Passerina cyanea	indbun	Passerina_cyanea	939942	Passerina cyanea
otu746	Passerina caerulea	blugrb1	Passerina_caerulea	486840	Passerina caerulea
otu745	Passerina amoena	lazbun	Passerina_amoena	119888	Passerina amoena
otu760	Granatellus sallaei	grtcha1	Granatellus_sallaei	972938	Granatellus sallaei
otu759	Granatellus venustus	rebcha1	Granatellus_venustus	972935	Granatellus venustus
otu758	Granatellus pelzelni	robcha1	Granatellus_pelzelni	335232	Granatellus pelzelni
otu788	Pheucticus ludovicianus	robgro	Pheucticus_ludovicianus	370813	Pheucticus ludovicianus
otu787	Pheucticus melanocephalus	bkhgro	Pheucticus_melanocephalus	425436	Pheucticus melanocephalus
otu784	Pheucticus tibialis	bltgro1	Pheucticus_tibialis	501889	Pheucticus tibialis
otu786	Pheucticus aureoventris	blbgro2	Pheucticus_aureoventris	874353	Pheucticus aureoventris
otu785	Pheucticus chrysogaster	gobgro1	Pheucticus_chrysogaster	3597153	Pheucticus chrysogaster
otu791	Mitrospingus oleagineus	olbtan1	Mitrospingus_oleagineus	972930	Mitrospingus oleagineus
otu790	Orthogonys chloricterus	olgtan1	Orthogonys_chloricterus	904009	Orthogonys chloricterus
otu789	Lamprospiza melanoleuca	rbptan1	Lamprospiza_melanoleuca	636264	Lamprospiza melanoleuca
otu744	Cyanicterus cyanicterus	blbtan2	Cyanicterus_cyanicterus	3599689	Cyanicterus cyanicterus
otu741	Nemosia pileata	hootan1	Nemosia_pileata	365553	Nemosia pileata
otu742	Sericossypha albocristata	whctan1	Sericossypha_albocristata	415528	Sericossypha albocristata
otu743	Compsothraupis loricata	scttan1	Compsothraupis_loricata	754709	Compsothraupis loricata
otu391	Parkerthraustes humeralis	yesgro2	Parkerthraustes_humeralis	23959	Parkerthraustes humeralis
otu392	Orchesticus abeillei	brotan1	Orchesticus_abeillei	3599594	Orchesticus abeillei
otu393	Chlorochrysa calliparaea	oretan1	Chlorochrysa_calliparaea	244597	Chlorochrysa calliparaea
otu394	Chlorochrysa nitidissima	multan1	Chlorochrysa_nitidissima	895350	Chlorochrysa nitidissima
otu395	Chlorochrysa phoenicotis	glgtan1	Chlorochrysa_phoenicotis	9377	Chlorochrysa phoenicotis
otu396	Cissopis leverianus	magtan2	Cissopis_leverianus	583311	Cissopis leverianus
otu397	Schistochlamys ruficapillus	cintan1	Schistochlamys_ruficapillus	320948	Schistochlamys ruficapillus
otu398	Schistochlamys melanopis	blftan1	Schistochlamys_melanopis	415519	Schistochlamys melanopis
otu399	Stephanophorus diadematus	diatan1	Stephanophorus_diadematus	320946	Stephanophorus diadematus
otu408	Lophospingus griseocristatus	gycfin1	Lophospingus_griseocristatus	320950	Lophospingus griseocristatus
otu409	Lophospingus pusillus	blcfin1	Lophospingus_pusillus	474151	Lophospingus pusillus
otu405	Neothraupis fasciata	whbtan1	Neothraupis_fasciata	365559	Neothraupis fasciata
otu407	Gubernatrix cristata	yelcar1	Gubernatrix_cristata	317731	Gubernatrix cristata
otu406	Diuca diuca	codfin1	Diuca_diuca	23961	Diuca diuca
otu400	Paroaria dominicana	reccar2	Paroaria_dominicana	80421	Paroaria dominicana
otu401	Paroaria coronata	reccar	Paroaria_coronata	301064	Paroaria coronata
otu402	Paroaria baeri	crfcar1	Paroaria_baeri	718834	Paroaria baeri
otu404	Paroaria gularis	reccar4	Paroaria_gularis	320949	Paroaria gularis
otu403	Paroaria capitata	yebcar	Paroaria_capitata	396694	Paroaria capitata
otu410	Wetmorethraupis sterrhopteron	orttan1	Wetmorethraupis_sterrhopteron	946075	Wetmorethraupis sterrhopteron
otu411	Bangsia arcaei	bagtan1	Bangsia_arcaei	593405	Bangsia arcaei
otu415	Bangsia melanochlamys	bagtan2	Bangsia_melanochlamys	593407	Bangsia melanochlamys
otu414	Bangsia rothschildi	goctan1	Bangsia_rothschildi	895343	Bangsia rothschildi
otu413	Bangsia aureocincta	gortan1	Bangsia_aureocincta	895345	Bangsia aureocincta
otu412	Bangsia edwardsi	mobtan1	Bangsia_edwardsi	895344	Bangsia edwardsi
otu416	Tangara rufigenis	ructan2	Tangara_rufigenis	3597361	Tangara rufigenis
otu417	Tangara labradorides	megtan1	Tangara_labradorides	956057	Tangara labradorides
otu418	Tangara cyanotis	blbtan3	Tangara_cyanotis	582136	Tangara cyanotis
otu425	Tangara schrankii	gagtan2	Tangara_schrankii	430001	Tangara schrankii
otu426	Tangara johannae	blwtan1	Tangara_johannae	956058	Tangara johannae
otu427	Tangara arthus	goltan1	Tangara_arthus	582142	Tangara arthus
otu428	Tangara florida	emetan1	Tangara_florida	956056	Tangara florida
otu429	Tangara icterocephala	sittan1	Tangara_icterocephala	946071	Tangara icterocephala
otu424	Tangara parzudakii	flftan1	Tangara_parzudakii	430005	Tangara parzudakii
otu423	Tangara xanthocephala	sactan1	Tangara_xanthocephala	1006814	Tangara xanthocephala
otu430	Tangara chrysotis	goetan1	Tangara_chrysotis	582140	Tangara chrysotis
otu435	Tangara seledon	grhtan2	Tangara_seledon	885163	Tangara seledon
otu434	Tangara fastuosa	sectan1	Tangara_fastuosa	956055	Tangara fastuosa
otu433	Tangara cyanoventris	gietan1	Tangara_cyanoventris	320945	Tangara cyanoventris
otu432	Tangara desmaresti	brbtan1	Tangara_desmaresti	582133	Tangara desmaresti
otu431	Tangara cyanocephala	rentan1	Tangara_cyanocephala	582135	Tangara cyanocephala
otu438	Tangara velia	oprtan1	Tangara_velia	1006804	Tangara velia
otu439	Tangara callophrys	opctan1	Tangara_callophrys	582139	Tangara callophrys
otu440	Tangara chilensis	partan1	Tangara_chilensis	559738	Tangara chilensis
otu436	Tangara mexicana	turtan1	Tangara_mexicana	536138	Tangara mexicana
otu437	Tangara inornata	plctan1	Tangara_inornata	817641	Tangara inornata
otu441	Tangara lavinia	ruwtan1	Tangara_lavinia	956050	Tangara lavinia
otu442	Tangara gyrola	bahtan1	Tangara_gyrola	69807	Tangara gyrola
otu422	Tangara vassorii	babtan1	Tangara_vassorii	1006806	Tangara vassorii
otu419	Tangara nigroviridis	bestan1	Tangara_nigroviridis	430017	Tangara nigroviridis
otu420	Tangara fucosa	grntan1	Tangara_fucosa	956054	Tangara fucosa
otu421	Tangara dowii	spctan1	Tangara_dowii	582134	Tangara dowii
otu467	Ixothraupis punctata	spotan1	Tangara_punctata	430007	Tangara punctata
otu466	Ixothraupis rufigula	ruttan1	Tangara_rufigula	430011	Tangara rufigula
otu464	Ixothraupis guttata	spetan1	Tangara_guttata	956053	Tangara guttata
otu465	Ixothraupis xanthogastra	yebtan2	Tangara_xanthogastra	1006812	Tangara xanthogastra
otu468	Ixothraupis varia	dottan1	Tangara_varia	430003	Tangara varia
otu457	Stilpnia cyanicollis	blntan1	Tangara_cyanicollis	582137	Tangara cyanicollis
otu456	Stilpnia nigrocincta	mastan1	Tangara_nigrocincta	430015	Tangara nigrocincta
otu458	Stilpnia larvata	gohtan1	Tangara_larvata	956051	Tangara larvata
otu451	Stilpnia viridicollis	siltan1	Tangara_viridicollis	1006810	Tangara viridicollis
otu452	Stilpnia argyrofenges	gnttan1	Tangara_argyrofenges	582141	Tangara argyrofenges
otu453	Stilpnia heinei	blctan1	Tangara_heinei	956059	Tangara heinei
otu454	Stilpnia phillipsi	sirtan1	Tangara_phillipsi	3597359	Tangara phillipsi
otu455	Stilpnia cyanoptera	blhtan1	Tangara_cyanoptera	582138	Tangara cyanoptera
otu463	Stilpnia meyerdeschauenseei	grctan1	Tangara_meyerdeschauenseei	430013	Tangara meyerdeschauenseei
otu460	Stilpnia vitriolina	scrtan1	Tangara_vitriolina	1006808	Tangara vitriolina
otu462	Stilpnia cucullata	leatan1	Tangara_cucullata	1033355	Tangara cucullata
otu461	Stilpnia cayana	bubtan2	Tangara_cayana	238925	Tangara cayana
otu459	Stilpnia preciosa	chbtan1	Tangara_preciosa	320944	Tangara preciosa
otu450	Poecilostreptus palmeri	gagtan1	Tangara_palmeri	430019	Tangara palmeri
otu443	Thraupis episcopus	bugtan	Thraupis_episcopus	817632	Tangara episcopus
otu444	Thraupis sayaca	saytan1	Thraupis_sayaca	946076	Thraupis sayaca
otu448	Thraupis cyanoptera	azstan1	Thraupis_cyanoptera	320953	Thraupis cyanoptera
otu447	Thraupis abbas	yewtan1	Thraupis_abbas	680948	Tangara abbas
otu446	Thraupis palmarum	paltan1	Thraupis_palmarum	516965	Thraupis palmarum
otu445	Thraupis ornata	goctan2	Thraupis_ornata	320952	Thraupis ornata
otu449	Chalcothraupis ruficervix	gontan1	Tangara_ruficervix	430009	Tangara ruficervix
otu472	Iridosornis rufivertex	goctan4	Iridosornis_rufivertex	320951	Iridosornis rufivertex
otu471	Iridosornis reinhardti	yestan1	Iridosornis_reinhardti	895342	Iridosornis reinhardti
otu470	Iridosornis jelskii	goctan3	Iridosornis_jelskii	895352	Iridosornis jelskii
otu473	Iridosornis analis	yettan1	Iridosornis_analis	636246	Iridosornis analis
otu474	Iridosornis porphyrocephalus	pumtan2	Iridosornis_porphyrocephalus	895340	Iridosornis porphyrocephalus
otu469	Calochaetes coccineus	vertan1	Calochaetes_coccineus	244599	Calochaetes coccineus
otu486	Dubusia taeniata	bbmtan1	Dubusia_taeniata	665190	Dubusia taeniata
otu487	no_match	no_match	Delothraupis_castaneoventris	665186	Delothraupis castaneoventris
otu488	Pseudosaltator rufiventris	rubsal1	Saltator_rufiventris	922659	Saltator rufiventris
otu479	Cnemathraupis aureodorsalis	gbmtan1	Buthraupis_aureodorsalis	895347	Buthraupis aureodorsalis
otu478	Cnemathraupis eximia	bcmtan1	Buthraupis_eximia	895346	Buthraupis eximia
otu477	Chlorornis riefferii	grgtan1	Chlorornis_riefferii	937492	Chlorornis riefferii
otu476	Buthraupis montana	homtan1	Buthraupis_montana	767689	Buthraupis montana
otu475	Buthraupis wetmorei	mamtan1	Buthraupis_wetmorei	895349	Buthraupis wetmorei
otu484	Anisognathus igniventris	sbmtan1	Anisognathus_igniventris	593413	Anisognathus igniventris
otu483	Anisognathus lacrymosus	lamtan1	Anisognathus_lacrymosus	593412	Anisognathus lacrymosus
otu482	Anisognathus melanogenys	bkcmot1	Anisognathus_melanogenys	593415	Anisognathus melanogenys
otu481	Anisognathus somptuosus	bwmtan1	Anisognathus_somptuosus	593418	Anisognathus somptuosus
otu480	Anisognathus notabilis	bcmtan2	Anisognathus_notabilis	593416	Anisognathus notabilis
otu485	Thraupis cyanocephala	blctan2	Thraupis_cyanocephala	433922	Thraupis cyanocephala
otu490	Pipraeidea bonariensis	baytan3	Thraupis_bonariensis	559737	Thraupis bonariensis
otu489	Pipraeidea melanonota	fabtan1	Pipraeidea_melanonota	142577	Pipraeidea melanonota
otu498	Catamblyrhynchus diadema	plushc1	Catamblyrhynchus_diadema	1036286	Catamblyrhynchus diadema
otu495	Incaspiza pulchra	grifin1	Incaspiza_pulchra	3599858	Incaspiza pulchra
otu496	Incaspiza ortizi	gywinf1	Incaspiza_ortizi	3599470	Incaspiza ortizi
otu497	Incaspiza personata	rbifin1	Incaspiza_personata	3599722	Incaspiza personata
otu492	Porphyrospiza carbonaria	casfin1	Phrygilus_carbonarius	497209	Phrygilus carbonarius
otu493	Porphyrospiza alaudina	btsfin1	Phrygilus_alaudinus	838934	Phrygilus alaudinus
otu494	Porphyrospiza caerulescens	blufin1	Porphyrospiza_caerulescens	545032	Porphyrospiza caerulescens
otu491	Rhopospina fruticeti	mosfin1	Phrygilus_fruticeti	497207	Phrygilus fruticeti
otu570	Iridophanes pulcherrimus	gochon2	Iridophanes_pulcherrimus	5561117	Iridophanes pulcherrimus
otu569	Chlorophanes spiza	grehon1	Chlorophanes_spiza	244603	Chlorophanes spiza
otu568	Chrysothlypis salmoni	sawtan1	Chrysothlypis_salmoni	3597314	Chrysothlypis salmoni
otu567	Chrysothlypis chrysomelas	baytan2	Chrysothlypis_chrysomelas	819314	Chrysothlypis chrysomelas
otu562	Heterospingus rubrifrons	surtan1	Heterospingus_rubrifrons	717091	Heterospingus rubrifrons
otu563	Heterospingus xanthopygius	scbtan2	Heterospingus_xanthopygius	315830	Heterospingus xanthopygius
otu564	Hemithraupis guira	guitan1	Hemithraupis_guira	784528	Hemithraupis guira
otu565	Hemithraupis ruficapilla	ruhtan1	Hemithraupis_ruficapilla	4947628	Hemithraupis ruficapilla
otu566	Hemithraupis flavicollis	yebtan1	Hemithraupis_flavicollis	315823	Hemithraupis flavicollis
otu588	Tachyphonus surinamus	fuctan1	Tachyphonus_surinamus	941244	Tachyphonus surinamus
otu582	Lanio fulvus	fustan1	Lanio_fulvus	20545	Lanio fulvus
otu583	Lanio leucothorax	wtstan1	Lanio_leucothorax	916572	Lanio leucothorax
otu584	Lanio aurantius	btstan1	Lanio_aurantius	972934	Lanio aurantius
otu585	Lanio versicolor	wwstan1	Lanio_versicolor	636280	Lanio versicolor
otu587	Rhodospingus cruentus	crbfin1	Rhodospingus_cruentus	393978	Rhodospingus cruentus
otu586	Tachyphonus delatrii	tactan1	Tachyphonus_delatrii	922661	Tachyphonus delatrii
otu581	Coryphospingus cucullatus	recfin1	Coryphospingus_cucullatus	325412	Coryphospingus cucullatus
otu580	Coryphospingus pileatus	pilfin1	Coryphospingus_pileatus	779206	Coryphospingus pileatus
otu598	Tachyphonus phoenicius	restan1	Tachyphonus_phoenicius	916542	Tachyphonus phoenicius
otu600	Tachyphonus coronatus	ructan1	Tachyphonus_coronatus	1073502	Tachyphonus coronatus
otu599	Tachyphonus rufus	whltan1	Tachyphonus_rufus	1073501	Tachyphonus rufus
otu597	Ramphocelus sanguinolentus	crctan1	Ramphocelus_sanguinolentus	681198	Ramphocelus sanguinolentus
otu593	Ramphocelus dimidiatus	crbtan1	Ramphocelus_dimidiatus	396688	Ramphocelus dimidiatus
otu594	Ramphocelus nigrogularis	mactan1	Ramphocelus_nigrogularis	787421	Ramphocelus nigrogularis
otu596	Ramphocelus melanogaster	bkbtan1	Ramphocelus_melanogaster	916566	Ramphocelus melanogaster
otu595	Ramphocelus carbo	sibtan2	Ramphocelus_carbo	107151	Ramphocelus carbo
otu592	Ramphocelus bresilius	bratan1	Ramphocelus_bresilius	1075693	Ramphocelus bresilius
otu591	Ramphocelus passerinii costaricensis	chetan1	Ramphocelus_costaricensis	787424	Ramphocelus costaricensis
otu590	Ramphocelus passerinii	y00599	Ramphocelus_passerinii	681190	Ramphocelus passerinii
otu589	Ramphocelus flammigerus flammigerus	flrtan2	Ramphocelus_flammigerus	916570	Ramphocelus flammigerus
otu577	Tachyphonus cristatus	flctan1	Tachyphonus_cristatus	916543	Tachyphonus cristatus
otu579	Tachyphonus rufiventer	yectan1	Tachyphonus_rufiventer	916578	Tachyphonus rufiventer
otu578	Tachyphonus luctuosus	whstan1	Tachyphonus_luctuosus	922662	Tachyphonus luctuosus
otu576	Eucometis penicillata	grhtan1	Eucometis_penicillata	693654	Eucometis penicillata
otu575	Trichothraupis melanops	blgtan1	Trichothraupis_melanops	599076	Trichothraupis melanops
otu573	Creurgops dentatus	slatan2	Creurgops_dentatus	872164	Creurgops dentatus
otu574	Creurgops verticalis	ructan4	Creurgops_verticalis	528634	Creurgops verticalis
otu572	Volatinia jacarina	blbgra1	Volatinia_jacarina	946790	Volatinia jacarina
otu571	Conothraupis speculigera	bawtan1	Conothraupis_speculigera	90895	Conothraupis speculigera
otu740	Charitospiza eucosma	cocfin2	Charitospiza_eucosma	3599764	Charitospiza eucosma
otu601	Tersina viridis	swatan1	Tersina_viridis	150653	Tersina viridis
otu604	Dacnis flaviventer	yebdac1	Dacnis_flaviventer	3597318	Dacnis flaviventer
otu605	Dacnis cayana	bludac1	Dacnis_cayana	90901	Dacnis cayana
otu606	Dacnis viguieri	virdac1	Dacnis_viguieri	3597316	Dacnis viguieri
otu607	Dacnis lineata lineata	bkfdac2	Dacnis_lineata	1050032	Dacnis lineata
otu608	Dacnis hartlaubi	turdac1	Dacnis_hartlaubi	3597322	Dacnis hartlaubi
otu603	Dacnis albiventris	whbdac1	Dacnis_albiventris	3597323	Dacnis albiventris
otu609	Dacnis nigripes	blldac1	Dacnis_nigripes	3597321	Dacnis nigripes
otu602	Dacnis venusta	sctdac1	Dacnis_venusta	779207	Dacnis venusta
otu610	Cyanerpes caeruleus	purhon1	Cyanerpes_caeruleus	90890	Cyanerpes caeruleus
otu611	Cyanerpes cyaneus	relhon1	Cyanerpes_cyaneus	178472	Cyanerpes cyaneus
otu612	Cyanerpes nitidus	shbhon2	Cyanerpes_nitidus	89879	Cyanerpes nitidus
otu613	Cyanerpes lucidus	shihon1	Cyanerpes_lucidus	273592	Cyanerpes lucidus
otu690	no_match	no_match	Oryzoborus_funereus	972931	Oryzoborus funereus
otu689	Sporophila angolensis	cbsfin	Oryzoborus_angolensis	349670	Oryzoborus angolensis
otu688	Sporophila torqueola	whcsee2	Sporophila_torqueola	1050512	Sporophila torqueola
otu683	Sporophila frontalis	bufsee1	Sporophila_frontalis	3597349	Sporophila frontalis
otu684	no_match	no_match	Dolospingus_fringilloides	364533	Dolospingus fringilloides
otu687	Sporophila nigricollis	yebsee1	Sporophila_nigricollis	349673	Sporophila nigricollis
otu686	Sporophila caerulescens	docsee1	Sporophila_caerulescens	650030	Sporophila caerulescens
otu685	Sporophila luctuosa	bawsee1	Sporophila_luctuosa	128446	Sporophila luctuosa
otu681	Sporophila falcirostris	temsee1	Sporophila_falcirostris	128454	Sporophila falcirostris
otu682	Sporophila schistacea	slcsee1	Sporophila_schistacea	946795	Sporophila schistacea
otu680	Sporophila plumbea	plusee1	Sporophila_plumbea	238931	Sporophila plumbea
otu679	Sporophila collaris	rucsee1	Sporophila_collaris	559741	Sporophila collaris
otu678	Sporophila albogularis	whtsee1	Sporophila_albogularis	3597346	Sporophila albogularis
otu692	Sporophila corvina	varsee3	Sporophila_corvina	468326	Sporophila corvina
otu691	Sporophila intermedia	grysee1	Sporophila_intermedia	1050523	Sporophila intermedia
otu703	Sporophila telasco	chtsee1	Sporophila_telasco	128438	Sporophila telasco
otu702	Sporophila simplex	drasee1	Sporophila_simplex	3597348	Sporophila simplex
otu704	Sporophila peruviana	pabsee1	Sporophila_peruviana	3597354	Sporophila peruviana
otu705	Sporophila leucoptera	whbsee1	Sporophila_leucoptera	128444	Sporophila leucoptera
otu701	Sporophila castaneiventris	chbsee1	Sporophila_castaneiventris	772201	Sporophila castaneiventris
otu695	Sporophila palustris	marsee1	Sporophila_palustris	128436	Sporophila palustris
otu696	Sporophila ruficollis	datsee1	Sporophila_ruficollis	559739	Sporophila ruficollis
otu697	Sporophila hypoxantha	tabsee1	Sporophila_hypoxantha	128450	Sporophila hypoxantha
otu693	Sporophila bouvreuil	capsee1	Sporophila_bouvreuil	650032	Sporophila bouvreuil
otu694	Sporophila hypochroma	rursee1	Sporophila_hypochroma	128448	Sporophila hypochroma
otu698	Sporophila melanogaster	blbsee2	Sporophila_melanogaster	128440	Sporophila melanogaster
otu699	Sporophila cinnamomea	chesee1	Sporophila_cinnamomea	128452	Sporophila cinnamomea
otu700	Sporophila minuta	rubsee1	Sporophila_minuta	128442	Sporophila minuta
otu707	Sporophila crassirostris	lbsfin1	Oryzoborus_crassirostris	90865	Oryzoborus crassirostris
otu706	no_match	no_match	Oryzoborus_atrirostris	3597343	Oryzoborus atrirostris
otu709	no_match	no_match	Oryzoborus_nuttingi	3597342	Oryzoborus nuttingi
otu708	Sporophila maximiliani	gbsfin1	Oryzoborus_maximiliani	20533	Oryzoborus maximiliani
otu710	Sporophila lineola	linsee1	Sporophila_lineola	817090	Sporophila lineola
otu712	Tiaris olivaceus	yefgra1	Tiaris_olivaceus	227256	Tiaris olivaceus
otu736	Euneornis campestris	orange1	Euneornis_campestris	884088	Euneornis campestris
otu737	Melopyrrha portoricensis	purbul1	Loxigilla_portoricensis	90856	Loxigilla portoricensis
otu739	Melopyrrha nigra	cubbul1	Melopyrrha_nigra	628898	Melopyrrha nigra
otu738	Melopyrrha violacea	grabul1	Loxigilla_violacea	90864	Loxigilla violacea
otu714	Phonipara canora	cubgra	Tiaris_canorus	5857371	Tiaris canorus
otu717	Certhidea olivacea	warfin1	Certhidea_olivacea	589949	Certhidea olivacea
otu718	Certhidea fusca	grywaf1	Certhidea_fusca	527327	Certhidea fusca
otu719	Pinaroloxias inornata	cocfin1	Pinaroloxias_inornata	992256	Pinaroloxias inornata
otu720	Geospiza fuliginosa	smgfin1	Geospiza_fuliginosa	589956	Geospiza fuliginosa
otu725	Geospiza magnirostris	lagfin1	Geospiza_magnirostris	589955	Geospiza magnirostris
otu724	Geospiza conirostris	larcaf2	Geospiza_conirostris	589953	Geospiza conirostris
otu723	Geospiza fortis	megfin1	Geospiza_fortis	589951	Geospiza fortis
otu722	Geospiza difficilis	shbgrf3	Geospiza_difficilis	419376	Geospiza difficilis
otu721	Geospiza scandens	cocfin3	Geospiza_scandens	589959	Geospiza scandens
otu730	Camarhynchus heliobates	manfin1	Camarhynchus_heliobates	3597306	Camarhynchus heliobates
otu728	Camarhynchus psittacula	latfin1	Camarhynchus_psittacula	419363	Camarhynchus psittacula
otu729	Camarhynchus pauper	metfin1	Camarhynchus_pauper	422530	Camarhynchus pauper
otu727	Camarhynchus parvulus	smtfin1	Camarhynchus_parvulus	419367	Camarhynchus parvulus
otu726	Camarhynchus pallidus	woofin1	Camarhynchus_pallidus	963505	Camarhynchus pallidus
otu731	Platyspiza crassirostris	vegfin2	Camarhynchus_crassirostris	5857369	Camarhynchus crassirostris
otu732	Asemospiza fuliginosa	soogra2	Tiaris_fuliginosus	816895	Tiaris fuliginosus
otu733	Asemospiza obscura	ducgra2	Tiaris_obscurus	5857370	Tiaris obscurus
otu716	Melanospiza richardsoni	slbfin1	Melanospiza_richardsoni	349672	Melanospiza richardsoni
otu715	Melanospiza bicolor	bkfgra	Tiaris_bicolor	1000571	Tiaris bicolor
otu735	Loxigilla noctis	leabul1	Loxigilla_noctis	726784	Loxigilla noctis
otu734	Loxigilla barbadensis	barbul1	Loxigilla_barbadensis	4088	Loxigilla barbadensis
otu713	Loxipasser anoxanthus	yesgra1	Loxipasser_anoxanthus	884086	Loxipasser anoxanthus
otu711	Coereba flaveola	banana	Coereba_flaveola	419369	Coereba flaveola
otu625	Poospiza baeri	tumfin1	Poospiza_baeri	83630	Poospiza baeri
otu624	Poospiza garleppi	comfin1	Poospiza_garleppi	83619	Poospiza garleppi
otu623	no_match	no_match	Hemispingus_rufosuperciliaris	578344	Hemispingus rufosuperciliaris
otu622	no_match	no_match	Hemispingus_goeringi	1071603	Hemispingus goeringi
otu621	Poospiza rubecula	rbwfin1	Poospiza_rubecula	501849	Poospiza rubecula
otu626	Poospiza hispaniolensis	cowfin1	Poospiza_hispaniolensis	83623	Poospiza hispaniolensis
otu617	Poospiza nigrorufa	barwaf1	Poospiza_whitii	553173	Poospiza whitii
otu618	Poospiza nigrorufa	barwaf1	Poospiza_nigrorufa	553173	Poospiza whitii
otu619	Poospiza ornata	ciwfin2	Poospiza_ornata	83639	Poospiza ornata
otu620	Poospiza boliviana	bowfin1	Poospiza_boliviana	83632	Poospiza boliviana
otu653	Sphenopsis frontalis	olehem1	Hemispingus_frontalis	1034073	Hemispingus frontalis
otu654	Sphenopsis melanotis	blehem1	Hemispingus_melanotis	1034066	Hemispingus melanotis
otu650	no_match	no_match	Pyrrhocoma_ruficeps	138768	Pyrrhocoma ruficeps
otu649	no_match	no_match	Hemispingus_superciliaris	578345	Hemispingus superciliaris
otu648	Thlypopsis pectoralis	brftan1	Thlypopsis_pectoralis	373417	Thlypopsis pectoralis
otu647	Thlypopsis ornata	ructan3	Thlypopsis_ornata	995539	Thlypopsis ornata
otu646	Thlypopsis ruficeps	raytan1	Thlypopsis_ruficeps	922664	Thlypopsis ruficeps
otu652	Thlypopsis inornata	bubtan1	Thlypopsis_inornata	995541	Thlypopsis inornata
otu651	Thlypopsis sordida	orhtan1	Thlypopsis_sordida	941242	Thlypopsis sordida
otu645	Thlypopsis fulviceps	fuhtan1	Thlypopsis_fulviceps	995515	Thlypopsis fulviceps
otu643	Kleinothraupis parodii	parhem1	Hemispingus_parodii	767282	Hemispingus parodii
otu644	Kleinothraupis calophrys	orbhem1	Hemispingus_calophrys	578356	Hemispingus calophrys
otu642	Kleinothraupis atropileus	blchem1	Hemispingus_atropileus	315825	Hemispingus atropileus
otu641	Kleinothraupis reyi	gychem1	Hemispingus_reyi	939231	Hemispingus reyi
otu635	Microspingus cabanisi	gytwaf1	Poospiza_cabanisi	430792	Poospiza cabanisi
otu634	Microspingus erythrophrys	rbwfin2	Poospiza_erythrophrys	83636	Poospiza erythrophrys
otu633	Microspingus alticola	ptwfin1	Poospiza_alticola	605363	Poospiza alticola
otu630	Microspingus cinereus	ciwfin1	Poospiza_cinerea	916571	Poospiza cinerea
otu629	Microspingus melanoleucus	bcwfin2	Poospiza_melanoleuca	83628	Poospiza melanoleuca
otu632	Microspingus trifasciatus	thshem1	Hemispingus_trifasciatus	578347	Hemispingus trifasciatus
otu631	Microspingus torquatus	riwfin1	Poospiza_torquata	83641	Poospiza torquata
otu628	Urothraupis stolzmanni	bbbtan1	Urothraupis_stolzmanni	423787	Urothraupis stolzmanni
otu627	Nephelornis oneilli	pardus2	Nephelornis_oneilli	365544	Nephelornis oneilli
otu640	Castanozoster thoracicus	bcwfin1	Poospiza_thoracica	430624	Poospiza thoracica
otu638	Poospizopsis caesar	cbmfin1	Poospiza_caesar	83634	Poospiza caesar
otu639	Poospizopsis hypochondria	rswfin1	Poospiza_hypochondria	83626	Poospiza hypochondria
otu637	Donacospiza albifrons	ltrfin1	Donacospiza_albifrons	367394	Donacospiza albifrons
otu636	Cypsnagra hirundinacea	whrtan1	Cypsnagra_hirundinacea	90892	Cypsnagra hirundinacea
otu616	Pseudospingus verticalis	blhhem1	Hemispingus_verticalis	558078	Hemispingus verticalis
otu615	Pseudospingus xanthophthalmus	drahem1	Hemispingus_xanthophthalmus	578351	Hemispingus xanthophthalmus
otu614	Cnemoscopus rubrirostris	gyhbut1	Cnemoscopus_rubrirostris	819299	Cnemoscopus rubrirostris
otu655	Xenospingus concolor	slbfin3	Xenospingus_concolor	423785	Xenospingus concolor
otu656	Piezorina cinerea	cinfin1	Piezorhina_cinerea	423790	Piezorhina cinerea
otu673	Coryphaspiza melanotis	blmfin1	Coryphaspiza_melanotis	3599805	Coryphaspiza melanotis
otu674	Embernagra platensis	grpfin1	Embernagra_platensis	787934	Embernagra platensis
otu675	Emberizoides ypiranganus	lesgrf1	Emberizoides_ypiranganus	367396	Emberizoides ypiranganus
otu676	Emberizoides duidae	dugfin1	Emberizoides_duidae	3597297	Emberizoides duidae
otu677	Emberizoides herbicola	wtgfin1	Emberizoides_herbicola	885148	Emberizoides herbicola
otu658	Saltatricula multicolor	mccfin1	Saltatricula_multicolor	838937	Saltatricula multicolor
otu657	no_match	no_match	Saltator_atricollis	885165	Saltator atricollis
otu669	Saltator albicollis	leasal1	Saltator_albicollis	817643	Saltator albicollis
otu668	Saltator striatipectus	strsal1	Saltator_striatipectus	913675	Saltator striatipectus
otu670	Saltator coerulescens	grasal1	Saltator_coerulescens	283670	Saltator coerulescens
otu671	Saltator similis	grwsal1	Saltator_similis	547309	Saltator similis
otu672	Saltator orenocensis	orisal1	Saltator_orenocensis	3597158	Saltator orenocensis
otu660	Saltator atripennis	blwsal1	Saltator_atripennis	396690	Saltator atripennis
otu659	Saltator atriceps	blhsal1	Saltator_atriceps	396686	Saltator atriceps
otu661	Saltator maximus	butsal1	Saltator_maximus	396683	Saltator maximus
otu662	Saltator nigriceps	blcsal1	Saltator_nigriceps	922658	Saltator nigriceps
otu663	Saltator cinctus	massal1	Saltator_cinctus	3597155	Saltator cinctus
otu665	Saltator maxillosus	thbsal1	Saltator_maxillosus	3597157	Saltator maxillosus
otu664	Saltator aurantiirostris	gobsal1	Saltator_aurantiirostris	396689	Saltator aurantiirostris
otu666	Saltator fuliginosus	bltgro2	Saltator_fuliginosus	3597156	Saltator fuliginosus
otu667	Saltator grossus	slcgro1	Saltator_grossus	396685	Saltator grossus
otu530	Sicalis citrina	styfin1	Sicalis_citrina	3597300	Sicalis citrina
otu527	Phrygilus atriceps	bhsfin1	Phrygilus_atriceps	396691	Phrygilus atriceps
otu528	Phrygilus punensis	pesfin1	Phrygilus_punensis	460165	Phrygilus punensis
otu529	Phrygilus gayi	gyhsif1	Phrygilus_gayi	497208	Phrygilus gayi
otu526	Phrygilus patagonicus	pasfin1	Phrygilus_patagonicus	799135	Phrygilus patagonicus
otu522	Melanodera melanodera	cawfin1	Melanodera_melanodera	892287	Melanodera melanodera
otu521	Melanodera xanthogramma	yebfin1	Melanodera_xanthogramma	20546	Melanodera xanthogramma
otu523	Rowettia goughensis	goifin1	Rowettia_goughensis	499938	Rowettia goughensis
otu525	Nesospiza acunhae	nigfin1	Nesospiza_acunhae	957952	Nesospiza acunhae
otu524	Nesospiza wilkinsi	wilfin3	Nesospiza_wilkinsi	957953	Nesospiza wilkinsi
otu513	Sicalis taczanowskii	sutfin1	Sicalis_taczanowskii	3597298	Sicalis taczanowskii
otu518	Embernagra platensis olivascens	grepaf1	Sicalis_olivascens	922660	Sicalis olivascens
otu517	Sicalis auriventris	gryfin2	Sicalis_auriventris	3597301	Sicalis auriventris
otu516	Sicalis lutea	puyfin1	Sicalis_lutea	593414	Sicalis lutea
otu515	Sicalis raimondii	rayfin1	Sicalis_raimondii	3597304	Sicalis raimondii
otu519	Sicalis luteocephala	chyfin1	Sicalis_luteocephala	491045	Sicalis luteocephala
otu520	Sicalis lebruni	payfin1	Sicalis_lebruni	3597299	Sicalis lebruni
otu514	Sicalis uropygialis	bryfin1	Sicalis_uropygialis	3597303	Sicalis uropygialis
otu510	Sicalis flaveola	saffin	Sicalis_flaveola	853515	Sicalis flaveola
otu511	Sicalis luteola	gryfin1	Sicalis_luteola	528403	Sicalis luteola
otu512	Sicalis columbiana	ofyfin1	Sicalis_columbiana	3597302	Sicalis columbiana
otu547	Diglossa gloriosissima	chbflo1	Diglossa_gloriosissima	621197	Diglossa gloriosissima
otu546	Diglossa lafresnayii	gloflo1	Diglossa_lafresnayii	665184	Diglossa lafresnayii
otu545	Diglossa mystacalis	mouflo1	Diglossa_mystacalis	621200	Diglossa mystacalis
otu552	Diglossa gloriosa	merflo1	Diglossa_gloriosa	621199	Diglossa gloriosa
otu553	Diglossa humeralis	blkflo1	Diglossa_humeralis	79993	Diglossa humeralis
otu551	Diglossa brunneiventris	bktflo1	Diglossa_brunneiventris	621192	Diglossa brunneiventris
otu550	Diglossa carbonaria	gybflo1	Diglossa_carbonaria	414856	Diglossa carbonaria
otu554	Diglossa albilatera	whsflo1	Diglossa_albilatera	621198	Diglossa albilatera
otu555	Diglossa venezuelensis	venflo1	Diglossa_venezuelensis	621195	Diglossa venezuelensis
otu549	Diglossa major	greflo1	Diglossa_major	420989	Diglossa major
otu548	Diglossa duidae	scaflo1	Diglossa_duidae	621191	Diglossa duidae
otu541	Diglossa indigotica	indflo1	Diglossa_indigotica	99659	Diglossopis indigotica
otu544	Diglossa sittoides	rusflo1	Diglossa_sittoides	621196	Diglossa sittoides
otu543	Diglossa baritula	cibflo1	Diglossa_baritula	23956	Diglossa baritula
otu542	Diglossa plumbea	slaflo1	Diglossa_plumbea	621193	Diglossa plumbea
otu556	Diglossa glauca	debflo1	Diglossa_glauca	99656	Diglossopis glauca
otu557	Diglossa cyanea	masflo1	Diglossa_cyanea	3597291	Diglossopis cyanea
otu558	Diglossa caerulescens	bluflo1	Diglossa_caerulescens	99657	Diglossopis caerulescens
otu561	Catamenia inornata	plcsee1	Catamenia_inornata	157499	Catamenia inornata
otu560	Catamenia homochroa	parsee1	Catamenia_homochroa	3597344	Catamenia homochroa
otu559	Catamenia analis	batsee1	Catamenia_analis	178467	Catamenia analis
otu531	Xenodacnis parina	tildac1	Xenodacnis_parina	465922	Xenodacnis parina
otu534	Idiopsar erythronotus	wtsfin1	Phrygilus_erythronotus	460167	Phrygilus erythronotus
otu535	Idiopsar dorsalis	rbsfin1	Phrygilus_dorsalis	396696	Phrygilus dorsalis
otu533	no_match	no_match	Diuca_speculifera	3597355	Diuca speculifera
otu532	Idiopsar brachyurus	shtfin1	Idiopsar_brachyurus	99661	Idiopsar brachyurus
otu537	Geospizopsis plebejus	absfin1	Phrygilus_plebejus	396695	Phrygilus plebejus
otu538	Geospizopsis unicolor	plsfin1	Phrygilus_unicolor	963028	Phrygilus unicolor
otu539	Spodiornis rusticus	slafin1	Haplospiza_rustica	99662	Haplospiza rustica
otu540	no_match	no_match	Acanthidops_bairdii	559735	Acanthidops bairdii
otu536	Haplospiza unicolor	unifin1	Haplospiza_unicolor	998130	Haplospiza unicolor
otu508	Conirostrum bicolor	biccon1	Conirostrum_bicolor	757871	Conirostrum bicolor
otu509	Conirostrum margaritae	pebcon1	Conirostrum_margaritae	621194	Conirostrum margaritae
otu500	Conirostrum leucogenys	whecon1	Conirostrum_leucogenys	3597296	Conirostrum leucogenys
otu506	no_match	no_match	Oreomanes_fraseri	890392	Oreomanes fraseri
otu505	Conirostrum sitticolor	blbcon1	Conirostrum_sitticolor	335227	Conirostrum sitticolor
otu504	Conirostrum cinereum	cincon1	Conirostrum_cinereum	3597292	Conirostrum cinereum
otu503	Conirostrum rufum	rubcon1	Conirostrum_rufum	3597293	Conirostrum rufum
otu502	Conirostrum tamarugense	tamcon1	Conirostrum_tamarugense	3597295	Conirostrum tamarugense
otu501	Conirostrum ferrugineiventre	whbcon1	Conirostrum_ferrugineiventre	3597294	Conirostrum ferrugineiventre
otu507	Conirostrum albifrons	capcon1	Conirostrum_albifrons	961464	Conirostrum albifrons
otu499	Conirostrum speciosum	chvcon1	Conirostrum_speciosum	90855	Conirostrum speciosum
otu390	Rhodinocichla rosea	rottan2	Rhodinocichla_rosea	817637	Rhodinocichla rosea
otu387	Calcarius lapponicus	laplon	Calcarius_lapponicus	420995	Calcarius lapponicus
otu388	Calcarius ornatus	chclon	Calcarius_ornatus	765406	Calcarius ornatus
otu389	Calcarius pictus	smilon	Calcarius_pictus	1002233	Calcarius pictus
otu384	Rhynchophanes mccownii	mcclon	Calcarius_mccownii	948132	Calcarius mccownii
otu386	Plectrophenax hyperboreus	mckbun	Plectrophenax_hyperboreus	951125	Plectrophenax hyperboreus
otu385	Plectrophenax nivalis	snobun	Plectrophenax_nivalis	453764	Plectrophenax nivalis
otu22	Emberiza flaviventris	gobbun1	Emberiza_flaviventris	536142	Emberiza flaviventris
otu21	Emberiza cabanisi	cabbun1	Emberiza_cabanisi	846938	Emberiza cabanisi
otu20	Emberiza capensis	capbun1	Emberiza_capensis	679088	Emberiza capensis
otu19	Emberiza striolata	houbun2	Emberiza_striolata	516966	Emberiza striolata
otu18	Emberiza tahapisi	cibbun1	Emberiza_tahapisi	1094120	Fringillaria tahapisi
otu17	Emberiza impetuani	lalbun1	Emberiza_impetuani	679099	Fringillaria impetuani
otu33	Emberiza schoeniclus	reebun	Emberiza_schoeniclus	711856	Emberiza schoeniclus
otu34	Emberiza pallasi	palbun	Emberiza_pallasi	1018614	Emberiza pallasi
otu32	Emberiza yessoensis	ocrbun1	Emberiza_yessoensis	1094092	Schoeniclus yessoensis
otu35	Emberiza siemsseni	slabun1	Latoucheornis_siemsseni	516969	Schoeniclus siemsseni
otu36	Emberiza elegans	yetbun1	Emberiza_elegans	167343	Schoeniclus elegans
otu31	Emberiza sulphurata	yelbun1	Emberiza_sulphurata	1094118	Emberiza sulphurata
otu26	Emberiza tristrami	tribun1	Emberiza_tristrami	441576	Emberiza tristrami
otu28	Emberiza chrysophrys	yebbun1	Emberiza_chrysophrys	846941	Emberiza chrysophrys
otu27	Emberiza variabilis	grybun	Emberiza_variabilis	28339	Emberiza variabilis
otu30	Emberiza spodocephala	blfbun1	Emberiza_spodocephala	613879	Schoeniclus spodocephala
otu29	Emberiza aureola	yebbun	Emberiza_aureola	45309	Schoeniclus aureolus
otu25	Emberiza rutila	chebun1	Emberiza_rutila	124457	Emberiza rutila
otu24	no_match	no_match	Emberiza_rustica	28343	Schoeniclus rusticus
otu23	Emberiza pusilla	litbun	Emberiza_pusilla	340338	Emberiza pusilla
otu16	Emberiza lathami	crebun1	Melophus_lathami	922666	Melophus lathami
otu15	Emberiza melanocephala	blhbun1	Emberiza_melanocephala	178468	Emberiza melanocephala
otu14	Emberiza bruniceps	rehbun1	Emberiza_bruniceps	178473	Emberiza bruniceps
otu12	Emberiza fucata	chebun2	Emberiza_fucata	802893	Emberiza fucata
otu13	not_a_bird	not_a_bird	Emberiza_calandra	972939	Emberiza calandra
otu3	Emberiza cioides	meabun1	Emberiza_cioides	367092	Emberiza cioides
otu2	Emberiza godlewskii	godbun1	Emberiza_godlewskii	972940	Emberiza godlewskii
otu1	Emberiza cia	rocbun1	Emberiza_cia	846944	Emberiza cia
otu4	Emberiza jankowskii	rubbun1	Emberiza_jankowskii	679102	Emberiza jankowskii
otu11	Emberiza cirlus	cirbun1	Emberiza_cirlus	845178	Emberiza cirlus
otu8	Emberiza stewarti	chbbun1	Emberiza_stewarti	972937	Emberiza stewarti
otu10	Emberiza citrinella	yellow2	Emberiza_citrinella	828708	Emberiza citrinella
otu9	Emberiza leucocephalos	pinbun	Emberiza_leucocephalos	46691	Emberiza leucocephalos
otu5	Emberiza hortulana	ortbun1	Emberiza_hortulana	145223	Emberiza hortulana
otu6	Emberiza caesia	crebun2	Emberiza_caesia	679086	Emberiza caesia
otu7	Emberiza buchanani	gyhbun1	Emberiza_buchanani	846937	Emberiza buchanani
otu73	Arremon schlegeli	gowspa1	Arremon_schlegeli	463777	Arremon schlegeli
otu74	Arremon flavirostris	sabspa1	Arremon_flavirostris	417259	Arremon flavirostris
otu72	Arremon semitorquatus	hacspa1	Arremon_semitorquatus	598887	Arremon semitorquatus
otu71	Arremon taciturnus	pecspa1	Arremon_taciturnus	101225	Arremon taciturnus
otu75	Arremon aurantiirostris	orbspa1	Arremon_aurantiirostris	169529	Arremon aurantiirostris
otu76	Arremon abeillei	blcspa2	Arremon_abeillei	3597263	Arremon abeillei
otu63	Arremon phaeopleurus	sthbrf6	Buarremon_phaeopleurus	3597266	Arremon phaeopleurus
otu66	Arremon assimilis	sthbrf8	Buarremon_assimilis	478091	Buarremon assimilis
otu69	Arremon torquatus	sthbrf2	Buarremon_torquatus	1087574	Buarremon torquatus
otu68	Arremon perijanus	sthbrf5	Buarremon_perijanus	3597262	Arremon perijanus
otu67	Arremon basilicus	sthbrf4	Buarremon_basilicus	478182	Buarremon basilicus
otu64	Arremon phygas	sthbrf7	Buarremon_phygas	3597264	Arremon phygas
otu65	Arremon atricapillus	sthbrf1	Buarremon_atricapillus	478097	Buarremon atricapillus
otu70	Arremon costaricensis	sthbrf3	Buarremon_costaricensis	3597260	Arremon costaricensis
otu80	Arremon virenticeps	gsbfin1	Buarremon_virenticeps	759621	Buarremon virenticeps
otu79	Arremon brunneinucha	ccbfin	Buarremon_brunneinuchus	5860996	Buarremon brunneinuchus
otu78	Arremon castaneiceps	olifin1	Lysurus_castaneiceps	938824	Arremon castaneiceps
otu77	Arremon crassirostris	soffin1	Lysurus_crassirostris	501790	Arremon crassirostris
otu149	Melozone biarcuata	pregrs1	Melozone_biarcuata	5857269	Melozone biarcuata
otu148	Melozone leucotis	wegspa1	Melozone_leucotis	934468	Melozone leucotis
otu144	Melozone aberti	abetow	Pipilo_aberti	3597250	Kieneria aberti
otu143	Melozone crissalis	caltow	Pipilo_crissalis	3597248	Kieneria crissalis
otu145	Melozone fusca	cantow	Pipilo_fuscus	463029	Kieneria fusca
otu146	Melozone albicollis	whttow1	Pipilo_albicollis	3597253	Kieneria albicollis
otu147	Melozone kieneri	rcgspa1	Melozone_kieneri	97315	Melozone kieneri
otu151	Aimophila ruficeps	rucspa	Aimophila_ruficeps	292634	Aimophila ruficeps
otu150	Aimophila notosticta	oaxspa1	Aimophila_notosticta	6023	Aimophila notosticta
otu152	Aimophila rufescens	russpa1	Aimophila_rufescens	630696	Aimophila rufescens
otu138	Atlapetes pileatus	rcbfin1	Atlapetes_pileatus	596725	Atlapetes pileatus
otu139	no_match	no_match	Atlapetes_gutturalis	934460	Atlapetes gutturalis
otu140	Atlapetes albinucha	wnbfin1	Atlapetes_albinucha	410565	Atlapetes albinucha
otu130	Atlapetes albofrenatus	mobfin1	Atlapetes_albofrenatus	3597287	Atlapetes albofrenatus
otu132	Atlapetes semirufus	obbfin1	Atlapetes_semirufus	3597268	Atlapetes semirufus
otu131	Atlapetes melanocephalus	smbfin1	Atlapetes_melanocephalus	3597269	Atlapetes melanocephalus
otu133	Atlapetes rufinucha	rnbfin1	Atlapetes_rufinucha	561200	Atlapetes rufinucha
otu134	Atlapetes citrinellus	ysbfin1	Atlapetes_citrinellus	934461	Atlapetes citrinellus
otu135	Atlapetes fulviceps	fhbfin1	Atlapetes_fulviceps	561201	Atlapetes fulviceps
otu117	Atlapetes albiceps	whbfin1	Atlapetes_albiceps	3597284	Atlapetes albiceps
otu118	Atlapetes flaviceps	yehbrf1	Atlapetes_flaviceps	3597282	Atlapetes flaviceps
otu119	Atlapetes fuscoolivaceus	dhbfin1	Atlapetes_fuscoolivaceus	3597271	Atlapetes fuscoolivaceus
otu120	Atlapetes leucopis	wrbfin1	Atlapetes_leucopis	3597283	Atlapetes leucopis
otu129	Atlapetes tricolor	trbfin1	Atlapetes_tricolor	1087584	Atlapetes tricolor
otu123	Atlapetes leucopterus	wwbfin1	Atlapetes_leucopterus	3597272	Atlapetes leucopterus
otu124	Atlapetes pallidiceps	phbfin1	Atlapetes_pallidiceps	3597270	Atlapetes pallidiceps
otu125	Atlapetes nationi	rbbfin1	Atlapetes_nationi	3597276	Atlapetes nationi
otu126	Atlapetes seebohmi	bcbfin1	Atlapetes_seebohmi	3597274	Atlapetes seebohmi
otu128	Atlapetes latinuchus	yebbrf1	Atlapetes_latinuchus	463779	Atlapetes latinuchus
otu127	Atlapetes pallidinucha	pnbfin1	Atlapetes_pallidinucha	3597275	Atlapetes pallidinucha
otu122	Atlapetes schistaceus	slbfin2	Atlapetes_schistaceus	1087579	Atlapetes schistaceus
otu121	Atlapetes rufigenis	rebfin1	Atlapetes_rufigenis	561202	Atlapetes rufigenis
otu116	Atlapetes personatus	tebfin1	Atlapetes_personatus	595227	Atlapetes personatus
otu113	Atlapetes canigenis	cuzbrf1	Atlapetes_canigenis	3597273	Atlapetes canigenis
otu114	Atlapetes terborghi	vilbrf1	Atlapetes_terborghi	3597279	Atlapetes terborghi
otu115	Atlapetes melanopsis	bksbrf1	Atlapetes_melanopsis	561203	Atlapetes melanopsis
otu112	Atlapetes forbesi	apubrf1	Atlapetes_forbesi	3597286	Atlapetes forbesi
otu137	Atlapetes tibialis	yetfin1	Pselliophorus_tibialis	408447	Pselliophorus tibialis
otu136	Atlapetes luteoviridis	yegfin1	Pselliophorus_luteoviridis	588604	Pselliophorus luteoviridis
otu108	Pipilo ocai	coltow1	Pipilo_ocai	97319	Pipilo ocai
otu109	Pipilo chlorurus	gnttow	Pipilo_chlorurus	463020	Pipilo chlorurus
otu110	Pipilo erythrophthalmus	eastow	Pipilo_erythrophthalmus	453762	Pipilo erythrophthalmus
otu111	Pipilo maculatus	spotow	Pipilo_maculatus	97318	Pipilo maculatus
otu141	Pezopetes capitalis	laffin1	Pezopetes_capitalis	262696	Pezopetes capitalis
otu142	Torreornis inexpectata	zapspa1	Torreornis_inexpectata	1027553	Torreornis inexpectata
otu92	Artemisiospiza belli	belspa2	Amphispiza_belli	292639	Amphispiza belli
otu93	not_a_bird	not_a_bird	Amphispiza_nevadensis	None	None
otu94	Pooecetes gramineus	vesspa	Pooecetes_gramineus	765407	Pooecetes gramineus
otu107	Oriturus superciliosus	strspa1	Oriturus_superciliosus	934463	Oriturus superciliosus
otu104	Melospiza georgiana	swaspa	Melospiza_georgiana	265545	Melospiza georgiana
otu103	Melospiza lincolnii	linspa	Melospiza_lincolnii	265550	Melospiza lincolnii
otu102	Melospiza melodia	sonspa	Melospiza_melodia	265548	Melospiza melodia
otu106	Centronyx bairdii	baispa	Ammodramus_bairdii	836182	Ammodramus bairdii
otu105	Xenospiza baileyi	simspa1	Xenospiza_baileyi	408446	Xenospiza baileyi
otu99	Centronyx henslowii	henspa	Ammodramus_henslowii	292636	Ammodramus henslowii
otu100	Passerculus sandwichensis	savspa	Passerculus_sandwichensis	453758	Passerculus sandwichensis
otu101	Passerculus sandwichensis	savspa	Passerculus_rostratus	453758	Passerculus sandwichensis
otu95	no_match	no_match	Ammodramus_leconteii	292635	Ammodramus leconteii
otu97	Ammospiza nelsoni	nstspa	Ammodramus_nelsoni	934469	Ammodramus nelsoni
otu96	Ammospiza caudacuta	sstspa	Ammodramus_caudacutus	567252	Ammodramus caudacutus
otu98	Ammospiza maritima	seaspa	Ammodramus_maritimus	1002241	Ammodramus maritimus
otu82	Spizelloides arborea	amtspa	Spizella_arborea	463026	Spizella arborea
otu90	Junco hyemalis	daejun	Junco_hyemalis	989502	Junco hyemalis
otu89	Junco phaeonotus	yeejun	Junco_phaeonotus	765405	Junco phaeonotus
otu91	Junco insularis	daejun2	Junco_insularis	4947621	Junco insularis
otu88	Junco vulcani	voljun1	Junco_vulcani	3597254	Junco vulcani
otu83	Zonotrichia capensis	rucspa1	Zonotrichia_capensis	265551	Zonotrichia capensis
otu86	Zonotrichia atricapilla	gocspa	Zonotrichia_atricapilla	265554	Zonotrichia atricapilla
otu87	Zonotrichia leucophrys	whcspa	Zonotrichia_leucophrys	265553	Zonotrichia leucophrys
otu85	Zonotrichia albicollis	whtspa	Zonotrichia_albicollis	265547	Zonotrichia albicollis
otu84	Zonotrichia querula	harspa	Zonotrichia_querula	265552	Zonotrichia querula
otu81	Passerella iliaca	foxspa	Passerella_iliaca	789028	Passerella iliaca
otu153	Amphispiza quinquestriata	fisspa	Aimophila_quinquestriata	630695	Aimophila quinquestriata
otu154	Amphispiza bilineata	bktspa	Amphispiza_bilineata	292646	Amphispiza bilineata
otu156	Calamospiza melanocorys	larbun	Calamospiza_melanocorys	948123	Calamospiza melanocorys
otu155	Chondestes grammacus	larspa	Chondestes_grammacus	890355	Chondestes grammacus
otu157	Spizella passerina	chispa	Spizella_passerina	989504	Spizella passerina
otu163	Spizella atrogularis	bkcspa	Spizella_atrogularis	463036	Spizella atrogularis
otu162	Spizella pallida	clcspa	Spizella_pallida	989506	Spizella pallida
otu161	Spizella wortheni	worspa	Spizella_wortheni	567431	Spizella wortheni
otu160	Spizella breweri	brespa	Spizella_breweri	463034	Spizella breweri
otu159	no_match	no_match	Spizella_taverneri	243614	Spizella taverneri
otu158	Spizella pusilla	fiespa	Spizella_pusilla	989508	Spizella pusilla
otu59	Rhynchospiza strigiceps	stcspa1	Aimophila_strigiceps	630694	Aimophila strigiceps
otu58	Rhynchospiza stolzmanni	tumspa1	Aimophila_stolzmanni	6024	Aimophila stolzmanni
otu54	Arremonops tocuyensis	tocspa1	Arremonops_tocuyensis	3597247	Arremonops tocuyensis
otu55	Arremonops conirostris	blsspa1	Arremonops_conirostris	6030	Arremonops conirostris
otu57	Arremonops rufivirgatus	olispa	Arremonops_rufivirgatus	97317	Arremonops rufivirgatus
otu56	Arremonops chloronotus	grbspa1	Arremonops_chloronotus	578730	Arremonops chloronotus
otu53	Peucaea carpalis	ruwspa	Aimophila_carpalis	6028	Aimophila carpalis
otu52	Peucaea sumichrasti	citspa1	Aimophila_sumichrasti	630691	Aimophila sumichrasti
otu51	Peucaea humeralis	blcspa1	Aimophila_humeralis	6027	Aimophila humeralis
otu50	Peucaea mystacalis	brispa1	Aimophila_mystacalis	6025	Aimophila mystacalis
otu49	Peucaea ruficauda	sthspa1	Aimophila_ruficauda	630693	Aimophila ruficauda
otu48	Peucaea botterii	botspa	Aimophila_botterii	24666	Peucaea botterii
otu47	Peucaea aestivalis	bacspa	Aimophila_aestivalis	3597174	Peucaea aestivalis
otu46	Peucaea cassinii	casspa	Aimophila_cassinii	961462	Aimophila cassinii
otu61	Ammodramus aurifrons	yebspa1	Myospiza_aurifrons	5861000	Myospiza aurifrons
otu62	Ammodramus humeralis	graspa1	Myospiza_humeralis	5860999	Myospiza humeralis
otu60	Ammodramus savannarum	graspa	Ammodramus_savannarum	420998	Ammodramus savannarum
otu38	Chlorospingus flavigularis	ytbtan1	Chlorospingus_flavigularis	5619	Chlorospingus flavigularis
otu37	Chlorospingus parvirostris	shbbut1	Chlorospingus_parvirostris	5622	Chlorospingus parvirostris
otu44	Chlorospingus canigularis	atbtan1	Chlorospingus_canigularis	630298	Chlorospingus canigularis
otu43	Chlorospingus pileatus	scbtan1	Chlorospingus_pileatus	819309	Chlorospingus pileatus
otu42	no_match	no_match	Chlorospingus_ophthalmicus	5618	Chlorospingus ophthalmicus
otu41	Chlorospingus tacarcunae	tabtan1	Chlorospingus_tacarcunae	588603	Chlorospingus tacarcunae
otu40	Chlorospingus semifuscus	dubtan1	Chlorospingus_semifuscus	5621	Chlorospingus semifuscus
otu39	Chlorospingus inornatus	pibtan1	Chlorospingus_inornatus	588602	Chlorospingus inornatus
otu45	Oreothraupis arremonops	tanfin1	Oreothraupis_arremonops	567615	Oreothraupis arremonops
otu381	Calyptophilus frugivorus	eactan1	Calyptophilus_frugivorus	454127	Calyptophilus frugivorus
otu380	Phaenicophilus palmarum	bcptan1	Phaenicophilus_palmarum	943092	Phaenicophilus palmarum
otu379	Xenoligea montana	whwwar1	Xenoligea_montana	808917	Xenoligea montana
otu378	Microligea palustris	grtwar1	Microligea_palustris	309808	Microligea palustris
otu383	Spindalis zena	wesspi	Spindalis_zena	303111	Spindalis zena
otu382	Nesospingus speculiferus	purtan1	Nesospingus_speculiferus	884090	Nesospingus speculiferus
otu270	Teretistris fernandinae	yehwar1	Teretistris_fernandinae	449562	Teretistris fernandinae
otu375	Xanthocephalus xanthocephalus	yehbla	Xanthocephalus_xanthocephalus	364331	Xanthocephalus xanthocephalus
otu372	no_match	no_match	Sturnella_loyca	1073504	Sturnella loyca
otu373	no_match	no_match	Sturnella_defilippii	3597172	Sturnella defilippii
otu369	no_match	no_match	Sturnella_superciliaris	516964	Sturnella superciliaris
otu370	Leistes militaris	rebbla1	Sturnella_militaris	979985	Sturnella militaris
otu371	no_match	no_match	Sturnella_bellicosa	283665	Sturnella bellicosa
otu366	Sturnella magna	easmea	Sturnella_magna	489144	Sturnella magna
otu367	not_a_bird	not_a_bird	Sturnella_lilianae	None	None
otu368	Sturnella neglecta	wesmea	Sturnella_neglecta	283666	Sturnella neglecta
otu374	Dolichonyx oryzivorus	boboli	Dolichonyx_oryzivorus	858292	Dolichonyx oryzivorus
otu355	Cacicus solitarius	sobcac1	Cacicus_solitarius	264502	Cacicus solitarius
otu352	Cacicus koepckeae	selcac1	Cacicus_koepckeae	3597160	Cacicus koepckeae
otu353	Cacicus sclateri	ecucac1	Cacicus_sclateri	549647	Cacicus sclateri
otu354	Cacicus chrysopterus	gowcac1	Cacicus_chrysopterus	383908	Cacicus chrysopterus
otu351	Cacicus cela	yercac1	Cacicus_cela	283677	Cacicus cela
otu350	Cacicus uropygialis	scrcac1	Cacicus_uropygialis	264504	Cacicus uropygialis
otu349	Cacicus chrysonotus	moucac1	Cacicus_chrysonotus	383909	Cacicus chrysonotus
otu348	no_match	no_match	Ocyalus_latirostris	125177	Ocyalus latirostris
otu347	Cacicus oseryi	casoro2	Psarocolius_oseryi	1069145	Psarocolius oseryi
otu346	Cacicus haemorrhous	rercac1	Cacicus_haemorrhous	383912	Cacicus haemorrhous
otu359	Psarocolius decumanus	creoro1	Psarocolius_decumanus	939937	Psarocolius decumanus
otu364	Psarocolius bifasciatus	olioro1	Psarocolius_bifasciatus	909240	Psarocolius bifasciatus
otu362	Psarocolius guatimozinus	blaoro1	Psarocolius_guatimozinus	3597169	Psarocolius guatimozinus
otu363	Psarocolius cassini	bauoro2	Psarocolius_cassini	3597170	Psarocolius cassini
otu361	Psarocolius montezuma	monoro1	Psarocolius_montezuma	1026889	Psarocolius montezuma
otu360	Psarocolius viridis	greoro1	Psarocolius_viridis	909234	Psarocolius viridis
otu356	Psarocolius wagleri	chhoro1	Psarocolius_wagleri	699301	Psarocolius wagleri
otu358	Psarocolius angustifrons	ruboro1	Psarocolius_angustifrons	939934	Psarocolius angustifrons
otu357	Psarocolius atrovirens	dugoro1	Psarocolius_atrovirens	939938	Psarocolius atrovirens
otu345	Cassiculus melanicterus	yewcac1	Cacicus_melanicterus	125175	Cacicus melanicterus
otu365	Amblycercus holosericeus	yebcac1	Amblycercus_holosericeus	858282	Amblycercus holosericeus
otu281	Icterus prosthemelas	bkcori	Icterus_prosthemelas	126996	Icterus prosthemelas
otu282	Icterus spurius	orcori	Icterus_spurius	788030	Icterus spurius
otu271	Icterus melanopsis	graori2	Icterus_melanopsis	3597165	Icterus melanopsis
otu272	Icterus northropi	graori3	Icterus_northropi	335470	Icterus northropi
otu274	Icterus dominicensis	graori1	Icterus_dominicensis	1077594	Icterus dominicensis
otu273	Icterus laudabilis	stlori1	Icterus_laudabilis	1077604	Icterus laudabilis
otu277	Icterus auricapillus	orcori1	Icterus_auricapillus	875836	Icterus auricapillus
otu276	Icterus cayanensis chrysocephalus	epaori2	Icterus_chrysocephalus	321814	Icterus chrysocephalus
otu275	Icterus cayanensis	epaori1	Icterus_cayanensis	839103	Icterus cayanensis
otu279	Icterus bonana	marori1	Icterus_bonana	500912	Icterus bonana
otu280	Icterus portoricensis	graori4	Icterus_portoricensis	3597166	Icterus portoricensis
otu278	Icterus oberi	monori1	Icterus_oberi	1077606	Icterus oberi
otu283	Icterus cucullatus	hooori	Icterus_cucullatus	1077593	Icterus cucullatus
otu284	Icterus wagleri	bkvori	Icterus_wagleri	550999	Icterus wagleri
otu285	Icterus maculialatus	bawori1	Icterus_maculialatus	1077605	Icterus maculialatus
otu286	Icterus mesomelas	yetori1	Icterus_mesomelas	788027	Icterus mesomelas
otu290	Icterus jamacaii	camtro1	Icterus_jamacaii	1077603	Icterus jamacaii
otu289	Icterus icterus	ventro1	Icterus_icterus	788029	Icterus icterus
otu291	Icterus croconotus	orbtro3	Icterus_croconotus	169957	Icterus croconotus
otu288	Icterus pectoralis	spbori	Icterus_pectoralis	550995	Icterus pectoralis
otu287	Icterus graceannae	wheori1	Icterus_graceannae	198162	Icterus graceannae
otu295	Icterus galbula	balori	Icterus_galbula	1077595	Icterus galbula
otu296	Icterus abeillei	blbori1	Icterus_abeillei	875833	Icterus abeillei
otu301	Icterus bullockii	bulori	Icterus_bullockii	332166	Icterus bullockii
otu302	Icterus pustulatus	stbori	Icterus_pustulatus	550993	Icterus pustulatus
otu300	Icterus leucopteryx	jamori1	Icterus_leucopteryx	788028	Icterus leucopteryx
otu299	Icterus auratus	oraori1	Icterus_auratus	500913	Icterus auratus
otu298	Icterus gularis	altori	Icterus_gularis	1077601	Icterus gularis
otu297	Icterus nigrogularis	yelori1	Icterus_nigrogularis	788024	Icterus nigrogularis
otu292	Icterus parisorum	scoori	Icterus_parisorum	788031	Icterus parisorum
otu294	Icterus chrysater	yebori1	Icterus_chrysater	1077592	Icterus chrysater
otu293	Icterus graduacauda	audori	Icterus_graduacauda	1077599	Icterus graduacauda
otu340	Molothrus rufoaxillaris	scrcow1	Molothrus_rufoaxillaris	213452	Molothrus rufoaxillaris
otu341	Molothrus oryzivorus	giacow	Molothrus_oryzivorus	1009279	Molothrus oryzivorus
otu343	Molothrus ater	bnhcow	Molothrus_ater	213450	Molothrus ater
otu342	Molothrus aeneus	brocow	Molothrus_aeneus	213448	Molothrus aeneus
otu344	Molothrus bonariensis	shicow	Molothrus_bonariensis	213451	Molothrus bonariensis
otu309	Ptiloxena atroviolacea	cubbla	Dives_atroviolaceus	3597163	Dives atroviolaceus
otu317	Quiscalus nicaraguensis	nicgra1	Quiscalus_nicaraguensis	735244	Quiscalus nicaraguensis
otu318	Quiscalus lugubris	cargra1	Quiscalus_lugubris	498749	Quiscalus lugubris
otu313	Quiscalus niger	gragra1	Quiscalus_niger	283674	Quiscalus niger
otu316	Quiscalus palustris	slbgra1	Quiscalus_palustris	735243	Quiscalus palustris
otu315	Quiscalus mexicanus	grtgra	Quiscalus_mexicanus	743411	Quiscalus mexicanus
otu314	Quiscalus major	botgra	Quiscalus_major	283673	Quiscalus major
otu312	Quiscalus quiscula	comgra	Quiscalus_quiscula	283668	Quiscalus quiscula
otu311	Euphagus cyanocephalus	brebla	Euphagus_cyanocephalus	264500	Euphagus cyanocephalus
otu310	Euphagus carolinus	rusbla	Euphagus_carolinus	839098	Euphagus carolinus
otu319	no_match	no_match	Dives_warszewiczi	3597164	Dives warszewiczi
otu320	Dives dives	melbla1	Dives_dives	388540	Dives dives
otu322	Curaeus curaeus	ausbla1	Curaeus_curaeus	858278	Curaeus curaeus
otu321	Amblyramphus holosericeus	schbla1	Amblyramphus_holosericeus	264487	Amblyramphus holosericeus
otu333	Gnorimopsar chopi	chobla1	Gnorimopsar_chopi	839100	Gnorimopsar chopi
otu326	Agelaioides badius	bawcow4	Agelaioides_badius	992776	Molothrus badius
otu327	Oreopsar bolivianus	bolbla1	Oreopsar_bolivianus	939939	Oreopsar bolivianus
otu331	Chrysomus icterocephalus	yehbla2	Chrysomus_icterocephalus	608729	Chrysomus icterocephalus
otu332	Chrysomus ruficapillus	chcbla2	Chrysomus_ruficapillus	994343	Chrysomus ruficapillus
otu330	Xanthopsar flavus	sacbla2	Xanthopsar_flavus	698643	Xanthopsar flavus
otu329	Pseudoleistes guirahuro	yermar1	Pseudoleistes_guirahuro	939946	Pseudoleistes guirahuro
otu328	Pseudoleistes virescens	baymar1	Pseudoleistes_virescens	364339	Pseudoleistes virescens
otu325	Agelasticus cyanopus	unibla2	Chrysomus_cyanopus	305322	Chrysomus cyanopus
otu324	Agelasticus xanthophthalmus	paebla2	Chrysomus_xanthophthalmus	125474	Chrysomus xanthophthalmus
otu323	Agelasticus thilius	yewbla2	Chrysomus_thilius	305330	Chrysomus thilius
otu334	Anumara forbesi	forbla1	Curaeus_forbesi	3597162	Curaeus forbesi
otu335	Macroagelaius subalaris	mougra1	Macroagelaius_subalaris	93045	Macroagelaius subalaris
otu336	Macroagelaius imthurni	gotgra1	Macroagelaius_imthurni	213445	Macroagelaius imthurni
otu337	Lampropsar tanagrinus	vefgra1	Lampropsar_tanagrinus	839106	Lampropsar tanagrinus
otu338	Hypopyrrhus pyrohypogaster	rebgra1	Hypopyrrhus_pyrohypogaster	798659	Hypopyrrhus pyrohypogaster
otu339	Gymnomystax mexicanus	oribla1	Gymnomystax_mexicanus	264482	Gymnomystax mexicanus
otu305	Agelaius phoeniceus	rewbla	Agelaius_phoeniceus	226605	Agelaius phoeniceus
otu304	Agelaius assimilis	resbla1	Agelaius_assimilis	3597159	Agelaius assimilis
otu303	Agelaius tricolor	tribla	Agelaius_tricolor	617797	Agelaius tricolor
otu307	Agelaius humeralis	tasbla	Agelaius_humeralis	498752	Agelaius humeralis
otu306	Agelaius xanthomus	yesbla1	Agelaius_xanthomus	498751	Agelaius xanthomus
otu308	Nesopsar nigerrimus	jambla1	Nesopsar_nigerrimus	213454	Nesopsar nigerrimus
otu376	Zeledonia coronata	wrenth1	Zeledonia_coronata	449580	Zeledonia coronata
otu377	Icteria virens	yebcha	Icteria_virens	998133	Icteria virens
otu269	Seiurus aurocapilla	ovenbi1	Seiurus_aurocapilla	285207	Seiurus aurocapilla
otu172	Basileuterus lachrymosus	fatwar	Euthlypis_lachrymosa	3597220	Basileuterus lachrymosus
otu177	no_match	no_match	Basileuterus_hypoleucus	384914	Basileuterus hypoleucus
otu176	Basileuterus culicivorus	gcrwar	Basileuterus_culicivorus	508027	Basileuterus culicivorus
otu179	Basileuterus tristriatus	thswar1	Basileuterus_tristriatus	117643	Basileuterus tristriatus
otu178	Basileuterus trifasciatus	thbwar2	Basileuterus_trifasciatus	384908	Basileuterus trifasciatus
otu175	Basileuterus rufifrons	rucwar	Basileuterus_rufifrons	1034070	Basileuterus rufifrons
otu174	Basileuterus melanogenys	blcwar1	Basileuterus_melanogenys	384916	Basileuterus melanogenys
otu173	Basileuterus belli	gobwar1	Basileuterus_belli	410568	Basileuterus belli
otu180	Cardellina pusilla	wlswar	Wilsonia_pusilla	3597185	Cardellina pusilla
otu181	Cardellina versicolor	pihwar1	Ergaticus_versicolor	3597184	Cardellina versicolor
otu182	Cardellina rubra	redwar1	Ergaticus_ruber	3597183	Cardellina rubra
otu183	Cardellina rubrifrons	refwar	Cardellina_rubrifrons	1061912	Cardellina rubrifrons
otu184	Cardellina canadensis	canwar	Wilsonia_canadensis	3597182	Cardellina canadensis
otu186	Myioborus torquatus	colred1	Myioborus_torquatus	992006	Myioborus torquatus
otu187	Myioborus pariae	parred1	Myioborus_pariae	992008	Myioborus pariae
otu190	Myioborus albifacies	whfred1	Myioborus_albifacies	659607	Myioborus albifacies
otu189	Myioborus castaneocapilla	tepred1	Myioborus_castaneocapilla	3597186	Myioborus castaneocapilla
otu188	Myioborus cardonai	sabred1	Myioborus_cardonai	992007	Myioborus cardonai
otu194	Myioborus flavivertex	yecred1	Myioborus_flavivertex	992009	Myioborus flavivertex
otu193	Myioborus albifrons	whfred2	Myioborus_albifrons	85245	Myioborus albifrons
otu191	Myioborus ornatus	gofred1	Myioborus_ornatus	449735	Myioborus ornatus
otu192	Myioborus melanocephalus	spered1	Myioborus_melanocephalus	315419	Myioborus melanocephalus
otu185	Myioborus brunniceps	brcred1	Myioborus_brunniceps	859999	Myioborus brunniceps
otu195	Myioborus miniatus	sltred	Myioborus_miniatus	859998	Myioborus miniatus
otu196	Myioborus pictus	paired	Myioborus_pictus	285205	Myioborus pictus
otu205	Myiothlypis flaveola	flawar1	Basileuterus_flaveolus	865397	Basileuterus flaveolus
otu206	Myiothlypis leucoblephara	whbwar2	Basileuterus_leucoblepharus	292918	Basileuterus leucoblepharus
otu207	Myiothlypis leucophrys	whswar2	Basileuterus_leucophrys	317448	Basileuterus leucophrys
otu204	Myiothlypis luteoviridis	citwar1	Basileuterus_luteoviridis	1034069	Basileuterus luteoviridis
otu210	Myiothlypis signata	palwar1	Basileuterus_signatus	1034068	Basileuterus signatus
otu211	Myiothlypis nigrocristata	blcwar2	Basileuterus_nigrocristatus	5620	Basileuterus nigrocristatus
otu208	no_match	no_match	Phaeothlypis_fulvicauda	285203	Phaeothlypis fulvicauda
otu209	Myiothlypis rivularis	rivwar1	Phaeothlypis_rivularis	5860998	Phaeothlypis rivularis
otu199	Myiothlypis chrysogaster	gobwar2	Basileuterus_chrysogaster	384910	Basileuterus chrysogaster
otu203	Myiothlypis cinereicollis	gytwar1	Basileuterus_cinereicollis	508023	Basileuterus cinereicollis
otu202	Myiothlypis conspicillata	whlwar1	Basileuterus_conspicillatus	384904	Basileuterus conspicillatus
otu201	Myiothlypis coronata	rucwar1	Basileuterus_coronatus	508025	Basileuterus coronatus
otu200	Myiothlypis fraseri	gagwar2	Basileuterus_fraseri	384906	Basileuterus fraseri
otu198	not_a_bird	not_a_bird	Basileuterus_roraimae	None	None
otu197	Myiothlypis bivittata	twbwar1	Basileuterus_bivittatus	994339	Basileuterus bivittatus
otu245	Setophaga pharetra	arrwar1	Dendroica_pharetra	3597190	Setophaga pharetra
otu244	Setophaga angelae	elwwar1	Dendroica_angelae	3597191	Setophaga angelae
otu243	Setophaga plumbea	pluwar1	Dendroica_plumbea	3597205	Setophaga plumbea
otu242	Setophaga citrina	hoowar	Wilsonia_citrina	3597211	Setophaga citrina
otu214	Setophaga kirtlandii	kirwar	Dendroica_kirtlandii	3597203	Setophaga kirtlandii
otu237	Setophaga caerulescens	btbwar	Dendroica_caerulescens	3597187	Setophaga caerulescens
otu235	Setophaga pityophila	olcwar1	Dendroica_pityophila	3597214	Setophaga pityophila
otu236	Setophaga pinus	pinwar	Dendroica_pinus	3597210	Setophaga pinus
otu234	Setophaga dominica	yetwar	Dendroica_dominica	3597194	Setophaga dominica
otu233	Setophaga coronata	yerwar	Dendroica_coronata	3597200	Setophaga coronata
otu232	Setophaga palmarum	palwar	Dendroica_palmarum	3597202	Setophaga palmarum
otu231	Setophaga discolor	prawar	Dendroica_discolor	3597197	Setophaga discolor
otu230	Setophaga vitellina	vitwar1	Dendroica_vitellina	3597196	Setophaga vitellina
otu222	Setophaga subita	barwar	Dendroica_subita	3597234	Dendroica subita
otu221	Setophaga delicata	stlwar	Dendroica_delicata	3597229	Dendroica delicata
otu223	Setophaga adelaidae	adewar1	Dendroica_adelaidae	3597207	Setophaga adelaidae
otu224	Setophaga graciae	grawar	Dendroica_graciae	455853	Setophaga graciae
otu225	Setophaga nigrescens	btywar	Dendroica_nigrescens	3597216	Setophaga nigrescens
otu226	Setophaga virens	btnwar	Dendroica_virens	3597195	Setophaga virens
otu227	Setophaga chrysoparia	gchwar	Dendroica_chrysoparia	3597192	Setophaga chrysoparia
otu228	Setophaga occidentalis	herwar	Dendroica_occidentalis	3597213	Setophaga occidentalis
otu229	Setophaga townsendi	towwar	Dendroica_townsendi	3597215	Setophaga townsendi
otu215	Setophaga fusca	bkbwar	Dendroica_fusca	3597193	Setophaga fusca
otu216	Setophaga castanea	babwar	Dendroica_castanea	3597188	Setophaga castanea
otu219	Setophaga petechia	yelwar	Dendroica_petechia	612066	Setophaga petechia
otu217	Setophaga pensylvanica	chswar	Dendroica_pensylvanica	3597208	Setophaga pensylvanica
otu218	Setophaga striata	bkpwar	Dendroica_striata	60236	Setophaga striata
otu220	Setophaga magnolia	magwar	Dendroica_magnolia	3597209	Setophaga magnolia
otu238	Setophaga tigrina	camwar	Dendroica_tigrina	3597199	Setophaga tigrina
otu239	Setophaga pitiayumi	tropar	Parula_pitiayumi	3597201	Setophaga pitiayumi
otu240	Setophaga americana	norpar	Parula_americana	3597189	Setophaga americana
otu241	Setophaga cerulea	cerwar	Dendroica_cerulea	3597212	Setophaga cerulea
otu213	Setophaga ruticilla	amered	Setophaga_ruticilla	285200	Setophaga ruticilla
otu212	Catharopeza bishopi	whiwar1	Catharopeza_bishopi	335225	Catharopeza bishopi
otu266	Geothlypis formosa	kenwar	Oporornis_formosus	3597225	Geothlypis formosa
otu264	Geothlypis rostrata	bahyel1	Geothlypis_rostrata	375821	Geothlypis rostrata
otu263	Geothlypis nelsoni	hooyel1	Geothlypis_nelsoni	63582	Geothlypis nelsoni
otu262	Geothlypis trichas	comyel	Geothlypis_trichas	998127	Geothlypis trichas
otu261	Geothlypis flavovelata	altyel1	Geothlypis_flavovelata	63583	Geothlypis flavovelata
otu265	Geothlypis beldingi	belyel1	Geothlypis_beldingi	63581	Geothlypis beldingi
otu260	Geothlypis speciosa	blpyel1	Geothlypis_speciosa	85253	Geothlypis speciosa
otu259	Geothlypis semiflava	olcyel1	Geothlypis_semiflava	636992	Geothlypis semiflava
otu258	Geothlypis poliocephala	gycyel	Geothlypis_poliocephala	63586	Geothlypis poliocephala
otu267	Geothlypis aequinoctialis aequinoctialis	masyel2	Geothlypis_aequinoctialis	669575	Geothlypis aequinoctialis
otu256	Geothlypis tolmiei	macwar	Oporornis_tolmiei	3597226	Geothlypis tolmiei
otu257	Geothlypis philadelphia	mouwar	Oporornis_philadelphia	3597222	Geothlypis philadelphia
otu254	Oporornis agilis	conwar	Oporornis_agilis	659603	Oporornis agilis
otu255	Leucopeza semperi	semwar1	Leucopeza_semperi	636990	Leucopeza semperi
otu246	Oreothlypis superciliosa	crcwar	Parula_superciliosa	430147	Oreothlypis superciliosa
otu247	Oreothlypis gutturalis	fltwar1	Parula_gutturalis	956238	Oreothlypis gutturalis
otu252	Leiothlypis luciae	lucwar	Vermivora_luciae	711624	Oreothlypis luciae
otu253	Leiothlypis virginiae	virwar	Vermivora_virginiae	759416	Oreothlypis virginiae
otu251	Leiothlypis ruficapilla	naswar	Vermivora_ruficapilla	392341	Oreothlypis ruficapilla
otu250	Leiothlypis crissalis	colwar	Vermivora_crissalis	85251	Oreothlypis crissalis
otu249	Leiothlypis celata	orcwar	Vermivora_celata	88835	Leiothlypis celata
otu248	Leiothlypis peregrina	tenwar	Vermivora_peregrina	430151	Leiothlypis peregrina
otu164	Parkesia noveboracensis	norwat	Seiurus_noveboracensis	4132022	Parkesia noveboracensis
otu165	Parkesia motacilla	louwat	Seiurus_motacilla	4132023	Parkesia motacilla
otu166	Vermivora bachmanii	bacwar	Vermivora_bachmanii	237566	Vermivora bachmanii
otu167	Vermivora chrysoptera	gowwar	Vermivora_chrysoptera	85249	Vermivora chrysoptera
otu168	not_a_bird	not_a_bird	Vermivora_pinus	85247	Vermivora pinus
otu169	Protonotaria citrea	prowar	Protonotaria_citrea	285212	Protonotaria citrea
otu170	Limnothlypis swainsonii	swawar	Limnothlypis_swainsonii	1024615	Limnothlypis swainsonii
otu171	Mniotilta varia	bawwar	Mniotilta_varia	757859	Mniotilta varia
otu268	Helmitheros vermivorum	woewar1	Helmitheros_vermivorum	860003	Helmitheros vermivorum
otu793	Chlorophonia flavirostris	yecchl1	Chlorophonia_flavirostris	244601	Chlorophonia flavirostris
otu792	Euphonia laniirostris	thbeup1	Euphonia_laniirostris	495433	Euphonia laniirostris
otu795	Paroreomyza montana	mauala	Paroreomyza_montana	823298	Paroreomyza montana
otu794	Oreomystis bairdi	akikik	Oreomystis_bairdii	298769	Oreomystis bairdi
