Ortalis_motmot_ruficeps,Ortalis_ruficeps
Penelope_obscura_bridgesi,Penelope_bridgesi
Xenoperdix_udzungwensis_obscurata,Xenoperdix_udzungwensis_obscuratus
Falcipennis_canadensis,Canachites_canadensis
Falcipennis_canadensis_[canadensis_Group],Canachites_canadensis_[canadensis_Group]
Falcipennis_canadensis_franklinii,Canachites_canadensis_franklinii/isleibi
Bonasa_umbellus/Falcipennis_canadensis,Bonasa_umbellus/Canachites_canadensis
Tetrao_tetrix,Lyrurus_tetrix
Tetrao_urogallus_x_tetrix,Tetrao_urogallus_x_Lyrurus_tetrix
Tetrao_mlokosiewiczi,Lyrurus_mlokosiewiczi
Arborophila_chloropus,Tropicoperdix_chloropus
Arborophila_chloropus_tonkinensis,Tropicoperdix_chloropus_tonkinensis
Arborophila_chloropus_[chloropus_Group],Tropicoperdix_chloropus_[chloropus_Group]
Arborophila_charltonii,Tropicoperdix_charltonii
Arborophila_charltonii_charltonii/atjenensis,Tropicoperdix_charltonii_charltonii/atjenensis
Arborophila_charltonii_graydoni,Tropicoperdix_charltonii_graydoni
Arborophila_sp.,Arborophila/Tropicoperdix_sp.
Phasianinae_sp.,Phasianidae_sp._(pheasant_sp.)
Dendroperdix_sephaena,Ortygornis_sephaena
Dendroperdix_sephaena_rovuma,Ortygornis_sephaena_rovuma
Dendroperdix_sephaena_[sephaena_Group],Ortygornis_sephaena_[sephaena_Group]
Francolinus_pondicerianus,Ortygornis_pondicerianus
Francolinus_gularis,Ortygornis_gularis
Peliperdix_coqui,Campocolinus_coqui
Peliperdix_coqui_[hubbardi_Group],Campocolinus_coqui_[hubbardi_Group]
Peliperdix_coqui_coqui,Campocolinus_coqui_coqui
Peliperdix_albogularis,Campocolinus_albogularis
Peliperdix_albogularis_albogularis/buckleyi,Campocolinus_albogularis_albogularis/buckleyi
Peliperdix_albogularis_dewittei,Campocolinus_albogularis_dewittei
Peliperdix_schlegelii,Campocolinus_schlegelii
Anurophasis_monorthonyx,Synoicus_monorthonyx
Alectoris_graeca_x_rufa,Alectoris_rufa_x_graeca
Alectoris_graeca/rufa,Alectoris_rufa/graeca
Pternistis/Francolinus/Peliperdix/Scleroptila_sp.,Phasianidae_sp._(francolin_sp.)
Coua_cristata_[cristata_Group],Coua_cristata_cristata/dumonti
Chaetura_vauxi_andrei,Chaetura_andrei
Cypsiurus_parvus_griveaudi,Cypsiurus_gracilis_griveaudi
Cypsiurus_parvus_gracilis,Cypsiurus_gracilis_gracilis
Colibri_cyanotus/coruscans,Colibri_coruscans/cyanotus
Lophornis_chalybeus_verreauxii/klagesi,Lophornis_verreauxii
Lophornis_chalybeus_chalybeus,Lophornis_chalybeus
Selasphorus_rufus_x_calliope,Selasphorus_calliope_x_rufus
Selasphorus_platycercus_x_calliope,Selasphorus_calliope_x_platycercus
Atthis_heloisa,Selasphorus_heloisa
Atthis_ellioti,Selasphorus_ellioti
Cynanthus_sordidus,Phaeoptila_sordida
Chlorostilbon_ricordii,Riccordia_ricordii
Chlorostilbon_bracei,Riccordia_bracei
Chlorostilbon_bracei_bracei,Riccordia_bracei_bracei
Chlorostilbon_bracei_elegans,Riccordia_bracei_elegans
Chlorostilbon_swainsonii,Riccordia_swainsonii
Chlorostilbon_maugaeus,Riccordia_maugaeus
Cyanophaia_bicolor,Riccordia_bicolor
Cynanthus_latirostris_doubledayi,Cynanthus_doubledayi
Chlorostilbon_auriceps,Cynanthus_auriceps
Chlorostilbon_forficatus,Cynanthus_forficatus
Chlorostilbon_canivetii,Cynanthus_canivetii
Chlorostilbon_canivetii_canivetii,Cynanthus_canivetii_canivetii
Chlorostilbon_canivetii_salvini/osberti,Cynanthus_canivetii_salvini/osberti
Chlorostilbon_sp.,Riccordia/Cynanthus/Chlorostilbon_sp.
Hylocharis_leucotis,Basilinna_leucotis
Hylocharis_xantusii,Basilinna_xantusii
Campylopterus_curvipennis,Pampa_curvipennis
Campylopterus_curvipennis_curvipennis,Pampa_curvipennis_curvipennis
Campylopterus_curvipennis_pampa,Pampa_curvipennis_pampa
Campylopterus_excellens,Pampa_excellens
Campylopterus_rufus,Pampa_rufa
Campylopterus_largipennis_diamantinensis,Campylopterus_diamantinensis
Thalurania_furcata/glaucopis,Thalurania_glaucopis/furcata
Elvira_cupreiceps,Microchera_cupreiceps
Elvira_chionura,Microchera_chionura
Goethalsia_bella,Goldmania_bella
Thalurania_ridgwayi,Eupherusa_ridgwayi
Leucippus_baeri,Thaumasius_baeri
Leucippus_taczanowskii,Thaumasius_taczanowskii
Aphantochroa_cirrochloris,Eupetomena_cirrochloris
Leucippus_chlorocercus,Talaphorus_chlorocercus
Amazilia_violiceps,Leucolia_violiceps
Cynanthus_latirostris_x_Amazilia_violiceps,Cynanthus_latirostris_x_Leucolia_violiceps
Amazilia_viridifrons,Leucolia_viridifrons
Amazilia_viridifrons_viridifrons,Leucolia_viridifrons_viridifrons
Amazilia_viridifrons_wagneri,Leucolia_viridifrons_wagneri
Amazilia_cyanocephala,Saucerottia_cyanocephala
Amazilia_cyanocephala_cyanocephala,Saucerottia_cyanocephala_cyanocephala
Amazilia_cyanocephala_chlorostephana,Saucerottia_cyanocephala_chlorostephana
Amazilia_hoffmanni,Saucerottia_hoffmanni
Amazilia_beryllina,Saucerottia_beryllina
Amazilia_beryllina_beryllina/viola,Saucerottia_beryllina_beryllina/viola
Amazilia_beryllina_[devillei_Group],Saucerottia_beryllina_[devillei_Group]
Eugenes_fulgens_x_Amazilia_beryllina,Eugenes_fulgens_x_Saucerottia_beryllina
Amazilia_cyanura,Saucerottia_cyanura
Amazilia_edward,Saucerottia_edward
Amazilia_saucerottei,Saucerottia_saucerottei
Amazilia_alfaroana_[unrecognized_species],Saucerottia_alfaroana_[unrecognized_species]
Amazilia_cyanifrons,Saucerottia_cyanifrons
Amazilia_castaneiventris,Saucerottia_castaneiventris
Amazilia_viridigaster,Saucerottia_viridigaster
Amazilia_viridigaster_[viridigaster_Group],Saucerottia_viridigaster_viridigaster/iodura
Amazilia_viridigaster_[cupreicauda_Group],Saucerottia_viridigaster_[cupreicauda_Group]
Amazilia_tobaci,Saucerottia_tobaci
Amazilia_tzacatl_x_rutila,Amazilia_rutila_x_tzacatl
Amazilia_luciae_x_cyanocephala,Saucerottia_cyanocephala_x_Amazilia_luciae
Amazilia_amazilia,Amazilis_amazilia
Amazilia_amazilia_[dumerilii_Group],Amazilis_amazilia_[dumerilii_Group]
Amazilia_amazilia_amazilia,Amazilis_amazilia_amazilia
Amazilia_amazilia_caeruleigularis,Amazilis_amazilia_caeruleigularis
Amazilia_franciae,Uranomitra_franciae
Amazilia_versicolor,Chrysuronia_versicolor
Amazilia_versicolor_[versicolor_Group],Chrysuronia_versicolor_[versicolor_Group]
Amazilia_versicolor_rondoniae,Chrysuronia_versicolor_rondoniae
Lepidopyga_goudoti,Chrysuronia_goudoti
Lepidopyga_coeruleogularis,Chrysuronia_coeruleogularis
Lepidopyga_lilliae,Chrysuronia_lilliae
Lepidopyga_sp.,Chrysuronia_goudoti/coeruleogularis/lilliae
Hylocharis_humboldtii,Chrysuronia_humboldtii
Hylocharis_grayi,Chrysuronia_grayi
Amazilia_brevirostris,Chrysuronia_brevirostris
Amazilia_leucogaster,Chrysuronia_leucogaster
Amazilia_fimbriata,Chionomesa_fimbriata
Amazilia_lactea,Chionomesa_lactea
Amazilia_lactea_lactea/zimmeri,Chionomesa_lactea_lactea/zimmeri
Amazilia_lactea_bartletti,Chionomesa_lactea_bartletti
Amazilia_chionogaster,Elliotomyia_chionogaster
Amazilia_viridicauda,Elliotomyia_viridicauda
Amazilia_rosenbergi,Polyerata_rosenbergi
Amazilia_amabilis,Polyerata_amabilis
Amazilia_decora,Polyerata_decora
Amazilia_candida,Chlorestes_candida
Hylocharis_eliciae,Chlorestes_eliciae
Hylocharis_cyanus,Chlorestes_cyanus
Juliamyia_julie,Chlorestes_julie
Mentrocrex_kioloides,Mentocrex_kioloides
Mentrocrex_beankaensis,Mentocrex_beankaensis
Amaurornis_cinerea,Poliolimnas_cinereus
Charadrius_alexandrinus_dealbatus,Charadrius_dealbatus
Numenius_phaeopus_variegatus,Numenius_phaeopus_variegatus/rogachevae
Gallinago_paraguaiae_paraguaiae,Gallinago_paraguaiae
Gallinago_paraguaiae_magellanica,Gallinago_magellanica
Gallinago_paraguaiae,Gallinago_paraguaiae/magellanica
Larus_canus_brachyrhynchus,Larus_brachyrhynchus
Thalasseus_maximus_albididorsalis,Thalasseus_albididorsalis
Oceanodroma_furcata,Hydrobates_furcatus
Oceanodroma_hornbyi,Hydrobates_hornbyi
Oceanodroma_leucorhoa,Hydrobates_leucorhous
Oceanodroma_leucorhoa_leucorhoa,Hydrobates_leucorhous_leucorhous
Oceanodroma_leucorhoa_chapmani,Hydrobates_leucorhous_chapmani
Oceanodroma_socorroensis,Hydrobates_socorroensis
Oceanodroma_leucorhoa/socorroensis,Hydrobates_leucorhous/socorroensis
Oceanodroma_leucorhoa/socorroensis_(dark-rumped),Hydrobates_leucorhous/socorroensis_(dark-rumped)
Oceanodroma_leucorhoa/socorroensis_(white-rumped),Hydrobates_leucorhous/socorroensis_(white-rumped)
Oceanodroma_cheimomnestes,Hydrobates_cheimomnestes
Oceanodroma_leucorhoa/socorroensis/cheimomnestes,Hydrobates_leucorhoa/socorroensis/cheimomnestes
Oceanodroma_monorhis,Hydrobates_monorhis
Oceanodroma_homochroa,Hydrobates_homochroa
Oceanodroma_castro,Hydrobates_castro
Oceanodroma_castro_castro,Hydrobates_castro_castro
Oceanodroma_castro_[undescribed_form],Hydrobates_castro_[undescribed_form]
Oceanodroma_castro_bangsi,Hydrobates_castro_bangsi
Oceanodroma_monteiroi,Hydrobates_monteiroi
Oceanodroma_jabejabe,Hydrobates_jabejabe
Oceanodroma_sp._(Band-rumped_complex),Hydrobates_sp._(Band-rumped_complex)
Oceanodroma_tethys,Hydrobates_tethys
Oceanodroma_melania,Hydrobates_melania
Oceanodroma_macrodactyla,Hydrobates_macrodactyla
Oceanodroma_markhami,Hydrobates_markhami
Oceanodroma_melania/markhami,Hydrobates_melania/markhami
Oceanodroma_matsudairae,Hydrobates_matsudairae
Oceanodroma_tristrami,Hydrobates_tristrami
Oceanodroma_microsoma,Hydrobates_microsoma
Oceanodroma_sp.,Hydrobates_sp.
Phalacrocorax_gaimardi,Poikilocarbo_gaimardi
Phalacrocorax_penicillatus,Urile_penicillatus
Phalacrocorax_urile,Urile_urile
Phalacrocorax_pelagicus,Urile_pelagicus
Phalacrocorax_perspicillatus,Urile_perspicillatus
Phalacrocorax_aristotelis,Gulosus_aristotelis
Phalacrocorax_aristotelis_aristotelis,Gulosus_aristotelis_aristotelis
Phalacrocorax_aristotelis_desmarestii,Gulosus_aristotelis_desmarestii
Phalacrocorax_aristotelis_riggenbachi,Gulosus_aristotelis_riggenbachi
Phalacrocorax_carbo/aristotelis,Phalacrocorax_carbo/Gulosus_aristotelis
Phalacrocorax_harrisi,Nannopterum_harrisi
Phalacrocorax_auritus,Nannopterum_auritum
Phalacrocorax_carbo/auritus,Phalacrocorax_carbo/Nannopterum_auritum
Phalacrocorax_brasilianus,Nannopterum_brasilianum
Phalacrocorax_brasilianus_x_auritus,Nannopterum_auritum_x_brasilianum
Phalacrocorax_brasilianus/auritus,Nannopterum_auritum/brasilianum
Phalacrocorax_magellanicus,Leucocarbo_magellanicus
Phalacrocorax_bougainvillii,Leucocarbo_bougainvillii
Phalacrocorax_ranfurlyi,Leucocarbo_ranfurlyi
Phalacrocorax_carunculatus,Leucocarbo_carunculatus
Phalacrocorax_chalconotus,Leucocarbo_chalconotus
Phalacrocorax_chalconotus_chalconotus,Leucocarbo_chalconotus_chalconotus
Phalacrocorax_chalconotus_stewarti,Leucocarbo_chalconotus_stewarti
Phalacrocorax_onslowi,Leucocarbo_onslowi
Phalacrocorax_colensoi,Leucocarbo_colensoi
Phalacrocorax_campbelli,Leucocarbo_campbelli
Phalacrocorax_georgianus,Leucocarbo_georgianus
Phalacrocorax_atriceps,Leucocarbo_atriceps
Phalacrocorax_atriceps_(Blue-eyed),Leucocarbo_atriceps_(Blue-eyed)
Phalacrocorax_atriceps_(King),Leucocarbo_atriceps_(King)
Phalacrocorax_bransfieldensis,Leucocarbo_bransfieldensis
Phalacrocorax_melanogenis,Leucocarbo_melanogenis
Phalacrocorax_verrucosus,Leucocarbo_verrucosus
Phalacrocorax_nivalis,Leucocarbo_nivalis
Phalacrocorax_purpurascens,Leucocarbo_purpurascens
Ardea_herodias_(Wurdemann’s),Ardea_herodias_wardi_x_occidentalis
Tyto_alba_[delicatula_Group],Tyto_alba_[javanica_Group]
Tyto_alba_[furcata_Group],Tyto_alba_[tuidara_Group]
Otus_scops_cyprius,Otus_cyprius
Megascops_nudipes,Gymnasio_nudipes
Bubo_africanus,Bubo_milesi
Bubo_africanus_africanus/tanae,Bubo_africanus
Glaucidium_brodiei,Taenioptynx_brodiei
Glaucidium_brodiei_sylvaticum/borneense,Taenioptynx_sylvaticus
Ciccaba_[undescribed_form],Ciccaba_huhula_[undescribed_cloud-forest_form]
Strix_aluco_mauritanica,Strix_mauritanica
Strix_varia_sartorii,Strix_sartorii
Pseudoscops_grammicus,Asio_grammicus
Nesasio_solomonensis,Asio_solomonensis
Ninox_boobook_rotiensis,Ninox_rotiensis
Ninox_boobook_fusca,Ninox_fusca
Ninox_boobook_plesseni,Ninox_plesseni
Ninox_squamipila_squamipila,Ninox_squamipila
Ninox_squamipila_hantu,Ninox_hantu
Pteroglossus_beauharnaesii,Pteroglossus_beauharnaisii
Dinopium_sp.,Chrysocolaptes/Dinopium_sp.
Caracara_cheriway/plancus,Caracara_plancus
Caracara_cheriway,Caracara_plancus_[cheriway_Group]
Caracara_plancus,Caracara_plancus_plancus
Necopsittacus_rodricanus,Necropsittacus_rodricanus
Charmosyna_wilhelminae,Charminetta_wilhelminae
Charmosyna_rubronotata,Hypocharmosyna_rubronotata
Charmosyna_placentis,Hypocharmosyna_placentis
Charmosyna_toxopei,Charmosynopsis_toxopei
Charmosyna_pulchella,Charmosynopsis_pulchella
Charmosyna_multistriata,Synorhacma_multistriata
Charmosyna_margarethae,Charmosynoides_margarethae
Charmosyna_meeki,Vini_meeki
Charmosyna_diadema,Vini_diadema
Charmosyna_rubrigularis,Vini_rubrigularis
Charmosyna_palmarum,Vini_palmarum
Charmosyna_amabilis,Vini_amabilis
Phigys_solitarius,Vini_solitarius
Glossopsitta_pusilla,Parvipsitta_pusilla
Glossopsitta_porphyrocephala,Parvipsitta_porphyrocephala
Chalcopsitta_cardinalis,Pseudeos_cardinalis
Psitteuteles_goldiei,Glossoptila_goldiei
Trichoglossus_johnstoniae,Saudareos_johnstoniae
Psitteuteles_iris,Saudareos_iris
Trichoglossus_ornatus,Saudareos_ornatus
Trichoglossus_flavoviridis_meyeri,Saudareos_meyeri
Trichoglossus_flavoviridis_flavoviridis,Saudareos_flavoviridis
Trichoglossus_haematodus_x_chlorolepidotus,Trichoglossus_chlorolepidotus_x_moluccanus
Trichoglossus_haematodus/chlorolepidotus,Trichoglossus_chlorolepidotus/moluccanus
Trichoglossus_rubritorquis_x_moluccanus,Trichoglossus_moluccanus_x_rubritorquis
Trichoglossus_rubritorquis/moluccanus,Trichoglossus_moluccanus/rubritorquis
Forpus_xanthopterygius_spengeli,Forpus_spengeli
Forpus_xanthopterygius_crassirostris,Forpus_crassirostris
Forpus_xanthopterygius_xanthopterygius,Forpus_xanthopterygius
Thectocercus_acuticaudatus_[acuticaudatus_Group],Thectocercus_acuticaudatus_[haemorrhous_Group]
Eurylaimus_samarensis,Sarcophanops_samarensis
Eurylaimus_steerii,Sarcophanops_steerii
Herpsilochmus_rufimarginatus_frater/exiguus,Herpsilochmus_frater
Herpsilochmus_rufimarginatus_rufimarginatus/scapularis,Herpsilochmus_rufimarginatus
Formicivora_grisea_[grisea_Group],Formicivora_grisea_grisea/rufiventris
Stymphalornis_acutirostris,Formicivora_acutirostris
Stymphalornis_acutirostris_acutirostris,Formicivora_acutirostris_acutirostris
Stymphalornis_acutirostris_paludicola,Formicivora_acutirostris_paludicola
Pyriglena_leuconota_pacifica,Pyriglena_maura_pacifica
Pyriglena_leuconota_castanoptera,Pyriglena_maura_castanoptera
Pyriglena_leuconota_picea,Pyriglena_maura_picea
Grallaria_rufula_spatiator,Grallaria_spatiator
Grallaria_rufula_saltuensis,Grallaria_saltuensis
Grallaria_rufula_rufula,Grallaria_rufula
Grallaria_rufula_occabambae,Grallaria_occabambae
Grallaria_rufula_cochabambae,Grallaria_cochabambae
Grallaria_rufula_cajamarcae,Grallaria_cajamarcae
Grallaria_rufula_obscura,Grallaria_obscura
Grallaria_rufula,Grallaria_sp._(rufula/blakei_complex)
Hylopezus_nattereri,Cryptopezus_nattereri
Hylopezus_fulviventris,Myrmothera_fulviventris
Hylopezus_berlepschi,Myrmothera_berlepschi
Hylopezus_dives,Myrmothera_dives
Scytalopus_[undescribed_Ampay_form],Scytalopus_whitneyi
Scytalopus_[undescribed_Millpo_form],Scytalopus_frankeae
Scytalopus_latrans_intermedius,Scytalopus_intermedius
Formicarius_analis_[moniliger_Group],Formicarius_moniliger
Sclerurus_mexicanus_andinus,Sclerurus_obscurior_andinus
Sclerurus_mexicanus_obscurior,Sclerurus_obscurior_obscurior
Sclerurus_mexicanus_peruvianus,Sclerurus_obscurior_peruvianus
Sclerurus_mexicanus_macconnelli,Sclerurus_obscurior_macconnelli
Sclerurus_mexicanus_bahiae,Sclerurus_obscurior_bahiae
Dendrocincla_fuliginosa_[fuliginosa_Group],Dendrocincla_fuliginosa_fuliginosa/rufoolivacea
Hylexetastes_perrotii_uniformis,Hylexetastes_uniformis_uniformis
Hylexetastes_perrotii_brigidai,Hylexetastes_uniformis_brigidai
Lepidocolaptes_fuscicapillus,Lepidocolaptes_fuscicapillus_fuscicapillus
Lepidocolaptes_layardi,Lepidocolaptes_fuscicapillus_layardi
Philydor_rufum,Dendroma_rufa
Philydor_erythropterum,Dendroma_erythroptera
Synallaxis_stictothorax_chinchipensis,Synallaxis_chinchipensis
Dixiphia_pipra,Pseudopipra_pipra
Dixiphia_pipra_anthracina,Pseudopipra_pipra_anthracina
Dixiphia_pipra_[pipra_Group],Pseudopipra_pipra_[pipra_Group]
Tijuca_atra,Lipaugus_ater
Tijuca_condita,Lipaugus_conditus
Mionectes_macconnelli_roraimae,Mionectes_roraimae
Euscarthmus_meloryphus_fulviceps,Euscarthmus_fulviceps
Euscarthmus_meloryphus_meloryphus/paulus,Euscarthmus_meloryphus
Suiriri_affinis,Guyramemua_affine
Suiriri_suiriri/affinis,Suiriri_suiriri/Guyramemua_affine
Pyrocephalus_rubinus_nanus,Pyrocephalus_nanus_nanus
Pyrocephalus_rubinus_dubius,Pyrocephalus_nanus_dubius
Muscisaxicola_fluviatilis,Syrtidicola_fluviatilis
Polioxolmis_rufipennis,Cnemarchus_rufipennis
Xolmis_pyrope,Pyrope_pyrope
Xolmis_cinereus,Nengetus_cinereus
Xolmis_coronatus,Neoxolmis_coronatus
Xolmis_salinarum,Neoxolmis_salinarum
Xolmis_rubetra,Neoxolmis_rubetra
Xolmis_dominicanus,Heteroxolmis_dominicana
Deltarhynchus_flammulatus,Ramphotrigon_flammulatum
Amytornis_whitei,Amytornis_whitei_whitei
Amytornis_oweni,Amytornis_whitei_oweni
Meliphaga_reticulata,Territornis_reticulata
Meliphaga_fordiana,Territornis_fordiana
Meliphaga_albilineata,Territornis_albilineata
Meliphaga_montana,Microptilotis_montanus
Meliphaga_mimikae,Microptilotis_mimikae
Meliphaga_flavirictus,Microptilotis_flavirictus
Meliphaga_orientalis,Microptilotis_orientalis
Meliphaga_albonotata,Microptilotis_albonotatus
Meliphaga_analoga,Microptilotis_analogus
Meliphaga_vicina,Microptilotis_vicina
Meliphaga_gracilis,Microptilotis_gracilis
Meliphaga_gracilis_imitatrix,Microptilotis_imitatrix
Meliphaga_cinereifrons,Microptilotis_cinereifrons
Meliphaga_gracilis/cinereifrons,Microptilotis_gracilis/cinereifrons
Meliphaga_sp.,Meliphaga/Territornis/Microptilotis_sp.
Myzomela_[undescribed_Alor_form],Myzomela_prawiradilagae
Myzomela_[undescribed_Taliabu_form],Myzomela_wahe
Colluricincla_megarhyncha_[fortis_Group],Colluricincla_fortis
Colluricincla_megarhyncha_affinis,Colluricincla_affinis
Colluricincla_megarhyncha_[obscura_Group],Colluricincla_obscura
Colluricincla_megarhyncha_[tappenbecki_Group],Colluricincla_tappenbecki
Colluricincla_megarhyncha_[megarhyncha_Group],Colluricincla_megarhyncha
Colluricincla_megarhyncha_discolor,Colluricincla_discolor
Colluricincla_megarhyncha_[rufogaster_Group],Colluricincla_rufogaster
Pachycephala_occidentalis,Pachycephala_fuliginosa
Rhipidura_[undescribed_form],Rhipidura_habibiei
Dircurus_occidentalis/sharpei/ludwigii,Dicrurus_occidentalis/sharpei/ludwigii
Lanius_sphenocercus_sphenocercus,Lanius_sphenocercus
Lanius_sphenocercus_giganteus,Lanius_giganteus
Lanius_sphenocercus,Lanius_sphenocercus/giganteus
Corvinella_corvina,Lanius_corvinus
Corvinella_melanoleuca,Lanius_melanoleucus
Perisoreus_canadensis_capitalis/albescens,Perisoreus_canadensis_capitalis/bicolor
Perisoreus_canadensis_[obscurus_Group],Perisoreus_canadensis_obscurus/griseus
Petroica_pusilla_[pusilla_Group],Petroica_pusilla_[similis_Group]
Eremalauda_dunni_dunni,Eremalauda_dunni
Eremalauda_dunni_eremodites,Eremalauda_eremodites
Eremalauda_dunni,Eremalauda_dunni/eremodites
Alaudala_cheleensis/rufescens,Alaudala_cheleensis/heinei
Alaudala_rufescens,Alaudala_rufescens/heinei
Calandrella_brachydactyla/Alaudala_cheleensis/rufescens,Calandrella_brachydactyla/Alaudala_sp.
Cisticola_[undescribed_Kilombero_form],Cisticola_bakerorum
Cisticola_[undescribed_White-tailed_form],Cisticola_anderseni
Locustella_fasciolata,Helopsaltes_fasciolatus
Locustella_amnicola,Helopsaltes_amnicola
Locustella_fasciolata/amnicola,Helopsaltes_fasciolatus/amnicola
Locustella_pryeri,Helopsaltes_pryeri
Locustella_certhiola,Helopsaltes_certhiola
Locustella_ochotensis,Helopsaltes_ochotensis
Locustella_pleskei,Helopsaltes_pleskei
Locustella_ochotensis/pleskei,Helopsaltes_ochotensis/pleskei
Bradypterus_alfredi,Locustella_alfredi
Locustella_castanea_castanea,Locustella_castanea
Locustella_castanea_musculus,Locustella_musculus
Locustella_[undescribed_form],Locustella_portenta
Locustella_castanea_disturbans,Locustella_disturbans
Locustella_sp.,Helopsaltes/Locustella_sp.
Chaetornis_striata,Schoenicola_striatus
Schoenicola_brevirostris,Catriscus_brevirostris
Amphilais_seebohmi,Bradypterus_seebohmi
Riparia_cincta,Neophedina_cincta
Petrochelidon_fuliginosa/Psalidoprocne_nitens,Atronanus_fuliginosus/Psalidoprocne_nitens
Brachypodius_atriceps,Brachypodius_melanocephalos
Pycnonotus_simplex_perplexus/prillwitzi,Pycnonotus_simplex_prillwitzi/perplexus
Alophoixus_bres_tephrogenys/gutturalis,Alophoixus_tephrogenys
Alophoixus_ochraceus_ruficrissus/fowleri,Alophoixus_ruficrissus
Alophoixus_bres_bres/balicus,Alophoixus_bres
Alophoixus_ochraceus_[ochraceus_Group],Alophoixus_ochraceus
Phylloscopus_maforensis,Phylloscopus_poliocephalus
Phylloscopus_[undescribed_form_2],Phylloscopus_poliocephalus_suaramerdu
Phylloscopus_[undescribed_form_1],Phylloscopus_poliocephalus_emilsalimi
Phylloscopus_maforensis_henrietta,Phylloscopus_poliocephalus_henrietta
Phylloscopus_maforensis_waterstradti,Phylloscopus_poliocephalus_waterstradti
Phylloscopus_maforensis_everetti,Phylloscopus_poliocephalus_everetti
Phylloscopus_maforensis_ceramensis,Phylloscopus_poliocephalus_ceramensis
Phylloscopus_maforensis_avicola,Phylloscopus_poliocephalus_avicola
Phylloscopus_maforensis_[poliocephalus_Group],Phylloscopus_poliocephalus_[poliocephalus_Group]
Phylloscopus_maforensis_[matthiae_Group],Phylloscopus_poliocephalus_[matthiae_Group]
Phylloscopus_maforensis_maforensis,Phylloscopus_maforensis
Phylloscopus_maforensis_misoriensis,Phylloscopus_misoriensis
Parophasma_galinieri,Sylvia_galinieri
Sylvia_nisoria,Curruca_nisoria
Sylvia_layardi,Curruca_layardi
Sylvia_boehmi,Curruca_boehmi
Sylvia_subcoerulea,Curruca_subcoerulea
Sylvia_curruca,Curruca_curruca
Sylvia_curruca_curruca/blythi,Curruca_curruca_curruca/blythi
Sylvia_curruca_halimodendri,Curruca_curruca_halimodendri
Sylvia_curruca_curruca/blythi/halimodendri,Curruca_curruca_curruca/blythi/halimodendri
Sylvia_curruca_minula,Curruca_curruca_minula
Sylvia_curruca_curruca/minula,Curruca_curruca_curruca/minula
Sylvia_curruca_margelanica,Curruca_curruca_margelanica
Sylvia_curruca_minula/margelanica,Curruca_curruca_minula/margelanica
Sylvia_curruca_althaea,Curruca_curruca_althaea
Sylvia_curruca_curruca_/althaea,Curruca_curruca_curruca/althaea
Sylvia_curruca_curruca/minula/althaea,Curruca_curruca_curruca/minula/althaea
Sylvia_lugens,Curruca_lugens
Sylvia_lugens_griseiventris,Curruca_lugens_griseiventris
Sylvia_lugens_[lugens_Group],Curruca_lugens_[lugens_Group]
Sylvia_buryi,Curruca_buryi
Sylvia_leucomelaena,Curruca_leucomelaena
Sylvia_hortensis,Curruca_hortensis
Sylvia_crassirostris,Curruca_crassirostris
Sylvia_hortensis/crassirostris,Curruca_hortensis/crassirostris
Sylvia_deserti,Curruca_deserti
Sylvia_nana,Curruca_nana
Sylvia_deserticola,Curruca_deserticola
Sylvia_mystacea,Curruca_mystacea
Sylvia_mystacea_mystacea,Curruca_mystacea_mystacea
Sylvia_mystacea_rubescens/turcmenica,Curruca_mystacea_rubescens/turcmenica
Sylvia_ruppeli,Curruca_ruppeli
Sylvia_melanothorax,Curruca_melanothorax
Sylvia_melanocephala,Curruca_melanocephala
Sylvia_subalpina,Curruca_subalpina
Sylvia_cantillans_inornata,Curruca_iberiae
Sylvia_cantillans,Curruca_iberiae/cantillans
Sylvia_cantillans/subalpina,Curruca_subalpina/iberiae/cantillans
Sylvia_communis,Curruca_communis
Sylvia_conspicillata,Curruca_conspicillata
Sylvia_sarda,Curruca_sarda
Sylvia_undata,Curruca_undata
Sylvia_balearica,Curruca_balearica
Sylvia_sp.,Sylvia/Curruca_sp.
Chrysomma_poecilotis,Moupinia_poecilotis
Paradoxornis_heudei,Calamornis_heudei
Paradoxornis_heudei_polivanovi,Calamornis_heudei_polivanovi
Paradoxornis_heudei_heudei,Calamornis_heudei_heudei
Suthora_nipalensis_nipalensis/crocotius,Suthora_nipalensis_nipalensis/garhwalensis
Suthora_nipalensis_humii,Suthora_nipalensis_humii/crocotia
Paradoxornithidae_sp.,Sylviidae_(parrotbill_sp.)
Yuhina_diademata,Parayuhina_diademata
Yuhina_everetti,Staphida_everetti
Yuhina_castaniceps,Staphida_castaniceps
Yuhina_torqueola,Staphida_torqueola
Yuhina_sp.,Parayuhina/Staphida/Yuhina_sp.
Lophozosterops_javanicus,Heleia_javanica
Lophozosterops_pinaiae,Heleia_pinaiae
Oculocincta_squamifrons,Heleia_squamifrons
Lophozosterops_goodfellowi,Heleia_goodfellowi
Lophozosterops_squamiceps,Heleia_squamiceps
Lophozosterops_superciliaris,Heleia_superciliaris
Lophozosterops_dohertyi,Heleia_dohertyi
Zosterops_wallacei,Heleia_wallacei
Chlorocharis_emiliae,Zosterops_emiliae
Zosterops_palpebrosus/simplex,Zosterops_simplex/palpebrosus
Zosterops_abyssinicus_socotranus,Zosterops_socotranus
Zosterops_senegalensis_stenocricotus,Zosterops_stenocricotus
Zosterops_senegalensis_[stuhlmanni_Group],Zosterops_stuhlmanni
Zosterops_senegalensis_[senegalensis_Group],Zosterops_senegalensis
Zosterops_senegalensis_anderssoni/stierlingi,Zosterops_anderssoni
Zosterops_chloris_flavissimus,Zosterops_flavissimus
Zosterops_auriventer/simplex,Zosterops_simplex/auriventer
Woodfordia_superciliosa,Zosterops_superciliosus
Woodfordia_lacertosa,Zosterops_lacertosus
Zosterops_explorator/lateralis,Zosterops_lateralis/explorator
Zosterops_ugiensis,Zosterops_rendovae
Zosterops_ugiensis_hamlini,Zosterops_rendovae_hamlini
Zosterops_ugiensis_ugiensis/oblitus,Zosterops_rendovae_rendovae/oblitus
Zosterops_kulambangrae_kulambangrae,Zosterops_kulambangrae
Zosterops_kulambangrae_tetiparius/paradoxus,Zosterops_tetiparius
Rhopocichla_atriceps,Dumetia_atriceps
Rhopocichla_atriceps_atriceps,Dumetia_atriceps_atriceps
Rhopocichla_atriceps_bourdilloni,Dumetia_atriceps_bourdilloni
Rhopocichla_atriceps_siccata,Dumetia_atriceps_siccata
Rhopocichla_atriceps_nigrifrons,Dumetia_atriceps_nigrifrons
Mixornis_gularis/kelleyi,Mixornis_kelleyi/gularis
Garrulax_lugubris,Melanocichla_lugubris
Garrulax_calvus,Melanocichla_calva
Pomatorhinus_ochraceiceps/ferruginosus,Pomatorhinus_ferruginosus/ochraceiceps
Megapomatorhinus_hypoleucos,Erythrogenys_hypoleucos
Megapomatorhinus_erythrogenys,Erythrogenys_erythrogenys
Megapomatorhinus_mcclellandi,Erythrogenys_mcclellandi
Megapomatorhinus_gravivox,Erythrogenys_gravivox
Megapomatorhinus_swinhoei,Erythrogenys_swinhoei
Megapomatorhinus_erythrocnemis,Erythrogenys_erythrocnemis
Alcippe_variegaticeps,Schoeniparus_variegaticeps
Turdinus_abbotti,Malacocincla_abbotti
Turdinus_sepiarius,Malacocincla_sepiaria
Turdinus_sepiarius_tardinatus/barussanus,Malacocincla_sepiaria_tardinata/barussana
Turdinus_sepiarius_sepiarius,Malacocincla_sepiaria_sepiaria
Turdinus_sepiarius_rufiventris/harterti,Malacocincla_sepiaria_rufiventris/harterti
Turdinus_perspicillatus,Malacocincla_perspicillata
Turdinus_crassus,Gypsophila_crassa
Turdinus_brevicaudatus,Gypsophila_brevicaudata
Turdinus_crispifrons_calcicola,Gypsophila_calcicola
Turdinus_crispifrons,Gypsophila_annamensis/calcicola/crispifrons
Turdinus_rufipectus,Gypsophila_rufipectus
Alcippe_peracensis/grotei,Alcippe_grotei/peracensis
Crocias_langbianis,Laniellus_langbianis
Crocias_albonotatus,Laniellus_albonotatus
Minla_annectens,Leioptila_annectens
Turdoides_malcolmi,Argya_malcolmi
Garrulax_cinereifrons,Argya_cinereifrons
Turdoides_longirostris,Argya_longirostris
Turdoides_subrufa,Argya_subrufa
Turdoides_rufescens,Argya_rufescens
Turdoides_striata,Argya_striata
Turdoides_striata_[striata_Group],Argya_striata_[striata_Group]
Turdoides_striata_somervillei,Argya_striata_somervillei
Turdoides_affinis,Argya_affinis
Turdoides_striata/affinis,Argya_striata/affinis
Turdoides_rubiginosa,Argya_rubiginosa
Turdoides_aylmeri,Argya_aylmeri
Turdoides_altirostris,Argya_altirostris
Turdoides_huttoni,Argya_huttoni
Turdoides_caudata,Argya_caudata
Turdoides_fulva,Argya_fulva
Turdoides_squamiceps,Argya_squamiceps
Turdoides_earlei,Argya_earlei
Turdoides_caudata/earlei,Argya_caudata/earlei
Turdoides_gularis,Argya_gularis
Turdoides_rufocincta,Turdoides_rufocinctus
Turdoides_sp.,Argya/Turdoides_sp.
Ianthocincla_delesserti,Pterorhinus_delesserti
Ianthocincla_gularis,Pterorhinus_gularis
Ianthocincla_vassali,Pterorhinus_vassali
Ianthocincla_galbana,Pterorhinus_galbanus
Ianthocincla_courtoisi,Pterorhinus_courtoisi
Ianthocincla_mitrata,Pterorhinus_mitratus
Ianthocincla_treacheri,Pterorhinus_treacheri
Ianthocincla_ruficollis,Pterorhinus_ruficollis
Ianthocincla_nuchalis,Pterorhinus_nuchalis
Ianthocincla_chinensis,Pterorhinus_chinensis
Ianthocincla_chinensis_[chinensis_Group],Pterorhinus_chinensis_[chinensis_Group]
Ianthocincla_chinensis_monachus,Pterorhinus_chinensis_monachus
Ianthocincla_sannio,Pterorhinus_sannio
Garrulax_perspicillatus,Pterorhinus_perspicillatus
Ianthocincla_pectoralis,Pterorhinus_pectoralis
Garrulax_monileger/Ianthocincla_pectoralis,Garrulax_monileger/Pterorhinus_pectoralis
Ianthocincla_davidi,Pterorhinus_davidi
Ianthocincla_woodi,Pterorhinus_woodi
Ianthocincla_lanceolata,Pterorhinus_lanceolatus
Ianthocincla_waddelli,Pterorhinus_waddelli
Ianthocincla_koslowi,Pterorhinus_koslowi
Ianthocincla_albogularis,Pterorhinus_albogularis
Ianthocincla_ruficeps,Pterorhinus_ruficeps
Ianthocincla_caerulata,Pterorhinus_caerulatus
Ianthocincla_berthemyi,Pterorhinus_berthemyi
Ianthocincla_poecilorhyncha,Pterorhinus_poecilorhynchus
Ianthocincla_sp.,Ianthocincla/Pterorhinus_sp.
Garrulax/Ianthocincla/Trochalopteron/Montecincla_sp.,Leiothrichidae_sp._(laughingthrush_sp.)
Regulus_calendula,Corthylio_calendula
Sitta_pusilla_insularis,Sitta_insularis
Polioptila_plumbea_[bilineata_Group],Polioptila_bilineata
Cistothorus_platensis_stellaris,Cistothorus_stellaris
Catharus_dryas_maculatus/blakei,Catharus_maculatus
Turdus_simillimus_nigropileus/spencei,Turdus_simillimus_nigropileus
Cyornis_banyumas,Cyornis_whitei
Cyornis_banyumas_banyumas/ligus,Cyornis_banyumas
Cyornis_banyumas_montanus,Cyornis_montanus
Cyornis_magnirostris/banyumas,Cyornis_magnirostris/whitei
Cyornis_omissus_omissus/peromissus,Cyornis_omissus_[omissus_Group]
Ficedula_narcissina_narcissina,Ficedula_narcissina
Ficedula_narcissina_owstoni,Ficedula_owstoni
Ficedula_zanthopygia/elisae/narcissina,Ficedula_zanthopygia/elisae/narcissina/owstoni
Ficedula_narcissina,Ficedula_narcissina/owstoni
Saxicola_maurus_stejnegeri,Saxicola_stejnegeri
Oenanthe_hispanica_hispanica,Oenanthe_hispanica
Oenanthe_hispanica_melanoleuca,Oenanthe_melanoleuca
Oenanthe_oenanthe/hispanica,Oenanthe_oenanthe/hispanica/melanoleuca
Oenanthe_hispanica,Oenanthe_hispanica/melanoleuca
Oenanthe_pleschanka/cypriaca,Oenanthe_cypriaca/pleschanka
Oenanthe_pleschanka_x_hispanica,Oenanthe_melanoleuca_x_pleschanka
Oenanthe_pleschanka/hispanica,Oenanthe_melanoleuca/pleschanka
Dicaeum_[undescribed_form],Dicaeum_dayakorum
Neochmia_ruficauda,Bathilda_ruficauda
Neochmia_modesta,Aidemosyne_modesta
Taeniopygia_bichenovii,Stizoptera_bichenovii
Taeniopygia_guttata_x_bichenovii,Stizoptera_bichenovii_x_Taeniopygia_guttata
Odontospiza_griseicapilla,Spermestes_griseicapilla
Lonchura_nana,Lepidopygia_nana
Lonchura_oryzivora,Padda_oryzivora
Lonchura_fuscata,Padda_fuscata
Lonchura_tristissima_[tristissima_Group],Mayrimunia_tristissima
Lonchura_tristissima_leucosticta/moresbyensis,Mayrimunia_leucosticta
Lonchura_tristissima,Mayrimunia_tristissima/leucosticta
Erythrura_gouldiae,Chloebia_gouldiae
Erythrura_trichroa/papuana,Erythrura_papuana/trichroa
Nesocharis_capistrata,Delacourella_capistrata
Estrilda_erythronotos,Brunhilda_erythronotos
Estrilda_charmosyna,Brunhilda_charmosyna
Estrilda_coerulescens,Glaucestrilda_caerulescens
Estrilda_perreini,Glaucestrilda_perreini
Estrilda_thomensis,Glaucestrilda_thomensis
Sporaeginthus_formosus,Amandava_formosa
Sporaeginthus_subflavus,Amandava_subflava
Anthus_similis_[nicholsoni_Group],Anthus_nicholsoni
Euphonia_elegantissima,Chlorophonia_elegantissima
Euphonia_musica,Chlorophonia_musica
Euphonia_musica_musica,Chlorophonia_musica_musica
Euphonia_musica_sclateri,Chlorophonia_musica_sclateri
Euphonia_musica_flavifrons,Chlorophonia_musica_flavifrons
Euphonia_cyanocephala,Chlorophonia_cyanocephala
Euphonia_affinis_godmani,Euphonia_godmani
Rhynchospiza_strigiceps,Rhynchospiza_dabbenei/strigiceps
Amphispiza_quinquestriata,Amphispizopsis_quinquestriata
Arremon_flavirostris_dorbignii,Arremon_dorbignii
Melospiza_melodia_samuelis,Melospiza_melodia_samuelsis
Basileuterus_rufifrons_[delattrii_Group],Basileuterus_delattrii
Tachyphonus_cristatus,Loriotus_cristatus
Tachyphonus_cristatus_[cristatus_Group],Loriotus_cristatus_[cristatus_Group]
Tachyphonus_cristatus_nattereri,Loriotus_cristatus_nattereri
Tachyphonus_rufiventer,Loriotus_rufiventer
Tachyphonus_luctuosus,Loriotus_luctuosus
Tachyphonus_cristatus/surinamus,Loriotus_cristatus/Tachyphonus_surinamus
Chlorospingus_flavovirens,Bangsia_flavovirens
Thraupis_cyanocephala,Sporathraupis_cyanocephala
Buthraupis_wetmorei,Tephrophilus_wetmorei
Pipraeidea_bonariensis,Rauenia_bonariensis
Pipraeidea_bonariensis_darwinii,Rauenia_bonariensis_darwinii
Pipraeidea_bonariensis_[bonariensis_Group],Rauenia_bonariensis_[bonariensis_Group]
Porphyrospiza_caerulescens,Rhopospina_caerulescens
Porphyrospiza_alaudina,Rhopospina_alaudina
Porphyrospiza_carbonaria,Rhopospina_carbonaria
Phrygilus/Idiopsar/Geospizopsis/Rhopospina/Porphyrospiza_sp.,Phrygilus/Idiopsar/Geospizopsis/Rhopospina_sp.
Saltator_coerulescens_[olivascens_Group],Saltator_olivascens
Saltator_coerulescens_[grandis_Group],Saltator_grandis
Saltator_coerulescens_[coerulescens_Group],Saltator_coerulescens
Saltator_coerulescens,Saltator_olivascens/coerulescens
