otu_id	^clo:ClementsTaxonName2019	^clo:speciescode2019	^ot:originalLabel	^ot:ottId	^ot:ottTaxonName
otu680	no_match	no_match	Acanthisitta	1085741	Acanthisitta
otu676	no_match	no_match	Malurus	901831	Malurus
otu674	no_match	no_match	Pomatostomus	565810	Pomatostomus
otu675	no_match	no_match	Orthonyx	488741	Orthonyx
otu672	no_match	no_match	Picathartes	699624	Picathartes
otu671	no_match	no_match	Petroica	918819	Petroica
otu670	no_match	no_match	Callaeas	635219	Callaeas
otu669	no_match	no_match	Bombycilla	613883	Bombycilla
otu673	no_match	no_match	Cnemophilus	808268	Cnemophilus
otu140	Lanius excubitoroides	gybfis1	Lanius_excubitoroides	548748	Lanius excubitoroides
otu132	Lanius meridionalis	ibgshr1	Lanius_meridionalis	830415	Lanius meridionalis
otu133	Lanius sphenocercus	chgshr2	Lanius_sphenocercus	830420	Lanius sphenocercus
otu134	Lanius ludovicianus	logshr	Lanius_ludovicianus	551815	Lanius ludovicianus
otu135	Lanius somalicus	somfis1	Lanius_somalicus	548743	Lanius somalicus
otu136	Lanius excubitor	norshr1	Lanius_excubitor	146937	Lanius excubitor
otu137	Lanius excubitor pallidirostris	sogshr3	Lanius_pallidirostris	1075086	Lanius pallidirostris
otu139	Lanius dorsalis	taifis1	Lanius_dorsalis	579308	Lanius dorsalis
otu138	Corvinella corvina	yebshr1	Corvinella_corvina	901158	Corvinella corvina
otu121	Lanius isabellinus	isashr1	Lanius_isabellinus	304528	Lanius isabellinus
otu120	Lanius collurio	rebshr1	Lanius_collurio	489155	Lanius collurio
otu119	Lanius phoenicuroides	rutshr2	Lanius_phoenicuroides	3597875	Lanius phoenicuroides
otu118	Lanius schach	lotshr1	Lanius_schach	304535	Lanius schach
otu117	Lanius validirostris	gycshr1	Lanius_validirostris	592243	Lanius validirostris
otu116	Lanius cristatus	brnshr	Lanius_cristatus	802894	Lanius cristatus
otu115	Lanius tephronotus	gybshr1	Lanius_tephronotus	143573	Lanius tephronotus
otu114	Lanius bucephalus	buhshr1	Lanius_bucephalus	92674	Lanius bucephalus
otu122	Lanius vittatus	babshr1	Lanius_vittatus	75988	Lanius vittatus
otu123	Lanius tigrinus	tigshr1	Lanius_tigrinus	666133	Lanius tigrinus
otu126	Lanius collaris	soufis1	Lanius_collaris	869006	Lanius collaris
otu125	Lanius souzae	soushr3	Lanius_souzae	592234	Lanius souzae
otu124	Lanius collaris marwitzi	soufis2	Lanius_marwitzi	397150	Lanius marwitzi
otu127	Lanius mackinnoni	macshr1	Lanius_mackinnoni	548752	Lanius mackinnoni
otu128	Lanius newtoni	newfis1	Lanius_newtoni	253447	Lanius newtoni
otu129	Lanius senator	wooshr1	Lanius_senator	326782	Lanius senator
otu130	Lanius minor	legshr2	Lanius_minor	143572	Lanius minor
otu131	Lanius nubicus	masshr1	Lanius_nubicus	879200	Lanius nubicus
otu141	Lanius cabanisi	lotfis1	Lanius_cabanisi	1015059	Lanius cabanisi
otu143	Platylophus galericulatus	crejay1	Platylophus_galericulatus	106246	Platylophus galericulatus
otu142	Eurocephalus anguitimens	whcshr1	Eurocephalus_anguitimens	326783	Eurocephalus anguitimens
otu112	Pyrrhocorax graculus	yebcho1	Pyrrhocorax_graculus	140440	Pyrrhocorax graculus
otu113	Pyrrhocorax pyrrhocorax	rebcho1	Pyrrhocorax_pyrrhocorax	662798	Pyrrhocorax pyrrhocorax
otu103	no_match	no_match	Urocissa_erythrorhyncha	662800	Urocissa erythrorhyncha
otu104	Urocissa flavirostris	gobmag1	Urocissa_flavirostris	75978	Urocissa flavirostris
otu105	Cissa chinensis	gremag1	Cissa_chinensis	662796	Cissa chinensis
otu40	Corvus sinaloae	sincro1	Corvus_sinaloae	984751	Corvus sinaloae
otu39	Corvus imparatus	tamcro	Corvus_imparatus	569586	Corvus imparatus
otu41	Corvus ossifragus	fiscro	Corvus_ossifragus	406128	Corvus ossifragus
otu43	no_match	no_match	Corvus_minutus	199843	Corvus minutus
otu42	Corvus palmarum	palcro2	Corvus_palmarum	1052451	Corvus palmarum
otu38	Corvus capensis	capcro2	Corvus_capensis	318522	Corvus capensis
otu29	Corvus corax	comrav	Corvus_corax	140425	Corvus corax
otu28	Corvus rhipidurus	fatrav1	Corvus_rhipidurus	348023	Corvus rhipidurus
otu30	Corvus cryptoleucus	chirav	Corvus_cryptoleucus	754774	Corvus cryptoleucus
otu31	Corvus albus	piecro1	Corvus_albus	711837	Corvus albus
otu32	Corvus edithae	somcro2	Corvus_edithae	197467	Corvus edithae
otu33	Corvus ruficollis	brnrav1	Corvus_ruficollis	1052485	Corvus ruficollis
otu34	Corvus albicollis	whnrav1	Corvus_albicollis	127684	Corvus albicollis
otu35	Corvus crassirostris	thbrav1	Corvus_crassirostris	348668	Corvus crassirostris
otu23	Corvus corone	carcro1	Corvus_corone	711844	Corvus corone
otu24	Corvus cornix	hoocro1	Corvus_cornix	597020	Corvus cornix
otu25	no_match	no_match	Corvus_torquatus	3598010	Corvus torquatus
otu26	Corvus caurinus	norcro	Corvus_caurinus	183621	Corvus caurinus
otu27	Corvus brachyrhynchos	amecro	Corvus_brachyrhynchos	331952	Corvus brachyrhynchos
otu22	Corvus florensis	flocro1	Corvus_florensis	249747	Corvus florensis
otu14	Corvus typicus	pipcro1	Corvus_typicus	872553	Corvus typicus
otu15	Corvus unicolor	bancro1	Corvus_unicolor	872547	Corvus unicolor
otu13	Corvus validus	lobcro1	Corvus_validus	872556	Corvus validus
otu12	Corvus moneduloides	neccro1	Corvus_moneduloides	200022	Corvus moneduloides
otu11	Corvus meeki	boucro1	Corvus_meeki	48946	Corvus meeki
otu10	Corvus woodfordi	guacro1	Corvus_woodfordi	397154	Corvus woodfordi
otu1	Corvus mellori	litrav1	Corvus_mellori	289472	Corvus mellori
otu2	Corvus tasmanicus	forrav1	Corvus_tasmanicus	872542	Corvus tasmanicus
otu3	Corvus coronoides	ausrav1	Corvus_coronoides	808257	Corvus coronoides
otu6	Corvus orru	torcro2	Corvus_orru	439411	Corvus orru
otu5	Corvus insularis	torcro3	Corvus_insularis	289433	Corvus insularis
otu4	Corvus bennetti	litcro1	Corvus_bennetti	318529	Corvus bennetti
otu7	Corvus tristis	grycro1	Corvus_tristis	872550	Corvus tristis
otu8	Corvus fuscicapillus	brhcro1	Corvus_fuscicapillus	249763	Corvus fuscicapillus
otu9	Corvus violaceus	slbcro3	Corvus_violaceus	872559	Corvus violaceus
otu16	Corvus enca	slbcro1	Corvus_enca	137336	Corvus enca
otu19	Corvus macrorhynchos culminatus	labcro3	Corvus_culminatus	669405	Corvus culminatus
otu20	Corvus kubaryi	marcro1	Corvus_kubaryi	913180	Corvus kubaryi
otu18	Corvus macrorhynchos levaillantii	labcro4	Corvus_levaillantii	219377	Corvus macrorhynchos levaillantii
otu17	Corvus macrorhynchos	labcro1	Corvus_macrorhynchos	549510	Corvus macrorhynchos
otu21	Corvus splendens	houcro1	Corvus_splendens	38262	Corvus splendens
otu36	Corvus frugilegus	rook1	Corvus_frugilegus	219955	Corvus frugilegus
otu37	Corvus hawaiiensis	hawcro	Corvus_hawaiiensis	883103	Corvus hawaiiensis
otu44	Corvus jamaicensis	jamcro1	Corvus_jamaicensis	48922	Corvus jamaicensis
otu45	Corvus leucognaphalus	whncro1	Corvus_leucognaphalus	995878	Corvus leucognaphalus
otu46	Corvus nasicus	cubcro1	Corvus_nasicus	5933	Corvus nasicus
otu47	Corvus monedula	eurjac	Coloeus_monedula	711848	Corvus monedula
otu48	Corvus dauuricus	daujac1	Coloeus_dauuricus	3599604	Coloeus dauuricus
otu51	Nucifraga columbiana	clanut	Nucifraga_columbiana	425442	Nucifraga columbiana
otu49	Nucifraga multipunctata	sponut1	Nucifraga_multipunctata	197502	Nucifraga multipunctata
otu50	Nucifraga caryocatactes	eurnut1	Nucifraga_caryocatactes	140439	Nucifraga caryocatactes
otu61	Zavattariornis stresemanni	stbcro1	Zavattariornis_stresemanni	894604	Zavattariornis stresemanni
otu60	Ptilostomus afer	piapia1	Ptilostomus_afer	662804	Ptilostomus afer
otu58	Podoces hendersoni	mogjay1	Podoces_hendersoni	1019681	Podoces hendersoni
otu59	Podoces biddulphi	xigjay1	Podoces_biddulphi	1019710	Podoces biddulphi
otu57	Garrulus glandarius	eurjay1	Garrulus_glandarius	140432	Garrulus glandarius
otu55	Garrulus lidthi	lidjay1	Garrulus_lidthi	140437	Garrulus lidthi
otu56	Garrulus lanceolatus	blhjay1	Garrulus_lanceolatus	75990	Garrulus lanceolatus
otu52	Pica hudsonia	bkbmag1	Pica_hudsonia	669569	Pica hudsonia
otu53	Pica nuttalli	yebmag	Pica_nuttalli	570503	Pica nuttalli
otu54	Pica pica	eurmag1	Pica_pica	776471	Pica pica
otu96	Cyanolyca argentigula	sitjay1	Cyanolyca_argentigula	526169	Cyanolyca argentigula
otu97	Cyanolyca pumilo	bltjay1	Cyanolyca_pumilo	526171	Cyanolyca pumilo
otu94	Cyanolyca mirabilis	whtjay1	Cyanolyca_mirabilis	937737	Cyanolyca mirabilis
otu95	Cyanolyca nanus	dwajay1	Cyanolyca_nana	526167	Cyanolyca nanus
otu92	Cyanolyca cucullata	azhjay1	Cyanolyca_cucullata	291082	Cyanolyca cucullata
otu93	Cyanolyca pulchra	beajay1	Cyanolyca_pulchra	526170	Cyanolyca pulchra
otu91	Cyanolyca armillata	blcjay2	Cyanolyca_armillata	4821	Cyanolyca armillata
otu89	Cyanolyca viridicyanus	whcjay2	Cyanolyca_viridicyanus	3598035	Cyanolyca viridicyanus
otu90	Cyanolyca turcosa	turjay1	Cyanolyca_turcosa	4820	Cyanolyca turcosa
otu73	Cyanocorax yncas	grnjay	Cyanocorax_yncas	937732	Cyanocorax yncas
otu72	Cyanocorax mystacalis	whtjay2	Cyanocorax_mystacalis	39825	Cyanocorax mystacalis
otu64	Cyanocorax cayanus	cayjay1	Cyanocorax_cayanus	851510	Cyanocorax cayanus
otu63	Cyanocorax cyanopogon	whnjay1	Cyanocorax_cyanopogon	740597	Cyanocorax cyanopogon
otu62	Cyanocorax chrysops	plcjay1	Cyanocorax_chrysops	906630	Cyanocorax chrysops
otu66	Cyanocorax affinis	blcjay1	Cyanocorax_affinis	804650	Cyanocorax affinis
otu65	Cyanocorax heilprini	aznjay1	Cyanocorax_heilprini	740600	Cyanocorax heilprini
otu67	Cyanocorax dickeyi	tufjay1	Cyanocorax_dickeyi	851515	Cyanocorax dickeyi
otu71	Cyanocorax melanocyaneus	bucjay1	Cyanocorax_melanocyaneus	937729	Cyanocorax melanocyaneus
otu70	Cyanocorax yucatanicus	yucjay1	Cyanocorax_yucatanicus	851507	Cyanocorax yucatanicus
otu69	Cyanocorax beecheii	pubjay1	Cyanocorax_beecheii	740587	Cyanocorax beecheii
otu68	Cyanocorax sanblasianus	sabjay	Cyanocorax_sanblasianus	740603	Cyanocorax sanblasianus
otu79	Calocitta colliei	btmjay	Calocitta_colliei	570419	Calocitta colliei
otu80	Calocitta formosa	wtmjay1	Calocitta_formosa	792691	Calocitta formosa
otu74	Cyanocorax cristatellus	cucjay1	Cyanocorax_cristatellus	740594	Cyanocorax cristatellus
otu75	Cyanocorax cyanomelas	purjay1	Cyanocorax_cyanomelas	60460	Cyanocorax cyanomelas
otu76	Cyanocorax violaceus	viojay1	Cyanocorax_violaceus	740606	Cyanocorax violaceus
otu77	Cyanocorax caeruleus	azujay1	Cyanocorax_caeruleus	740591	Cyanocorax caeruleus
otu78	Psilorhinus morio	brnjay	Cyanocorax_morio	130898	Cyanocorax morio
otu87	Cyanocitta stelleri	stejay	Cyanocitta_stelleri	130921	Cyanocitta stelleri
otu88	Cyanocitta cristata	blujay	Cyanocitta_cristata	30736	Cyanocitta cristata
otu86	Gymnorhinus cyanocephalus	pinjay	Gymnorhinus_cyanocephalus	979211	Gymnorhinus cyanocephalus
otu82	Aphelocoma californica	cowscj1	Aphelocoma_californica	641524	Aphelocoma californica
otu81	Aphelocoma insularis	issjay	Aphelocoma_insularis	440878	Aphelocoma insularis
otu83	Aphelocoma coerulescens	flsjay	Aphelocoma_coerulescens	175629	Aphelocoma coerulescens
otu85	Aphelocoma unicolor	unijay1	Aphelocoma_unicolor	1060692	Aphelocoma unicolor
otu84	Aphelocoma ultramarina	mexjay3	Aphelocoma_ultramarina	447984	Aphelocoma ultramarina
otu99	Perisoreus internigrans	sicjay1	Perisoreus_internigrans	320094	Perisoreus internigrans
otu98	Perisoreus infaustus	sibjay1	Perisoreus_infaustus	140438	Perisoreus infaustus
otu100	Perisoreus canadensis	gryjay	Perisoreus_canadensis	906628	Perisoreus canadensis
otu102	Cyanopica cyanus	azwmag2	Cyanopica_cyanus	636378	Cyanopica cyanus
otu101	Cyanopica cooki	azwmag3	Cyanopica_cooki	1060719	Cyanopica cooki
otu111	Dendrocitta vagabunda	ruftre2	Dendrocitta_vagabunda	197505	Dendrocitta vagabunda
otu110	Dendrocitta formosae	grytre1	Dendrocitta_formosae	320096	Dendrocitta formosae
otu109	Dendrocitta frontalis	coltre1	Dendrocitta_frontalis	197508	Dendrocitta frontalis
otu106	Temnurus temnurus	rattre2	Temnurus_temnurus	320088	Temnurus temnurus
otu107	Platysmurus leucopterus	blamag1	Platysmurus_leucopterus	320091	Platysmurus leucopterus
otu108	Crypsirina temia	rattre1	Crypsirina_temia	320099	Crypsirina temia
otu205	Myiagra azureocapilla	blcfly2	Myiagra_azureocapilla	3597967	Myiagra azureocapilla
otu204	Myiagra hebetior	dulfly1	Myiagra_hebetior	346149	Myiagra hebetior
otu202	Myiagra atra	biafly1	Myiagra_atra	3597975	Myiagra atra
otu203	Myiagra alecto	shifly1	Myiagra_alecto	931453	Myiagra alecto
otu201	Myiagra erythrops	palfly3	Myiagra_erythrops	3597973	Myiagra erythrops
otu197	Myiagra pluto	pohfly1	Myiagra_pluto	3597964	Myiagra pluto
otu196	Myiagra oceanica	ocefly1	Myiagra_oceanica	3597969	Myiagra oceanica
otu195	Myiagra cervinicauda	ochfly1	Myiagra_cervinicauda	3597974	Myiagra cervinicauda
otu192	Myiagra albiventris	samfly1	Myiagra_albiventris	3597966	Myiagra albiventris
otu193	Myiagra vanikorensis	vanfly1	Myiagra_vanikorensis	3597965	Myiagra vanikorensis
otu194	Myiagra caledonica	melfly1	Myiagra_caledonica	21000	Myiagra caledonica
otu187	Myiagra cyanoleuca	satfly1	Myiagra_cyanoleuca	542040	Myiagra cyanoleuca
otu188	Myiagra rubecula	leafly2	Myiagra_rubecula	346151	Myiagra rubecula
otu189	Myiagra ferrocyanea	stbfly1	Myiagra_ferrocyanea	346150	Myiagra ferrocyanea
otu190	Myiagra freycineti	guafly1	Myiagra_freycineti	3597971	Myiagra freycineti
otu191	Myiagra galeata	molfly1	Myiagra_galeata	3597972	Myiagra galeata
otu200	Myiagra ruficollis	brbfly1	Myiagra_ruficollis	3597970	Myiagra ruficollis
otu199	Myiagra inquieta	resfly1	Myiagra_inquieta	346152	Myiagra inquieta
otu198	Myiagra nana	papfly1	Myiagra_nana	3597968	Myiagra nana
otu206	Arses telescopthalmus	frimon1	Arses_telescopthalmus	931450	Arses telescopthalmus
otu207	Arses lorealis	frnmon1	Arses_lorealis	3597955	Arses lorealis
otu208	Arses kaupi	piemon1	Arses_kaupi	3597958	Arses kaupi
otu209	Arses insularis	rucmon1	Arses_insularis	3597957	Arses insularis
otu167	Carterornis pileatus	whnmon1	Carterornis_pileatus	4947766	Carterornis pileatus
otu168	Carterornis leucotis	whemon1	Carterornis_leucotis	405649	Carterornis leucotis
otu169	Carterornis chrysomela	golmon1	Carterornis_chrysomela	540007	Carterornis chrysomela
otu166	Monarcha takatsukasae	tinmon1	Monarcha_takatsukasae	981976	Monarcha takatsukasae
otu165	Monarcha godeffroyi	yapmon1	Monarcha_godeffroyi	4947755	Monarcha godeffroyi
otu162	Metabolus rugensis	trumon1	Metabolus_rugensis	355986	Metabolus rugensis
otu163	Pomarea dimidiata	rarmon1	Pomarea_dimidiata	608635	Pomarea dimidiata
otu164	Pomarea nigra	tahmon2	Pomarea_nigra	103137	Pomarea nigra
otu160	Monarcha frater	blwmon1	Monarcha_frater	355985	Monarcha frater
otu161	Monarcha melanopsis	blfmon1	Monarcha_melanopsis	5560456	Monarcha melanopsis
otu159	Monarcha cinerascens	islmon1	Monarcha_cinerascens	981965	Monarcha cinerascens
otu158	Monarcha castaneiventris	chbmon1	Monarcha_castaneiventris	355988	Monarcha castaneiventris
otu156	Monarcha richardsii	whcmon1	Monarcha_richardsii	921355	Monarcha richardsii
otu157	Monarcha erythrostictus	boumon1	Monarcha_erythrostictus	4947756	Monarcha erythrostictus
otu154	Chasiempis sandwichensis	elepai	Chasiempis_sandwichensis	893771	Chasiempis sandwichensis
otu150	Neolalage banksiana	bubmon1	Neolalage_banksiana	931452	Neolalage banksiana
otu149	Mayrornis schistaceus	vanmon1	Mayrornis_schistaceus	3597960	Mayrornis schistaceus
otu148	Mayrornis lessoni	slamon1	Mayrornis_lessoni	355980	Mayrornis lessoni
otu147	Clytorhynchus hamlini	renshr1	Clytorhynchus_hamlini	931460	Clytorhynchus hamlini
otu146	Clytorhynchus nigrogularis	bktshr1	Clytorhynchus_nigrogularis	3597963	Clytorhynchus nigrogularis
otu145	Clytorhynchus pachycephaloides	soushr2	Clytorhynchus_pachycephaloides	355982	Clytorhynchus pachycephaloides
otu144	Clytorhynchus vitiensis	fijshr1	Clytorhynchus_vitiensis	3597962	Clytorhynchus vitiensis
otu153	Pomarea iphis	iphmon2	Pomarea_iphis	1093908	Pomarea iphis
otu152	Pomarea whitneyi	fatmon1	Pomarea_whitneyi	103166	Pomarea whitneyi
otu151	Pomarea mendozae	marmon2	Pomarea_mendozae	103163	Pomarea mendozae
otu155	Mayrornis versicolor	ogemon1	Mayrornis_versicolor	3597959	Mayrornis versicolor
otu186	no_match	no_match	Symposiachrus_rubiensis	405648	Monarcha rubiensis
otu185	Symposiachrus axillaris	blamon1	Symposiachrus_axillaris	176459	Symposiachrus axillaris
otu183	Symposiachrus verticalis	bltmon1	Symposiachrus_verticalis	1009281	Symposiachrus verticalis
otu184	Symposiachrus manadensis	hoomon1	Symposiachrus_manadensis	981970	Monarcha manadensis
otu182	Symposiachrus everetti	whtmon2	Symposiachrus_everetti	4947768	Symposiachrus everetti
otu181	Symposiachrus trivirgatus	spemon1	Symposiachrus_trivirgatus	921356	Monarcha trivirgatus
otu171	Symposiachrus browni	kulmon1	Symposiachrus_browni	4947754	Symposiachrus browni
otu170	Symposiachrus vidua	whcmon2	Symposiachrus_vidua	4947757	Symposiachrus vidua
otu172	Symposiachrus barbatus	bawmon1	Symposiachrus_barbatus	395308	Symposiachrus barbatus
otu173	Symposiachrus loricatus	bltmon2	Symposiachrus_loricatus	4947762	Symposiachrus loricatus
otu174	Symposiachrus guttula	spwmon1	Symposiachrus_guttula	355983	Symposiachrus guttula
otu175	Symposiachrus infelix	manmon1	Symposiachrus_infelix	4947767	Symposiachrus infelix
otu176	Symposiachrus leucurus	whtmon1	Symposiachrus_leucurus	4947765	Symposiachrus leucurus
otu177	Symposiachrus mundus	blbmon2	Symposiachrus_mundus	981954	Symposiachrus mundus
otu180	Symposiachrus menckei	whbmon1	Symposiachrus_menckei	4947782	Symposiachrus menckei
otu178	Symposiachrus boanensis	blcmon1	Symposiachrus_boanensis	4947752	Symposiachrus boanensis
otu179	no_match	no_match	Symposiachrus_bimaculatus	4947778	Symposiachrus bimaculatus
otu211	Grallina bruijnii	torlar1	Grallina_bruijni	3597980	Grallina bruijnii
otu210	Grallina cyanoleuca	maglar1	Grallina_cyanoleuca	754846	Grallina cyanoleuca
otu229	Hypothymis helenae	shcmon1	Hypothymis_helenae	20996	Hypothymis helenae
otu228	Hypothymis coelestis	celmon1	Hypothymis_coelestis	131232	Hypothymis coelestis
otu227	Hypothymis puella	pabmon1	Hypothymis_puella	131264	Hypothymis puella
otu226	Hypothymis azurea	blnmon1	Hypothymis_azurea	593814	Hypothymis azurea
otu223	Terpsiphone paradisi	aspfly1	Terpsiphone_paradisi	72480	Terpsiphone paradisi
otu224	Terpsiphone atrocaudata	japfly1	Terpsiphone_atrocaudata	846276	Terpsiphone atrocaudata
otu225	Terpsiphone cyanescens	blpfly1	Terpsiphone_cyanescens	780370	Terpsiphone cyanescens
otu218	Terpsiphone atrochalybeia	stpfly1	Terpsiphone_atrochalybeia	283818	Terpsiphone atrochalybeia
otu217	Terpsiphone viridis	afpfly1	Terpsiphone_viridis	767075	Terpsiphone viridis
otu216	Terpsiphone rufocinerea	rvpfly1	Terpsiphone_rufocinerea	950262	Terpsiphone rufocinerea
otu215	Terpsiphone rufiventer	bhpfly1	Terpsiphone_rufiventer	675818	Terpsiphone rufiventer
otu214	Terpsiphone rufiventer smithii	bkhpaf2	Terpsiphone_smithii	585662	Terpsiphone smithii
otu213	Terpsiphone batesi	batpaf1	Terpsiphone_batesi	374078	Terpsiphone batesi
otu212	Terpsiphone bedfordi	bepfly1	Terpsiphone_bedfordi	950259	Terpsiphone bedfordi
otu219	Terpsiphone mutata	mapfly1	Terpsiphone_mutata	616161	Terpsiphone mutata
otu220	Terpsiphone corvina	sepfly1	Terpsiphone_corvina	255598	Terpsiphone corvina
otu221	Terpsiphone bourbonnensis	mapfly2	Terpsiphone_bourbonnensis	780374	Terpsiphone bourbonnensis
otu222	Terpsiphone cinnamomea	rupfly1	Terpsiphone_cinnamomea	1011708	Terpsiphone cinnamomea
otu230	Trochocercus cyanomelas	afcfly1	Trochocercus_cyanomelas	542038	Trochocercus cyanomelas
otu231	Trochocercus nitens	bhcfly1	Trochocercus_nitens	542034	Trochocercus nitens
otu232	Ifrita kowaldi	bucifr1	Ifrita_kowaldi	242575	Ifrita kowaldi
otu264	Parotia sefilata	wespar1	Parotia_sefilata	291933	Parotia sefilata
otu263	Parotia wahnesi	wahpar1	Parotia_wahnesi	291936	Parotia wahnesi
otu262	no_match	no_match	Parotia_helenae	291934	Parotia helenae
otu261	Parotia lawesii	lawpar1	Parotia_lawesii	762097	Parotia lawesii
otu265	Parotia carolae	carpar1	Parotia_carolae	291931	Parotia carolae
otu266	Pteridophora alberti	kospar1	Pteridophora_alberti	291938	Pteridophora alberti
otu257	Drepanornis albertisi	blbsic1	Drepanornis_albertisi	515147	Epimachus albertisi
otu258	Drepanornis bruijnii	pabsic1	Drepanornis_bruijnii	544649	Drepanornis bruijnii
otu260	Seleucidis melanoleucus	twwbop1	Seleucidis_melanoleucus	813729	Seleucidis melanoleucus
otu259	Semioptera wallacii	walsta2	Semioptera_wallacii	866756	Semioptera wallacii
otu253	Ptiloris victoriae	vicrif1	Ptiloris_victoriae	291940	Ptiloris victoriae
otu252	Ptiloris paradiseus	parrif1	Ptiloris_paradiseus	30732	Ptiloris paradiseus
otu254	Ptiloris magnificus	magrif3	Ptiloris_magnificus	635591	Ptiloris magnificus
otu256	Lophorina superba	grsbop1	Lophorina_superba	187883	Lophorina superba
otu255	Ptiloris intercedens	magrif2	Ptiloris_intercedens	291937	Ptiloris intercedens
otu235	Paradisaea minor	lbopar1	Paradisaea_minor	762101	Paradisaea minor
otu234	Paradisaea raggiana	rbopar1	Paradisaea_raggiana	499638	Paradisaea raggiana
otu233	Paradisaea apoda	gbopar2	Paradisaea_apoda	544658	Paradisaea apoda
otu236	Paradisaea decora	gbopar1	Paradisaea_decora	544657	Paradisaea decora
otu237	Paradisaea rubra	rbopar2	Paradisaea_rubra	762087	Paradisaea rubra
otu238	Paradisaea guilielmi	ebopar1	Paradisaea_guilielmi	291932	Paradisaea guilielmi
otu239	Paradisaea rudolphi	bbopar1	Paradisaea_rudolphi	499630	Paradisaea rudolphi
otu241	Cicinnurus respublica	wbopar1	Diphyllodes_respublica	28327	Diphyllodes respublica
otu240	Cicinnurus magnificus	mbopar2	Diphyllodes_magnificus	551810	Diphyllodes magnificus
otu242	Cicinnurus regius	kbopar1	Cicinnurus_regius	813780	Cicinnurus regius
otu250	Epimachus meyeri	brosic1	Epimachus_meyeri	499632	Epimachus meyeri
otu251	Epimachus fastosus	blasic1	Epimachus_fastuosus	551814	Epimachus fastuosus
otu244	Astrapia mayeri	ritast1	Astrapia_mayeri	143296	Astrapia mayeri
otu243	Astrapia stephaniae	prsast1	Astrapia_stephaniae	23691	Astrapia stephaniae
otu245	Astrapia rothschildi	huoast1	Astrapia_rothschildi	143309	Astrapia rothschildi
otu246	Astrapia splendidissima	splast1	Astrapia_splendidissima	23690	Astrapia splendidissima
otu247	Astrapia nigra	arfast1	Astrapia_nigra	23692	Astrapia nigra
otu249	Paradigalla carunculata	lotpar1	Paradigalla_carunculata	544655	Paradigalla carunculata
otu248	Paradigalla brevicauda	shtpar1	Paradigalla_brevicauda	544653	Paradigalla brevicauda
otu267	Manucodia chalybatus	crcman2	Manucodia_chalybatus	1015953	Manucodia chalybatus
otu268	Manucodia comrii	cucman1	Manucodia_comrii	499634	Manucodia comrii
otu269	Manucodia jobiensis	jobman1	Manucodia_jobiensis	544651	Manucodia jobiensis
otu270	Manucodia ater	glmman2	Manucodia_ater	489932	Manucodia ater
otu271	Phonygammus keraudrenii	truman1	Phonygammus_keraudrenii	551825	Phonygammus keraudrenii
otu272	Lycocorax pyrrhopterus	parcro1	Lycocorax_pyrrhopterus	544652	Lycocorax pyrrhopterus
otu273	Corcorax melanorhamphos	whwcho1	Corcorax_melanorhamphos	1058864	Corcorax melanorhamphos
otu274	Struthidea cinerea	apostl1	Struthidea_cinerea	520286	Struthidea cinerea
otu275	Melampitta gigantea	gremel1	Melampitta_gigantea	749725	Melampitta gigantea
otu276	Melampitta lugubris	lesmel1	Melampitta_lugubris	1015951	Melampitta lugubris
otu296	Rhipidura cockerelli	whwfan1	Rhipidura_cockerelli	346155	Rhipidura cockerelli
otu297	Rhipidura rufiventris	norfan1	Rhipidura_rufiventris	768649	Rhipidura rufiventris
otu298	Rhipidura fuscorufa	citfan1	Rhipidura_fuscorufa	695490	Rhipidura fuscorufa
otu299	Rhipidura perlata	spofan1	Rhipidura_perlata	631582	Rhipidura perlata
otu295	Rhipidura nigrocinnamomea	bacfan1	Rhipidura_nigrocinnamomea	121363	Rhipidura nigrocinnamomea
otu293	Rhipidura cyaniceps	blhfan1	Rhipidura_cyaniceps	542039	Rhipidura cyaniceps
otu294	Rhipidura superciliaris	blufan1	Rhipidura_superciliaris	121366	Rhipidura superciliaris
otu292	Rhipidura rufidorsa	rubfan1	Rhipidura_rufidorsa	768648	Rhipidura rufidorsa
otu291	Rhipidura brachyrhyncha	dimfan1	Rhipidura_brachyrhyncha	695491	Rhipidura brachyrhyncha
otu290	Rhipidura dahli	bisfan1	Rhipidura_dahli	871288	Rhipidura dahli
otu289	Rhipidura superflua	cibfan1	Rhipidura_superflua	3597848	Rhipidura superflua
otu288	Rhipidura teysmanni	rubfan2	Rhipidura_teysmanni	121359	Rhipidura teysmanni
otu287	Rhipidura dryas	arafan1	Rhipidura_dryas	695489	Rhipidura dryas
otu286	Rhipidura rufifrons	ruffan1	Rhipidura_rufifrons	26185	Rhipidura rufifrons
otu281	Rhipidura dedemi	stbfan1	Rhipidura_dedemi	3597834	Rhipidura dedemi
otu279	Rhipidura rennelliana	renfan1	Rhipidura_rennelliana	212288	Rhipidura rennelliana
otu280	Rhipidura albiscapa	gryfan1	Rhipidura_albiscapa	200834	Rhipidura albiscapa
otu277	Rhipidura phasiana	manfan1	Rhipidura_phasiana	121367	Rhipidura phasiana
otu278	Rhipidura fuliginosa	nezfan1	Rhipidura_fuliginosa	346153	Rhipidura fuliginosa
otu282	Rhipidura tenebrosa	dusfan1	Rhipidura_tenebrosa	121360	Rhipidura tenebrosa
otu283	Rhipidura verreauxi	strfan1	Rhipidura_verreauxi	121362	Rhipidura verreauxi
otu285	Rhipidura albolimbata	frifan1	Rhipidura_albolimbata	871310	Rhipidura albolimbata
otu284	Rhipidura hyperythra	chbfan1	Rhipidura_hyperythra	768645	Rhipidura hyperythra
otu300	Rhipidura atra	blafan1	Rhipidura_atra	871297	Rhipidura atra
otu301	Rhipidura aureola	whbfan2	Rhipidura_aureola	871302	Rhipidura aureola
otu302	Rhipidura albicollis	whtfan1	Rhipidura_albicollis	20989	Rhipidura albicollis
otu303	Rhipidura javanica	piefan1	Rhipidura_javanica	467529	Rhipidura javanica
otu304	Rhipidura leucophrys	wilwag1	Rhipidura_leucophrys	467517	Rhipidura leucophrys
otu307	Rhipidura diluta	brcfan1	Rhipidura_diluta	871289	Rhipidura diluta
otu306	Rhipidura leucothorax	wbtfan1	Rhipidura_leucothorax	121365	Rhipidura leucothorax
otu305	Rhipidura threnothorax	sotfan1	Rhipidura_threnothorax	768640	Rhipidura threnothorax
otu308	Chaetorhynchus papuensis	papdro1	Chaetorhynchus_papuensis	310386	Chaetorhynchus papuensis
otu309	Lamprolia victoriae	silkta2	Lamprolia_victoriae	80696	Lamprolia victoriae
otu323	Dicrurus hottentottus	hacdro1	Dicrurus_hottentottus	965227	Dicrurus hottentottus
otu322	Dicrurus balicassius	balica1	Dicrurus_balicassius	597011	Dicrurus balicassius
otu321	Dicrurus megarhynchus	ritdro1	Dicrurus_megarhynchus	597537	Dicrurus megarhynchus
otu320	Dicrurus bracteatus	spadro1	Dicrurus_bracteatus	524120	Dicrurus bracteatus
otu325	Dicrurus paradiseus	grtdro1	Dicrurus_paradiseus	72475	Dicrurus paradiseus
otu324	Dicrurus annectens	crbdro1	Dicrurus_annectans	550494	Dicrurus annectans
otu326	Dicrurus remifer	lrtdro1	Dicrurus_remifer	554101	Dicrurus remifer
otu318	Dicrurus ludwigii	cstdro1	Dicrurus_ludwigii	207205	Dicrurus ludwigii
otu319	Dicrurus atripennis	shidro1	Dicrurus_atripennis	489681	Dicrurus atripennis
otu315	Dicrurus macrocercus	bladro1	Dicrurus_macrocercus	943593	Dicrurus macrocercus
otu316	Dicrurus adsimilis	fotdro5	Dicrurus_adsimilis	263357	Dicrurus adsimilis
otu313	Dicrurus modestus	vemdro6	Dicrurus_modestus	753449	Dicrurus modestus
otu314	Dicrurus fuscipennis	comdro1	Dicrurus_fuscipennis	58860	Dicrurus fuscipennis
otu312	Dicrurus waldenii	maydro1	Dicrurus_waldenii	489691	Dicrurus waldenii
otu311	Dicrurus forficatus	credro1	Dicrurus_forficatus	489690	Dicrurus forficatus
otu310	Dicrurus aldabranus	alddro1	Dicrurus_aldabranus	489683	Dicrurus aldabranus
otu317	Dicrurus leucophaeus	ashdro1	Dicrurus_leucophaeus	597536	Dicrurus leucophaeus
otu327	Dicrurus aeneus	brodro1	Dicrurus_aeneus	554123	Dicrurus aeneus
otu328	Dicrurus caerulescens	whbdro1	Dicrurus_caerulescens	554149	Dicrurus caerulescens
otu511	Daphoenositta chrysoptera	varsit8	Daphoenositta_chrysoptera	439404	Daphoenositta chrysoptera
otu379	Lanioturdus torquatus	whtshr1	Lanioturdus_torquatus	400829	Lanioturdus torquatus
otu380	Batis erlangeri	bkhbat1	Batis_erlangeri	1031961	Batis erlangeri
otu378	Batis poensis	fepbat1	Batis_poensis	826467	Batis poensis
otu377	Batis minor	bkhbat2	Batis_minor	512192	Batis minor
otu376	Batis soror	palbat1	Batis_soror	1038741	Batis soror
otu375	Batis pririt	pribat1	Batis_pririt	1038740	Batis pririt
otu374	Platysteira tonsa	wsweye1	Dyaphorophyia_tonsa	436723	Dyaphorophyia tonsa
otu373	Platysteira castanea	chweye1	Dyaphorophyia_castanea	471073	Dyaphorophyia castanea
otu361	Platysteira laticincta	baweye1	Platysteira_laticincta	412589	Platysteira laticincta
otu362	Platysteira peltata	btweye1	Platysteira_peltata	989570	Platysteira peltata
otu364	Platysteira albifrons	wfweye1	Platysteira_albifrons	436721	Platysteira albifrons
otu363	Platysteira cyanea	btweye2	Platysteira_cyanea	21003	Platysteira cyanea
otu367	Platysteira concreta	ybweye1	Dyaphorophyia_concreta	989571	Dyaphorophyia concreta
otu366	Platysteira chalybea	bnweye1	Dyaphorophyia_chalybea	252028	Dyaphorophyia chalybea
otu365	Platysteira jamesoni	jaweye1	Dyaphorophyia_jamesoni	412583	Dyaphorophyia jamesoni
otu370	Batis diops	ruwbat1	Batis_diops	1038726	Batis diops
otu369	Batis mixta	shtbat1	Batis_mixta	310383	Batis mixta
otu368	Batis crypta	darbat1	Batis_crypta	772295	Batis crypta
otu371	Batis capensis	capbat1	Batis_capensis	1038728	Batis capensis
otu372	Batis molitor	chibat1	Batis_molitor	1038727	Batis molitor
otu359	Philentoma velata	mabphi2	Philentoma_velata	692855	Philentoma velata
otu360	Philentoma pyrhoptera	ruwphi2	Philentoma_pyrhoptera	692858	Philentoma pyrhoptera
otu358	Prionops retzii	rethel1	Prionops_retzii	724315	Prionops retzii
otu357	Prionops plumatus	whihel1	Prionops_plumatus	269023	Prionops plumatus
otu356	Prionops scopifrons	chfhel1	Prionops_scopifrons	724313	Prionops scopifrons
otu351	Hemipus picatus	bwfshr1	Hemipus_picatus	967492	Hemipus picatus
otu350	Hemipus hirundinaceus	bwfshr2	Hemipus_hirundinaceus	976169	Hemipus hirundinaceus
otu353	Tephrodornis virgatus	larwoo1	Tephrodornis_virgatus	692865	Tephrodornis virgatus
otu352	Tephrodornis pondicerianus	comwoo1	Tephrodornis_pondicerianus	961529	Tephrodornis pondicerianus
otu354	Bias musicus	bawfly1	Bias_musicus	826470	Bias musicus
otu355	Megabyas flammulatus	afrshf1	Megabyas_flammulatus	252044	Bias flammulatus
otu339	Cyanolanius madagascarinus	bluvan1	Cyanolanius_madagascarinus	666904	Cyanolanius madagascarinus
otu340	Mystacornis crossleyi	crobab1	Mystacornis_crossleyi	503738	Mystacornis crossleyi
otu338	Vanga curvirostris	hobvan1	Vanga_curvirostris	317262	Vanga curvirostris
otu337	Pseudobias wardi	warfly1	Pseudobias_wardi	1079364	Pseudobias wardi
otu333	Falculea palliata	sibvan1	Falculea_palliata	317248	Falculea palliata
otu334	Artamella viridis	whhvan1	Artamella_viridis	891678	Artamella viridis
otu332	Oriolia bernieri	bervan1	Oriolia_bernieri	666917	Oriolia bernieri
otu331	Xenopirostris polleni	polvan1	Xenopirostris_polleni	511247	Xenopirostris polleni
otu330	Xenopirostris xenopirostris	lafvan1	Xenopirostris_xenopirostris	976176	Xenopirostris xenopirostris
otu329	Xenopirostris damii	vadvan1	Xenopirostris_damii	891681	Xenopirostris damii
otu336	Euryceros prevostii	helvan1	Euryceros_prevostii	799934	Euryceros prevostii
otu335	Schetba rufa	rufvan1	Schetba_rufa	1015787	Schetba rufa
otu342	Hypositta corallirostris	nuthat2	Hypositta_corallirostris	317255	Hypositta corallirostris
otu341	Leptopterus chabert	chavan2	Leptopterus_chabert	613875	Leptopterus chabert
otu345	Tylas eduardi	tylvan1	Tylas_eduardi	891675	Tylas eduardi
otu344	Calicalicus rufocarpalis	resvan1	Calicalicus_rufocarpalis	511250	Calicalicus rufocarpalis
otu343	Calicalicus madagascariensis	retvan1	Calicalicus_madagascariensis	606459	Calicalicus madagascariensis
otu349	Newtonia archboldi	arcnew1	Newtonia_archboldi	1088167	Newtonia archboldi
otu348	Newtonia brunneicauda	comnew1	Newtonia_brunneicauda	613886	Newtonia brunneicauda
otu346	Newtonia fanovanae	retnew1	Newtonia_fanovanae	511253	Newtonia fanovanae
otu347	Newtonia amphichroa	darnew1	Newtonia_amphichroa	1088165	Newtonia amphichroa
otu407	Dryoscopus gambensis	norpuf1	Dryoscopus_gambensis	331949	Dryoscopus gambensis
otu408	Dryoscopus cubla	blbpuf2	Dryoscopus_cubla	965225	Dryoscopus cubla
otu404	Tchagra senegalus	bkctch1	Tchagra_senegalus	200973	Tchagra senegalus
otu405	Tchagra australis	brctch1	Tchagra_australis	1042803	Tchagra australis
otu406	Tchagra minutus	martch2	Bocagia_minuta	775144	Tchagra minuta
otu410	Malaconotus alius	ulubus1	Malaconotus_alius	45678	Malaconotus alius
otu409	Malaconotus blanchoti	gyhbus1	Malaconotus_blanchoti	252042	Malaconotus blanchoti
otu403	Nilaus afer	brubru1	Nilaus_afer	252048	Nilaus afer
otu400	Telophorus dohertyi	dohbus1	Chlorophoneus_dohertyi	319144	Telophorus dohertyi
otu401	Telophorus zeylonus	bokmak1	Telophorus_zeylonus	672867	Telophorus zeylonus
otu402	Rhodophoneus cruentus	ropbus1	Rhodophoneus_cruentus	1035476	Rhodophoneus cruentus
otu396	Laniarius atrococcineus	crbgon1	Laniarius_atrococcineus	515125	Laniarius atrococcineus
otu395	Laniarius poensis	mosbou1	Laniarius_poensis	515130	Laniarius poensis
otu394	Laniarius fuelleborni	fuebou1	Laniarius_fuelleborni	515126	Laniarius fuelleborni
otu393	Laniarius funebris	slcbou1	Laniarius_funebris	252034	Laniarius funebris
otu391	Laniarius mufumbiri	papgon1	Laniarius_mufumbiri	290201	Laniarius mufumbiri
otu390	Laniarius barbarus	comgon1	Laniarius_barbarus	617805	Laniarius barbarus
otu389	Laniarius erythrogaster	blhgon1	Laniarius_erythrogaster	515124	Laniarius erythrogaster
otu392	Laniarius atroflavus	yebbou1	Laniarius_atroflavus	290225	Laniarius atroflavus
otu385	Laniarius bicolor	gabbou1	Laniarius_bicolor	1041521	Laniarius bicolor
otu384	Laniarius turatii	turbou1	Laniarius_turatii	322289	Laniarius turatii
otu383	Laniarius ferrugineus	soubou1	Laniarius_ferrugineus	92681	Laniarius ferrugineus
otu382	Laniarius sublacteus	zanbou1	Laniarius_sublacteus	974525	Laniarius ferrugineus sublacteus
otu381	Laniarius aethiopicus	trobou2	Laniarius_aethiopicus	617802	Laniarius aethiopicus
otu386	Laniarius luehderi	luebus1	Laniarius_luehderi	617811	Laniarius luehderi
otu387	Laniarius ruficeps	renbus1	Laniarius_ruficeps	322286	Laniarius ruficeps
otu388	Laniarius nigerrimus	sombou1	Laniarius_erlangeri	617804	Laniarius erlangeri
otu399	Telophorus nigrifrons	blfbus1	Chlorophoneus_nigrifrons	302285	Telophorus nigrifrons
otu398	no_match	no_match	Chlorophoneus_bocagei	974522	Chlorophoneus bocagei
otu397	Telophorus sulfureopectus	subbus1	Chlorophoneus_sulfureopectus	419137	Telophorus sulfureopectus
otu411	Pityriasis gymnocephala	borbri1	Pityriasis_gymnocephala	639780	Pityriasis gymnocephala
otu412	Aegithina tiphia	comior1	Aegithina_tiphia	1054561	Aegithina tiphia
otu434	Machaerirhynchus flaviventer	yebboa1	Machaerirhynchus_flaviventer	630526	Machaerirhynchus flaviventer
otu433	Machaerirhynchus nigripectus	blbboa1	Machaerirhynchus_nigripectus	523967	Machaerirhynchus nigripectus
otu435	Rhagologus leucostigma	motwhi1	Rhagologus_leucostigma	226273	Rhagologus leucostigma
otu423	Strepera fuliginosa	blacur2	Strepera_fuliginosa	552272	Strepera fuliginosa
otu422	Strepera graculina	piecur1	Strepera_graculina	319139	Strepera graculina
otu421	Strepera versicolor	grycur1	Strepera_versicolor	71163	Strepera versicolor
otu419	Cracticus quoyi	blabut1	Cracticus_quoyi	439420	Cracticus quoyi
otu420	Gymnorhina tibicen	ausmag2	Gymnorhina_tibicen	464854	Gymnorhina tibicen
otu418	Cracticus nigrogularis	piebut1	Cracticus_nigrogularis	895518	Cracticus nigrogularis
otu417	Cracticus louisiadensis	tagbut1	Cracticus_louisiadensis	72037	Cracticus louisiadensis
otu416	Cracticus cassicus	hoobut1	Cracticus_cassicus	72042	Cracticus cassicus
otu415	Cracticus mentalis	blbbut1	Cracticus_mentalis	552274	Cracticus mentalis
otu413	Cracticus torquatus	grybut1	Cracticus_torquatus	31158	Cracticus torquatus
otu414	Cracticus argenteus	sibbut1	Cracticus_argenteus	72051	Cracticus argenteus
otu424	Peltops montanus	moupel1	Peltops_montanus	72045	Peltops montanus
otu425	Peltops blainvillii	lowpel1	Peltops_blainvillii	935195	Peltops blainvillii
otu426	Artamus leucorynchus	whbwoo4	Artamus_leucorynchus	1054555	Artamus leucorhynchus
otu427	Artamus maximus	grewoo1	Artamus_maximus	523976	Artamus maximus
otu428	Artamus minor	litwoo4	Artamus_minor	563267	Artamus minor
otu429	Artamus cinereus	blfwoo1	Artamus_cinereus	563266	Artamus cinereus
otu430	Artamus cyanopterus	duswoo1	Artamus_cyanopterus	310380	Artamus cyanopterus
otu432	Artamus superciliosus	whbwoo5	Artamus_superciliosus	563269	Artamus superciliosus
otu431	Artamus personatus	maswoo1	Artamus_personatus	563268	Artamus personatus
otu470	Campochaera sloetii	golcus1	Campochaera_sloetii	877146	Campochaera sloetii
otu466	Analisoma ostenta	whwcus1	Coracina_ostenta	309065	Coracina ostenta
otu465	Analisoma coerulescens	blacus1	Coracina_coerulescens	883543	Coracina coerulescens
otu467	Analisoma analis	neccus1	Coracina_analis	258829	Coracina analis
otu464	Edolisoma montanum	bkbcus2	Coracina_montana	309059	Coracina montana
otu462	Edolisoma mindanense	bkbcus1	Coracina_mindanensis	309061	Coracina mindanensis
otu461	Edolisoma dohertyi	sumcus1	Coracina_dohertyi	883544	Coracina dohertyi
otu463	Edolisoma dispar	kaicus1	Coracina_dispar	883558	Coracina dispar
otu455	Edolisoma morio	sulcus2	Coracina_morio	309060	Coracina morio
otu456	Edolisoma sula	sulcus1	Coracina_sula	883557	Coracina sula
otu454	Edolisoma tenuirostre	cicada1	Coracina_tenuirostris	921351	Coracina tenuirostris
otu453	no_match	no_match	Coracina_remota	366182	Coracina remota
otu457	Edolisoma incertum	papcus1	Coracina_incerta	309062	Coracina incerta
otu458	Edolisoma salomonis	cicada7	Coracina_salomonis	366230	Coracina salomonis
otu459	Edolisoma holopolium	soicus1	Coracina_holopolia	921354	Coracina holopolia
otu460	Edolisoma ceramense	pagcus1	Coracina_ceramensis	309063	Coracina ceramensis
otu468	Cyanograucalus azureus	blucus1	Coracina_azurea	883552	Coracina azurea
otu469	Celebesia abbotti	pygcus1	Coracina_abbotti	258830	Coracina abbotti
otu452	Malindangia mcgregori	mcgcus1	Coracina_mcgregori	309058	Coracina mcgregori
otu442	Lalage leucopygialis	whrtri1	Lalage_leucopygialis	352336	Lalage leucopygialis
otu443	Lalage nigra	pietri1	Lalage_nigra	961543	Lalage nigra
otu441	no_match	no_match	Coracina_typica	883545	Coracina typica
otu440	Lalage newtoni	reucus1	Coracina_newtoni	883546	Coracina newtoni
otu439	no_match	no_match	Coracina_melanoptera	524119	Coracina melanoptera
otu436	no_match	no_match	Coracina_fimbriata	445939	Coracina fimbriata
otu437	no_match	no_match	Coracina_polioptera	309064	Coracina polioptera
otu438	no_match	no_match	Coracina_melaschistos	174107	Coracina melaschistos
otu444	Lalage melanoleuca	bawtri1	Lalage_melanoleuca	1030770	Lalage melanoleuca
otu446	Lalage atrovirens	blbtri1	Lalage_atrovirens	976605	Lalage atrovirens
otu445	Lalage leucomela	vartri1	Lalage_leucomela	754854	Lalage leucomela
otu447	Lalage tricolor	whwtri1	Lalage_tricolor	408047	Lalage tricolor
otu448	Lalage sueurii	whwtri2	Lalage_sueurii	632503	Lalage sueurii
otu449	Lalage leucopyga	lottri1	Lalage_leucopyga	352337	Lalage leucopyga
otu450	Lalage maculosa	poltri1	Lalage_maculosa	842491	Lalage maculosa
otu451	Lalage sharpei	samtri1	Lalage_sharpei	634888	Lalage sharpei
otu471	Campephaga flava	blkcus1	Campephaga_flava	80432	Campephaga flava
otu472	Campephaga petiti	petcus1	Campephaga_petiti	877141	Campephaga petiti
otu473	Lobotos oriolinus	oricus1	Lobotos_oriolinus	634894	Lobotos oriolinus
otu495	Coracina cinerea	ashcus2	Coracina_cinerea	883548	Coracina cinerea
otu494	Coracina graueri	gracus1	Coracina_graueri	883547	Coracina graueri
otu493	Coracina caesia	grycus1	Coracina_caesia	883549	Coracina caesia
otu492	Coracina pectoralis	whbcus2	Coracina_pectoralis	258828	Coracina pectoralis
otu483	Coracina novaehollandiae	bkfcus1	Coracina_novaehollandiae	884904	Coracina novaehollandiae
otu482	Coracina papuensis	whbcus1	Coracina_papuensis	921348	Coracina papuensis
otu481	Coracina ingens	whbcus4	Coracina_ingens	366180	Coracina ingens
otu480	Coracina atriceps	molcus1	Coracina_atriceps	833377	Coracina atriceps
otu479	Coracina caledonica	melcus1	Coracina_caledonica	833378	Coracina caledonica
otu474	Coracina schistacea	slacus1	Coracina_schistacea	833376	Coracina schistacea
otu475	Coracina leucopygia	whrcus1	Coracina_leucopygia	258832	Coracina leucopygia
otu476	Coracina striata	babcus1	Coracina_striata	442047	Coracina striata
otu477	Coracina larvata	suncus1	Coracina_larvata	833374	Coracina larvata
otu478	Coracina macei	larcus1	Coracina_macei	833375	Coracina macei
otu484	Coracina welchmani	melcus3	Coracina_welchmani	877153	Coracina welchmani
otu485	Coracina boyeri	boycus1	Coracina_boyeri	258833	Coracina boyeri
otu486	Coracina lineata	yeecus1	Coracina_lineata	308773	Coracina lineata
otu488	Coracina maxima	grocus1	Coracina_maxima	833373	Coracina maxima
otu487	Coracina bicolor	piecus1	Coracina_bicolor	258834	Coracina bicolor
otu489	Coracina temminckii	cercus1	Coracina_temminckii	258837	Coracina temminckii
otu490	Coracina longicauda	hoocus1	Coracina_longicauda	258831	Coracina longicauda
otu491	Coracina caeruleogrisea	stbcus1	Coracina_caeruleogrisea	833379	Coracina caeruleogrisea
otu509	Pericrocotus albifrons	whbmin2	Pericrocotus_albifrons	3597991	Pericrocotus albifrons
otu510	Pericrocotus erythropygius	whbmin3	Pericrocotus_erythropygius	207808	Pericrocotus erythropygius
otu508	Pericrocotus cinnamomeus	smamin1	Pericrocotus_cinnamomeus	207807	Pericrocotus cinnamomeus
otu507	Pericrocotus igneus	fiemin1	Pericrocotus_igneus	139920	Pericrocotus igneus
otu496	Pericrocotus cantonensis	brrmin1	Pericrocotus_cantonensis	412522	Pericrocotus cantonensis
otu497	Pericrocotus roseus	rosmin1	Pericrocotus_roseus	781946	Pericrocotus roseus
otu498	Pericrocotus tegimae	ryumin1	Pericrocotus_tegimae	207803	Pericrocotus tegimae
otu499	Pericrocotus divaricatus	ashmin1	Pericrocotus_divaricatus	207806	Pericrocotus divaricatus
otu501	Pericrocotus speciosus	scamin1	Pericrocotus_speciosus	75981	Pericrocotus speciosus
otu500	Pericrocotus flammeus	scamin3	Pericrocotus_flammeus	139916	Pericrocotus flammeus
otu504	Pericrocotus brevirostris	shbmin2	Pericrocotus_brevirostris	207810	Pericrocotus brevirostris
otu503	Pericrocotus ethologus	lotmin1	Pericrocotus_ethologus	269014	Pericrocotus ethologus
otu502	Pericrocotus lansbergei	flomin1	Pericrocotus_lansbergei	207809	Pericrocotus lansbergei
otu505	Pericrocotus miniatus	sunmin1	Pericrocotus_miniatus	139917	Pericrocotus miniatus
otu506	Pericrocotus solaris	gycmin1	Pericrocotus_solaris	207811	Pericrocotus solaris
otu662	Paramythia montium	creber1	Paramythia_montium	1066395	Paramythia montium
otu663	Oreocharis arfaki	titber1	Oreocharis_arfaki	875031	Oreocharis arfaki
otu643	Tunchiornis ochraceiceps luteifrons	tacgre5	Hylophilus_ochraceiceps	669572	Hylophilus ochraceiceps
otu642	Vireo hypochryseus	golvir1	Vireo_hypochryseus	3598047	Vireo hypochryseus
otu626	Vireo vicinior	gryvir	Vireo_vicinior	48938	Vireo vicinior
otu627	Vireo huttoni	hutvir	Vireo_huttoni	119885	Vireo huttoni
otu625	Vireo flavifrons	yetvir	Vireo_flavifrons	289080	Vireo flavifrons
otu624	Vireo carmioli	yewvir1	Vireo_carmioli	454015	Vireo carmioli
otu623	Vireo solitarius	buhvir	Vireo_solitarius	48934	Vireo solitarius
otu621	Vireo cassinii	casvir	Vireo_cassinii	289074	Vireo cassinii
otu622	Vireo plumbeus	plsvir	Vireo_plumbeus	696279	Vireo plumbeus
otu620	Vireo osburni	blmvir1	Vireo_osburni	3598057	Vireo osburni
otu619	Vireo nanus	flbvir1	Vireo_nanus	27870	Vireo nanus
otu610	Vireo griseus	whevir	Vireo_griseus	621714	Vireo griseus
otu611	Vireo crassirostris	thbvir	Vireo_crassirostris	498776	Vireo crassirostris
otu612	Vireo pallens	manvir1	Vireo_pallens	3598046	Vireo pallens
otu613	Vireo bairdi	cozvir1	Vireo_bairdi	3598045	Vireo bairdi
otu614	Vireo modestus	jamvir1	Vireo_modestus	27872	Vireo modestus
otu618	Vireo latimeri	purvir1	Vireo_latimeri	583037	Vireo latimeri
otu615	Vireo atricapilla	bkcvir1	Vireo_atricapilla	392755	Vireo atricapilla
otu616	Vireo brevipennis	slavir1	Vireo_brevipennis	3598055	Vireo brevipennis
otu617	Vireo bellii	belvir	Vireo_bellii	48940	Vireo bellii
otu641	Pachysylvia decurtata	lesgre1	Hylophilus_decurtatus	227263	Hylophilus decurtatus
otu638	Pachysylvia muscicapina	bucgre1	Hylophilus_muscicapinus	227778	Hylophilus muscicapinus
otu637	Pachysylvia hypoxantha	ducgre1	Hylophilus_hypoxanthus	968228	Hylophilus hypoxanthus
otu639	Pachysylvia aurantiifrons	gofgre1	Hylophilus_aurantiifrons	3598061	Hylophilus aurantiifrons
otu640	Pachysylvia semibrunnea	rungre1	Hylophilus_semibrunneus	3598062	Hylophilus semibrunneus
otu636	Vireolanius melitophrys	cssvir1	Vireolanius_melitophrys	828068	Vireolanius melitophrys
otu631	Vireo magister	yucvir	Vireo_magister	3598053	Vireo magister
otu630	Vireo olivaceus	reevir1	Vireo_olivaceus	604019	Vireo olivaceus
otu629	Vireo altiloquus	bkwvir	Vireo_altiloquus	48944	Vireo altiloquus
otu628	Vireo flavoviridis	yegvir	Vireo_flavoviridis	293381	Vireo flavoviridis
otu635	no_match	no_match	Hylophilus_sclateri	227776	Hylophilus sclateri
otu634	Vireo philadelphicus	phivir	Vireo_philadelphicus	621708	Vireo philadelphicus
otu633	Vireo gilvus	warvir	Vireo_gilvus	621717	Vireo gilvus
otu632	Vireo leucophrys	brcvir1	Vireo_leucophrys	626303	Vireo leucophrys
otu646	Vireolanius pulchellus	grsvir1	Vireolanius_pulchellus	3598043	Vireolanius pulchellus
otu645	Vireolanius leucotis	scsvir1	Vireolanius_leucotis	674279	Vireolanius leucotis
otu644	Vireolanius eximius	ybsvir1	Vireolanius_eximius	3598042	Vireolanius eximius
otu650	Hylophilus semicinereus	gycgre1	Hylophilus_semicinereus	505669	Hylophilus semicinereus
otu651	Hylophilus flavipes	scrgre1	Hylophilus_flavipes	3598063	Hylophilus flavipes
otu652	Hylophilus brunneiceps	brhgre1	Hylophilus_brunneiceps	3598059	Hylophilus brunneiceps
otu649	Hylophilus thoracicus	lecgre2	Hylophilus_thoracicus	141913	Hylophilus thoracicus
otu647	Hylophilus pectoralis	ashgre1	Hylophilus_pectoralis	750155	Hylophilus pectoralis
otu648	Hylophilus olivaceus	oligre1	Hylophilus_olivaceus	3598060	Hylophilus olivaceus
otu653	Hylophilus poicilotis	rucgre1	Hylophilus_poicilotis	754852	Hylophilus poicilotis
otu655	Cyclarhis nigrirostris	blbpep1	Cyclarhis_nigrirostris	3598044	Cyclarhis nigrirostris
otu654	Cyclarhis gujanensis	rubpep1	Cyclarhis_gujanensis	621721	Cyclarhis gujanensis
otu656	Erpornis zantholeuca	whbyuh1	Erpornis_zantholeuca	602539	Erpornis zantholeuca
otu658	Pteruthius melanotis	besbab1	Pteruthius_melanotis	41271	Pteruthius melanotis
otu657	Pteruthius aenobarbus	cfsbab1	Pteruthius_aenobarbus	245036	Pteruthius aenobarbus
otu659	Pteruthius xanthochlorus	grsbab1	Pteruthius_xanthochlorus	31190	Pteruthius xanthochlorus
otu660	Pteruthius rufiventer	bhsbab1	Pteruthius_rufiventer	31188	Pteruthius rufiventer
otu661	Pteruthius flaviscapis	wbsbab2	Pteruthius_flaviscapis	245037	Pteruthius flaviscapis
otu664	Eulacestoma nigropectus	watplo1	Eulacestoma_nigropectus	663331	Eulacestoma nigropectus
otu606	Psophodes nigrogularis	weswhi1	Psophodes_nigrogularis	3597924	Psophodes nigrogularis
otu604	Psophodes olivaceus	easwhi1	Psophodes_olivaceus	242579	Psophodes olivaceus
otu605	Androphobus viridis	papwhi1	Androphobus_viridis	17162	Androphobus viridis
otu603	Psophodes occidentalis	chiwed1	Psophodes_occidentalis	3597922	Psophodes occidentalis
otu602	Psophodes cristatus	chiwed2	Psophodes_cristatus	3597923	Psophodes cristatus
otu607	Aleadryas rufinucha	runwhi1	Aleadryas_rufinucha	89244	Aleadryas rufinucha
otu608	Ornorectes cristatus	crepit1	Pitohui_cristatus	269011	Pitohui cristatus
otu609	Oreoica gutturalis	crebel1	Oreoica_gutturalis	540001	Oreoica gutturalis
otu601	Falcunculus frontatus	crstit1	Falcunculus_frontatus	965222	Falcunculus frontatus
otu598	Ptilorrhoa caerulescens	blujeb1	Ptilorrhoa_caerulescens	843511	Ptilorrhoa caerulescens
otu599	Ptilorrhoa castanonota	cbjbab1	Ptilorrhoa_castanonota	665635	Ptilorrhoa castanonota
otu600	Ptilorrhoa leucosticta	spjbab1	Ptilorrhoa_leucosticta	665634	Ptilorrhoa leucosticta
otu593	Cinclosoma punctatum	spqthr1	Cinclosoma_punctatum	1061823	Cinclosoma punctatum
otu594	Cinclosoma castanotum	chequt1	Cinclosoma_castanotum	879898	Cinclosoma castanotum
otu596	Cinclosoma castaneothorax	cbqthr1	Cinclosoma_castaneothorax	294608	Cinclosoma castaneothorax
otu595	Cinclosoma cinnamomeum	ciqthr1	Cinclosoma_cinnamomeum	294601	Cinclosoma cinnamomeum
otu597	Cinclosoma ajax	paqthr1	Cinclosoma_ajax	879895	Cinclosoma ajax
otu551	Melanorectes nigrescens	blapit1	Pitohui_nigrescens	663338	Pitohui nigrescens
otu548	Pachycephala olivacea	oliwhi1	Pachycephala_olivacea	193910	Pachycephala olivacea
otu547	Pachycephala inornata	gilwhi1	Pachycephala_inornata	193897	Pachycephala inornata
otu546	Pachycephala nudigula	batwhi1	Pachycephala_nudigula	849630	Pachycephala nudigula
otu533	Pachycephala mentalis	bkcwhi1	Pachycephala_mentalis	4947738	Pachycephala mentalis
otu534	Pachycephala macrorhyncha	yetwhi1	Pachycephala_macrorhyncha	357408	Pachycephala macrorhyncha
otu532	Pachycephala pectoralis	golwhi1	Pachycephala_pectoralis	896904	Pachycephala pectoralis
otu530	Pachycephala aurea	gobwhi1	Pachycephala_aurea	4947735	Pachycephala aurea
otu531	Pachycephala melanura	bltwhi1	Pachycephala_melanura	346148	Pachycephala melanura
otu535	Pachycephala orioloides	oriwhi1	Pachycephala_orioloides	1045804	Pachycephala orioloides
otu539	Pachycephala vitiensis	fijwhi2	Pachycephala_vitiensis	249318	Pachycephala vitiensis
otu538	Pachycephala flavifrons	samwhi1	Pachycephala_flavifrons	4947727	Pachycephala flavifrons
otu537	Pachycephala jacquinoti	tonwhi1	Pachycephala_jacquinoti	4947725	Pachycephala jacquinoti
otu536	no_match	no_match	Pachycephala_graeffii	4947731	Pachycephala graeffii
otu540	Pachycephala citreogaster	biswhi1	Pachycephala_citreogaster	714875	Pachycephala citreogaster
otu516	Pachycephala philippinensis	yebwhi1	Pachycephala_philippinensis	1001535	Pachycephala philippinensis
otu515	Pachycephala sulfuriventer	subwhi1	Pachycephala_sulfuriventer	1001526	Pachycephala sulfuriventer
otu512	Pachycephala cinerea	manwhi1	Pachycephala_cinerea	193896	Pachycephala cinerea
otu513	Pachycephala albiventris	grbwhi1	Pachycephala_albiventris	717315	Pachycephala albiventris
otu514	Pachycephala hypoxantha	borwhi1	Pachycephala_hypoxantha	717312	Pachycephala hypoxantha
otu520	Colluricincla tenebrosa	soosht1	Colluricincla_tenebrosa	663342	Pitohui tenebrosus
otu519	Pachycephala meyeri	vogwhi1	Pachycephala_meyeri	4947741	Pachycephala meyeri
otu518	Pachycephala lorentzi	lorwhi1	Pachycephala_lorentzi	849598	Pachycephala lorentzi
otu517	Pachycephala modesta	brbwhi1	Pachycephala_modesta	717311	Pachycephala modesta
otu527	Pachycephala phaionota	islwhi2	Pachycephala_phaionota	717316	Pachycephala phaionota
otu526	Pachycephala hyperythra	ruswhi1	Pachycephala_hyperythra	717317	Pachycephala hyperythra
otu528	Pachycephala simplex	grywhi2	Pachycephala_simplex	534614	Pachycephala simplex
otu525	Pachycephala orpheus	fabwhi1	Pachycephala_orpheus	4947734	Pachycephala orpheus
otu524	Pachycephala arctitorquis	walwhi1	Pachycephala_arctitorquis	665637	Pachycephala arctitorquis
otu521	Pachycephala rufiventris	rufwhi1	Pachycephala_rufiventris	346147	Pachycephala rufiventris
otu522	Pachycephala lanioides	whbwhi2	Pachycephala_lanioides	665636	Pachycephala lanioides
otu523	Pachycephala griseonota	drawhi1	Pachycephala_griseonota	143158	Pachycephala griseonota
otu529	Pachycephala fulvotincta	rubwhi1	Pachycephala_fulvotincta	4947737	Pachycephala fulvotincta
otu541	Pachycephala homeyeri	whvwhi1	Pachycephala_homeyeri	4947730	Pachycephala homeyeri
otu542	Pachycephala implicata	guhwhi1	Pachycephala_implicata	4947729	Pachycephala implicata
otu543	Pachycephala caledonica	necwhi3	Pachycephala_caledonica	143148	Pachycephala caledonica
otu544	Pachycephala soror	sclwhi1	Pachycephala_soror	95987	Pachycephala soror
otu545	Pachycephala schlegelii	regwhi1	Pachycephala_schlegelii	95994	Pachycephala schlegelii
otu550	Coracornis raveni	mabwhi1	Coracornis_raveni	352341	Coracornis raveni
otu549	Coracornis sanghirensis	sansht1	Colluricincla_sanghirensis	101677	Coracornis sanghirensis
otu557	Pseudorectes ferrugineus	ruspit1	Pitohui_ferrugineus	89237	Pitohui ferrugineus
otu556	Pseudorectes incertus	whbpit1	Pitohui_incertus	527030	Pitohui incertus
otu552	Colluricincla boweri	bowsht1	Colluricincla_boweri	675870	Colluricincla boweri
otu553	Colluricincla harmonica	grysht1	Colluricincla_harmonica	310388	Colluricincla harmonica
otu554	Colluricincla woodwardi	sansht2	Colluricincla_woodwardi	715129	Colluricincla woodwardi
otu555	Colluricincla megarhyncha	rufsht1	Colluricincla_megarhyncha	749724	Colluricincla megarhyncha
otu579	Oriolus melanotis	timori1	Oriolus_melanotis	144737	Oriolus melanotis
otu580	Oriolus flavocinctus	greori1	Oriolus_flavocinctus	55849	Oriolus flavocinctus
otu581	Oriolus szalayi	broori1	Oriolus_szalayi	667442	Oriolus szalayi
otu582	Oriolus decipiens	burori3	Oriolus_decipiens	3598023	Oriolus decipiens
otu584	Oriolus bouroensis	burori2	Oriolus_bouroensis	63086	Oriolus bouroensis
otu583	Oriolus forsteni	serori1	Oriolus_forsteni	636488	Oriolus forsteni
otu585	Oriolus phaeochromus	halori1	Oriolus_phaeochromus	667452	Oriolus phaeochromus
otu586	Oriolus sagittatus	olbori1	Oriolus_sagittatus	293726	Oriolus sagittatus
otu577	Oriolus steerii	phiori1	Oriolus_steerii	667444	Oriolus steerii
otu576	Oriolus isabellae	isaori1	Oriolus_isabellae	114668	Oriolus isabellae
otu575	Oriolus albiloris	whlori1	Oriolus_albiloris	63088	Oriolus albiloris
otu578	Oriolus xanthonotus	datori1	Oriolus_xanthonotus	353511	Oriolus xanthonotus
otu571	Oriolus cruentus	bacori1	Oriolus_cruentus	639778	Oriolus cruentus
otu572	Oriolus hosii	blaori1	Oriolus_hosii	636490	Oriolus hosii
otu574	Oriolus traillii	marori2	Oriolus_traillii	667447	Oriolus traillii
otu573	Oriolus mellianus	silori1	Oriolus_mellianus	144735	Oriolus mellianus
otu570	Oriolus xanthornus	blhori1	Oriolus_xanthornus	583087	Oriolus xanthornus
otu569	Oriolus chlorocephalus	grhori1	Oriolus_chlorocephalus	636499	Oriolus chlorocephalus
otu568	Oriolus brachyrynchus	wbhori1	Oriolus_brachyrhynchus	675806	Oriolus brachyrhynchus
otu567	Oriolus crassirostris	satori1	Oriolus_crassirostris	3598022	Oriolus crassirostris
otu564	Oriolus monacha	dahori1	Oriolus_monacha	144733	Oriolus monacha
otu563	Oriolus larvatus	abhori1	Oriolus_larvatus	433927	Oriolus larvatus
otu566	Oriolus nigripennis	blwori1	Oriolus_nigripennis	667450	Oriolus nigripennis
otu565	Oriolus percivali	bltori1	Oriolus_percivali	667454	Oriolus percivali
otu558	Oriolus oriolus	eugori2	Oriolus_oriolus	299687	Oriolus oriolus
otu559	Oriolus tenuirostris	slbori1	Oriolus_tenuirostris	197499	Oriolus tenuirostris
otu560	Oriolus kundoo	ingori1	Oriolus_kundoo	114674	Oriolus kundoo
otu561	Oriolus chinensis	blnori1	Oriolus_chinensis	1098618	Oriolus chinensis
otu562	Oriolus auratus	afgori2	Oriolus_auratus	1013348	Oriolus auratus
otu587	not_a_bird	not_a_bird	Sphecotheres_viridis	None	None
otu588	Sphecotheres hypoleucus	wetfig1	Sphecotheres_hypoleucus	4947724	Sphecotheres hypoleucus
otu589	Sphecotheres vieilloti	ausfig1	Sphecotheres_vieilloti	319134	Sphecotheres vieilloti
otu590	Turnagra capensis	soipio1	Turnagra_capensis	896899	Turnagra capensis
otu591	Pitohui dichrous	hoopit1	Pitohui_dichrous	749722	Pitohui dichrous
otu592	Pitohui kirhocephalus	varpit2	Pitohui_kirhocephalus	95988	Pitohui kirhocephalus
otu667	Mohoua novaeseelandiae	pipipi1	Finschia_novaeseelandiae	4947751	Finschia novaeseelandiae
otu665	Mohoua ochrocephala	yellow3	Mohoua_ochrocephala	452017	Mohoua ochrocephala
otu666	Mohoua albicilla	whiteh1	Mohoua_albicilla	409116	Mohoua albicilla
otu668	no_match	no_match	Melanocharis	176451	Melanocharis
otu677	no_match	no_match	Climacteris	531218	Climacteris
otu678	no_match	no_match	Menura	73933	Menura
otu679	no_match	no_match	Pitta	44875	Pitta
